Performance_ID,Employee_ID,Performance_Month,Sales_Target,Training_Hours,Attendance_Percent,Performance_Rating
PERF_000001,EMP_0001,2025-09-01,274000,5.5,91.2,Excellent
PERF_000002,EMP_0001,2025-10-01,216000,3.0,99.2,Good
PERF_000003,EMP_0001,2025-11-01,494000,6.4,95.5,Excellent
PERF_000004,EMP_0001,2025-12-01,445000,6.0,94.2,Good
PERF_000005,EMP_0001,2026-01-01,334000,6.3,94.6,Good
PERF_000006,EMP_0001,2026-02-01,390000,5.0,95.0,Good
PERF_000007,EMP_0001,2026-03-01,443000,14.9,84.2,Average
PERF_000008,EMP_0001,2026-04-01,471000,3.6,97.2,Good
PERF_000009,EMP_0001,2026-05-01,430000,16.2,93.4,Excellent
PERF_000010,EMP_0001,2026-06-01,210000,4.9,97.1,Good
PERF_000011,EMP_0001,2026-07-01,404000,16.9,91.6,Good
PERF_000012,EMP_0001,2026-08-01,301000,11.2,90.5,Good
PERF_000013,EMP_0002,2025-09-01,593000,3.4,93.6,Needs Improvement
PERF_000014,EMP_0002,2025-10-01,457000,2.4,96.9,Excellent
PERF_000015,EMP_0002,2025-11-01,510000,16.6,93.3,Excellent
PERF_000016,EMP_0002,2025-12-01,210000,2.3,92.2,Excellent
PERF_000017,EMP_0002,2026-01-01,393000,2.0,95.0,Good
PERF_000018,EMP_0002,2026-02-01,268000,15.6,94.1,Good
PERF_000019,EMP_0002,2026-03-01,329000,14.9,98.5,Excellent
PERF_000020,EMP_0002,2026-04-01,517000,13.6,96.2,Excellent
PERF_000021,EMP_0002,2026-05-01,518000,8.1,92.0,Good
PERF_000022,EMP_0002,2026-06-01,277000,12.3,92.8,Average
PERF_000023,EMP_0002,2026-07-01,358000,9.9,95.3,Average
PERF_000024,EMP_0002,2026-08-01,306000,15.6,94.3,Good
PERF_000025,EMP_0003,2025-09-01,501000,10.2,92.9,Good
PERF_000026,EMP_0003,2025-10-01,460000,9.3,90.2,Good
PERF_000027,EMP_0003,2025-11-01,536000,8.5,93.1,Excellent
PERF_000028,EMP_0003,2025-12-01,341000,5.6,93.8,Good
PERF_000029,EMP_0003,2026-01-01,210000,9.2,94.0,Good
PERF_000030,EMP_0003,2026-02-01,487000,9.5,95.9,Good
PERF_000031,EMP_0003,2026-03-01,583000,14.5,94.1,Average
PERF_000032,EMP_0003,2026-04-01,441000,5.1,97.9,Average
PERF_000033,EMP_0003,2026-05-01,459000,2.1,97.4,Good
PERF_000034,EMP_0003,2026-06-01,376000,13.7,95.2,Good
PERF_000035,EMP_0003,2026-07-01,433000,15.9,96.8,Good
PERF_000036,EMP_0003,2026-08-01,474000,5.1,92.0,Good
PERF_000037,EMP_0004,2025-09-01,426000,11.3,96.6,Good
PERF_000038,EMP_0004,2025-10-01,210000,14.7,92.4,Good
PERF_000039,EMP_0004,2025-11-01,305000,8.2,99.3,Good
PERF_000040,EMP_0004,2025-12-01,367000,15.7,96.0,Average
PERF_000041,EMP_0004,2026-01-01,596000,4.3,95.9,Good
PERF_000042,EMP_0004,2026-02-01,481000,6.0,83.3,Average
PERF_000043,EMP_0004,2026-03-01,242000,5.6,97.6,Excellent
PERF_000044,EMP_0004,2026-04-01,274000,17.1,98.8,Good
PERF_000045,EMP_0004,2026-05-01,558000,9.4,88.9,Good
PERF_000046,EMP_0004,2026-06-01,585000,14.8,97.6,Good
PERF_000047,EMP_0004,2026-07-01,261000,10.4,91.1,Excellent
PERF_000048,EMP_0004,2026-08-01,537000,11.7,100.0,Good
PERF_000049,EMP_0005,2025-09-01,226000,8.6,84.6,Good
PERF_000050,EMP_0005,2025-10-01,563000,11.9,97.9,Good
PERF_000051,EMP_0005,2025-11-01,569000,7.7,83.0,Good
PERF_000052,EMP_0005,2025-12-01,591000,11.6,99.4,Excellent
PERF_000053,EMP_0005,2026-01-01,368000,3.2,95.1,Average
PERF_000054,EMP_0005,2026-02-01,404000,8.5,89.7,Good
PERF_000055,EMP_0005,2026-03-01,499000,4.6,90.0,Average
PERF_000056,EMP_0005,2026-04-01,455000,8.5,98.4,Average
PERF_000057,EMP_0005,2026-05-01,289000,16.8,95.7,Good
PERF_000058,EMP_0005,2026-06-01,301000,7.6,100.0,Excellent
PERF_000059,EMP_0005,2026-07-01,593000,17.9,93.0,Good
PERF_000060,EMP_0005,2026-08-01,575000,11.5,90.6,Good
PERF_000061,EMP_0006,2025-09-01,294000,7.2,88.5,Good
PERF_000062,EMP_0006,2025-10-01,448000,11.2,96.5,Excellent
PERF_000063,EMP_0006,2025-11-01,345000,9.5,96.0,Needs Improvement
PERF_000064,EMP_0006,2025-12-01,471000,11.5,93.3,Good
PERF_000065,EMP_0006,2026-01-01,410000,4.5,92.0,Good
PERF_000066,EMP_0006,2026-02-01,279000,15.7,90.0,Good
PERF_000067,EMP_0006,2026-03-01,501000,13.0,90.1,Good
PERF_000068,EMP_0006,2026-04-01,280000,17.6,89.8,Good
PERF_000069,EMP_0006,2026-05-01,548000,2.1,89.8,Average
PERF_000070,EMP_0006,2026-06-01,231000,11.1,85.3,Good
PERF_000071,EMP_0006,2026-07-01,345000,2.0,90.3,Average
PERF_000072,EMP_0006,2026-08-01,251000,14.0,88.0,Good
PERF_000073,EMP_0007,2025-09-01,523000,13.6,90.3,Average
PERF_000074,EMP_0007,2025-10-01,364000,7.2,96.9,Good
PERF_000075,EMP_0007,2025-11-01,311000,13.8,91.6,Average
PERF_000076,EMP_0007,2025-12-01,361000,4.7,92.0,Needs Improvement
PERF_000077,EMP_0007,2026-01-01,229000,16.8,92.8,Excellent
PERF_000078,EMP_0007,2026-02-01,309000,11.2,92.9,Average
PERF_000079,EMP_0007,2026-03-01,245000,17.6,91.1,Needs Improvement
PERF_000080,EMP_0007,2026-04-01,364000,3.5,94.7,Average
PERF_000081,EMP_0007,2026-05-01,503000,10.6,96.0,Good
PERF_000082,EMP_0007,2026-06-01,285000,10.9,91.7,Good
PERF_000083,EMP_0007,2026-07-01,382000,4.2,91.7,Excellent
PERF_000084,EMP_0007,2026-08-01,514000,6.4,100.0,Good
PERF_000085,EMP_0008,2025-09-01,565000,11.9,100.0,Average
PERF_000086,EMP_0008,2025-10-01,302000,15.1,93.2,Good
PERF_000087,EMP_0008,2025-11-01,366000,15.2,99.3,Average
PERF_000088,EMP_0008,2025-12-01,407000,13.0,94.0,Average
PERF_000089,EMP_0008,2026-01-01,307000,12.4,89.0,Average
PERF_000090,EMP_0008,2026-02-01,309000,9.6,95.9,Good
PERF_000091,EMP_0008,2026-03-01,310000,12.4,92.4,Good
PERF_000092,EMP_0008,2026-04-01,590000,16.8,98.7,Good
PERF_000093,EMP_0008,2026-05-01,547000,3.6,83.0,Good
PERF_000094,EMP_0008,2026-06-01,519000,13.8,99.9,Excellent
PERF_000095,EMP_0008,2026-07-01,417000,14.3,92.5,Good
PERF_000096,EMP_0008,2026-08-01,373000,15.1,93.3,Good
PERF_000097,EMP_0009,2025-09-01,324000,6.9,91.6,Excellent
PERF_000098,EMP_0009,2025-10-01,514000,10.1,86.5,Good
PERF_000099,EMP_0009,2025-11-01,402000,4.9,98.8,Good
PERF_000100,EMP_0009,2025-12-01,363000,14.8,92.2,Good
PERF_000101,EMP_0009,2026-01-01,599000,17.5,97.2,Good
PERF_000102,EMP_0009,2026-02-01,512000,3.1,88.7,Excellent
PERF_000103,EMP_0009,2026-03-01,349000,3.9,96.1,Good
PERF_000104,EMP_0009,2026-04-01,522000,11.7,91.6,Good
PERF_000105,EMP_0009,2026-05-01,207000,2.6,87.7,Needs Improvement
PERF_000106,EMP_0009,2026-06-01,510000,8.9,100.0,Excellent
PERF_000107,EMP_0009,2026-07-01,324000,13.4,86.6,Excellent
PERF_000108,EMP_0009,2026-08-01,521000,15.2,92.1,Average
PERF_000109,EMP_0010,2025-09-01,368000,4.8,94.2,Excellent
PERF_000110,EMP_0010,2025-10-01,267000,7.9,91.4,Excellent
PERF_000111,EMP_0010,2025-11-01,569000,13.4,92.7,Excellent
PERF_000112,EMP_0010,2025-12-01,570000,11.6,93.3,Good
PERF_000113,EMP_0010,2026-01-01,228000,2.7,96.3,Needs Improvement
PERF_000114,EMP_0010,2026-02-01,385000,4.4,91.5,Excellent
PERF_000115,EMP_0010,2026-03-01,585000,9.0,97.2,Good
PERF_000116,EMP_0010,2026-04-01,436000,5.8,91.0,Good
PERF_000117,EMP_0010,2026-05-01,586000,3.2,92.7,Good
PERF_000118,EMP_0010,2026-06-01,318000,13.5,90.9,Good
PERF_000119,EMP_0010,2026-07-01,374000,12.7,95.2,Average
PERF_000120,EMP_0010,2026-08-01,306000,17.5,96.7,Good
PERF_000121,EMP_0011,2025-09-01,514000,7.6,92.6,Good
PERF_000122,EMP_0011,2025-10-01,299000,3.0,86.3,Excellent
PERF_000123,EMP_0011,2025-11-01,237000,8.3,97.2,Good
PERF_000124,EMP_0011,2025-12-01,536000,10.8,91.2,Good
PERF_000125,EMP_0011,2026-01-01,512000,4.9,91.6,Average
PERF_000126,EMP_0011,2026-02-01,501000,14.2,93.5,Excellent
PERF_000127,EMP_0011,2026-03-01,439000,12.5,93.6,Good
PERF_000128,EMP_0011,2026-04-01,432000,13.6,88.6,Excellent
PERF_000129,EMP_0011,2026-05-01,333000,11.2,98.9,Good
PERF_000130,EMP_0011,2026-06-01,419000,8.6,93.2,Good
PERF_000131,EMP_0011,2026-07-01,358000,6.5,90.1,Excellent
PERF_000132,EMP_0011,2026-08-01,569000,3.1,95.0,Good
PERF_000133,EMP_0012,2025-09-01,256000,13.4,96.9,Excellent
PERF_000134,EMP_0012,2025-10-01,225000,2.3,91.3,Average
PERF_000135,EMP_0012,2025-11-01,516000,16.1,97.4,Excellent
PERF_000136,EMP_0012,2025-12-01,507000,3.9,94.9,Good
PERF_000137,EMP_0012,2026-01-01,321000,12.9,88.7,Good
PERF_000138,EMP_0012,2026-02-01,554000,17.6,93.0,Good
PERF_000139,EMP_0012,2026-03-01,553000,13.8,91.7,Average
PERF_000140,EMP_0012,2026-04-01,322000,14.3,99.4,Good
PERF_000141,EMP_0012,2026-05-01,522000,16.9,82.5,Excellent
PERF_000142,EMP_0012,2026-06-01,346000,17.7,92.6,Good
PERF_000143,EMP_0012,2026-07-01,560000,12.8,84.5,Good
PERF_000144,EMP_0012,2026-08-01,495000,2.6,87.7,Good
PERF_000145,EMP_0013,2025-09-01,226000,15.9,94.7,Average
PERF_000146,EMP_0013,2025-10-01,394000,16.5,88.4,Excellent
PERF_000147,EMP_0013,2025-11-01,231000,15.9,96.1,Good
PERF_000148,EMP_0013,2025-12-01,343000,12.9,96.3,Good
PERF_000149,EMP_0013,2026-01-01,219000,15.9,100.0,Excellent
PERF_000150,EMP_0013,2026-02-01,595000,11.3,95.7,Good
PERF_000151,EMP_0013,2026-03-01,494000,5.3,88.9,Good
PERF_000152,EMP_0013,2026-04-01,447000,6.7,96.8,Average
PERF_000153,EMP_0013,2026-05-01,275000,11.5,91.9,Good
PERF_000154,EMP_0013,2026-06-01,234000,7.0,100.0,Good
PERF_000155,EMP_0013,2026-07-01,413000,17.0,87.2,Good
PERF_000156,EMP_0013,2026-08-01,529000,6.0,90.9,Good
PERF_000157,EMP_0014,2025-09-01,417000,3.0,92.5,Average
PERF_000158,EMP_0014,2025-10-01,540000,14.9,95.3,Good
PERF_000159,EMP_0014,2025-11-01,345000,13.7,90.1,Good
PERF_000160,EMP_0014,2025-12-01,527000,4.2,94.8,Good
PERF_000161,EMP_0014,2026-01-01,471000,5.0,92.5,Good
PERF_000162,EMP_0014,2026-02-01,368000,16.6,93.3,Good
PERF_000163,EMP_0014,2026-03-01,227000,17.8,96.4,Good
PERF_000164,EMP_0014,2026-04-01,249000,13.1,95.3,Excellent
PERF_000165,EMP_0014,2026-05-01,434000,9.5,95.8,Excellent
PERF_000166,EMP_0014,2026-06-01,540000,8.6,94.3,Good
PERF_000167,EMP_0014,2026-07-01,589000,4.8,91.8,Good
PERF_000168,EMP_0014,2026-08-01,306000,6.2,93.5,Good
PERF_000169,EMP_0015,2025-09-01,502000,14.5,92.1,Good
PERF_000170,EMP_0015,2025-10-01,270000,5.3,97.0,Average
PERF_000171,EMP_0015,2025-11-01,523000,12.7,87.3,Good
PERF_000172,EMP_0015,2025-12-01,583000,11.9,94.7,Good
PERF_000173,EMP_0015,2026-01-01,449000,15.3,94.9,Good
PERF_000174,EMP_0015,2026-02-01,594000,8.2,89.3,Good
PERF_000175,EMP_0015,2026-03-01,526000,3.3,89.5,Excellent
PERF_000176,EMP_0015,2026-04-01,355000,11.7,89.7,Good
PERF_000177,EMP_0015,2026-05-01,275000,15.0,96.4,Excellent
PERF_000178,EMP_0015,2026-06-01,540000,17.8,96.7,Average
PERF_000179,EMP_0015,2026-07-01,294000,8.1,90.4,Good
PERF_000180,EMP_0015,2026-08-01,434000,3.7,90.1,Excellent
PERF_000181,EMP_0016,2025-09-01,362000,6.7,96.2,Average
PERF_000182,EMP_0016,2025-10-01,500000,18.0,95.4,Excellent
PERF_000183,EMP_0016,2025-11-01,514000,17.6,97.9,Excellent
PERF_000184,EMP_0016,2025-12-01,278000,8.9,88.7,Good
PERF_000185,EMP_0016,2026-01-01,312000,3.1,96.0,Good
PERF_000186,EMP_0016,2026-02-01,232000,12.0,90.9,Good
PERF_000187,EMP_0016,2026-03-01,254000,12.6,89.0,Average
PERF_000188,EMP_0016,2026-04-01,376000,3.4,95.2,Good
PERF_000189,EMP_0016,2026-05-01,315000,7.5,91.0,Excellent
PERF_000190,EMP_0016,2026-06-01,253000,2.7,92.9,Good
PERF_000191,EMP_0016,2026-07-01,329000,9.3,96.1,Needs Improvement
PERF_000192,EMP_0016,2026-08-01,335000,9.2,92.6,Average
PERF_000193,EMP_0017,2025-09-01,291000,14.7,95.4,Excellent
PERF_000194,EMP_0017,2025-10-01,323000,10.3,82.5,Excellent
PERF_000195,EMP_0017,2025-11-01,259000,12.4,98.4,Average
PERF_000196,EMP_0017,2025-12-01,232000,16.4,89.1,Average
PERF_000197,EMP_0017,2026-01-01,555000,4.1,95.9,Excellent
PERF_000198,EMP_0017,2026-02-01,367000,17.0,93.6,Good
PERF_000199,EMP_0017,2026-03-01,429000,11.1,93.1,Good
PERF_000200,EMP_0017,2026-04-01,206000,5.1,91.9,Average
PERF_000201,EMP_0017,2026-05-01,342000,2.6,95.1,Average
PERF_000202,EMP_0017,2026-06-01,505000,4.3,90.3,Needs Improvement
PERF_000203,EMP_0017,2026-07-01,378000,8.3,87.6,Needs Improvement
PERF_000204,EMP_0017,2026-08-01,374000,8.2,99.9,Good
PERF_000205,EMP_0018,2025-09-01,445000,15.0,91.1,Average
PERF_000206,EMP_0018,2025-10-01,457000,3.0,93.9,Good
PERF_000207,EMP_0018,2025-11-01,382000,16.3,86.8,Excellent
PERF_000208,EMP_0018,2025-12-01,205000,10.3,85.7,Average
PERF_000209,EMP_0018,2026-01-01,470000,17.1,95.9,Excellent
PERF_000210,EMP_0018,2026-02-01,254000,15.5,96.2,Excellent
PERF_000211,EMP_0018,2026-03-01,379000,16.3,93.2,Good
PERF_000212,EMP_0018,2026-04-01,562000,6.7,86.6,Good
PERF_000213,EMP_0018,2026-05-01,415000,4.2,91.9,Average
PERF_000214,EMP_0018,2026-06-01,483000,4.6,89.7,Average
PERF_000215,EMP_0018,2026-07-01,453000,12.7,100.0,Good
PERF_000216,EMP_0018,2026-08-01,290000,11.8,87.0,Excellent
PERF_000217,EMP_0019,2025-09-01,535000,7.0,92.7,Average
PERF_000218,EMP_0019,2025-10-01,332000,14.8,94.3,Good
PERF_000219,EMP_0019,2025-11-01,479000,5.6,93.8,Good
PERF_000220,EMP_0019,2025-12-01,330000,15.3,97.8,Good
PERF_000221,EMP_0019,2026-01-01,387000,3.5,89.3,Excellent
PERF_000222,EMP_0019,2026-02-01,572000,5.3,99.4,Average
PERF_000223,EMP_0019,2026-03-01,495000,12.0,100.0,Excellent
PERF_000224,EMP_0019,2026-04-01,282000,5.1,86.9,Good
PERF_000225,EMP_0019,2026-05-01,229000,15.7,90.8,Average
PERF_000226,EMP_0019,2026-06-01,316000,11.4,93.3,Average
PERF_000227,EMP_0019,2026-07-01,463000,9.4,97.1,Average
PERF_000228,EMP_0019,2026-08-01,497000,2.0,88.8,Good
PERF_000229,EMP_0020,2025-09-01,368000,16.0,93.4,Good
PERF_000230,EMP_0020,2025-10-01,414000,7.0,96.6,Excellent
PERF_000231,EMP_0020,2025-11-01,330000,10.7,90.1,Good
PERF_000232,EMP_0020,2025-12-01,579000,4.8,89.8,Average
PERF_000233,EMP_0020,2026-01-01,472000,11.8,89.6,Good
PERF_000234,EMP_0020,2026-02-01,255000,13.4,98.5,Good
PERF_000235,EMP_0020,2026-03-01,398000,13.1,91.3,Good
PERF_000236,EMP_0020,2026-04-01,375000,3.6,83.2,Good
PERF_000237,EMP_0020,2026-05-01,489000,16.0,99.1,Needs Improvement
PERF_000238,EMP_0020,2026-06-01,532000,4.1,98.7,Good
PERF_000239,EMP_0020,2026-07-01,439000,8.4,87.9,Average
PERF_000240,EMP_0020,2026-08-01,216000,13.6,97.3,Average
PERF_000241,EMP_0021,2025-09-01,476000,12.7,94.9,Average
PERF_000242,EMP_0021,2025-10-01,464000,14.5,92.8,Good
PERF_000243,EMP_0021,2025-11-01,527000,2.3,89.6,Good
PERF_000244,EMP_0021,2025-12-01,399000,13.9,95.2,Good
PERF_000245,EMP_0021,2026-01-01,482000,7.0,91.6,Average
PERF_000246,EMP_0021,2026-02-01,495000,5.0,83.7,Average
PERF_000247,EMP_0021,2026-03-01,272000,6.2,92.1,Excellent
PERF_000248,EMP_0021,2026-04-01,398000,3.3,93.3,Average
PERF_000249,EMP_0021,2026-05-01,332000,14.2,95.8,Good
PERF_000250,EMP_0021,2026-06-01,444000,4.6,87.0,Excellent
PERF_000251,EMP_0021,2026-07-01,390000,10.7,97.0,Excellent
PERF_000252,EMP_0021,2026-08-01,335000,5.2,92.0,Excellent
PERF_000253,EMP_0022,2025-09-01,505000,14.0,94.1,Good
PERF_000254,EMP_0022,2025-10-01,217000,15.7,91.5,Excellent
PERF_000255,EMP_0022,2025-11-01,320000,5.2,95.1,Good
PERF_000256,EMP_0022,2025-12-01,537000,8.3,87.3,Good
PERF_000257,EMP_0022,2026-01-01,480000,2.4,95.9,Average
PERF_000258,EMP_0022,2026-02-01,255000,13.6,93.1,Average
PERF_000259,EMP_0022,2026-03-01,369000,10.2,93.8,Good
PERF_000260,EMP_0022,2026-04-01,498000,16.7,98.5,Good
PERF_000261,EMP_0022,2026-05-01,576000,14.4,90.8,Good
PERF_000262,EMP_0022,2026-06-01,418000,12.0,89.3,Average
PERF_000263,EMP_0022,2026-07-01,455000,10.8,92.9,Good
PERF_000264,EMP_0022,2026-08-01,433000,11.4,88.8,Excellent
PERF_000265,EMP_0023,2025-09-01,297000,16.9,87.2,Good
PERF_000266,EMP_0023,2025-10-01,251000,15.5,93.1,Excellent
PERF_000267,EMP_0023,2025-11-01,391000,16.2,94.3,Good
PERF_000268,EMP_0023,2025-12-01,215000,9.1,90.9,Average
PERF_000269,EMP_0023,2026-01-01,412000,13.1,99.1,Average
PERF_000270,EMP_0023,2026-02-01,474000,16.9,91.0,Good
PERF_000271,EMP_0023,2026-03-01,566000,2.3,98.6,Good
PERF_000272,EMP_0023,2026-04-01,432000,5.8,95.0,Average
PERF_000273,EMP_0023,2026-05-01,209000,5.4,94.8,Good
PERF_000274,EMP_0023,2026-06-01,585000,11.2,92.1,Excellent
PERF_000275,EMP_0023,2026-07-01,314000,11.7,92.2,Average
PERF_000276,EMP_0023,2026-08-01,212000,16.7,92.9,Excellent
PERF_000277,EMP_0024,2025-09-01,498000,11.8,97.8,Good
PERF_000278,EMP_0024,2025-10-01,521000,3.1,94.8,Good
PERF_000279,EMP_0024,2025-11-01,372000,5.7,95.2,Good
PERF_000280,EMP_0024,2025-12-01,369000,7.7,97.1,Good
PERF_000281,EMP_0024,2026-01-01,448000,3.5,97.8,Average
PERF_000282,EMP_0024,2026-02-01,575000,11.3,90.0,Good
PERF_000283,EMP_0024,2026-03-01,517000,2.2,96.8,Average
PERF_000284,EMP_0024,2026-04-01,426000,2.8,90.6,Excellent
PERF_000285,EMP_0024,2026-05-01,339000,4.2,89.1,Average
PERF_000286,EMP_0024,2026-06-01,202000,15.1,86.5,Good
PERF_000287,EMP_0024,2026-07-01,331000,8.7,88.2,Good
PERF_000288,EMP_0024,2026-08-01,400000,9.2,90.7,Average
PERF_000289,EMP_0025,2025-09-01,379000,6.7,97.2,Excellent
PERF_000290,EMP_0025,2025-10-01,228000,10.4,99.7,Good
PERF_000291,EMP_0025,2025-11-01,222000,9.1,89.0,Excellent
PERF_000292,EMP_0025,2025-12-01,284000,15.0,100.0,Average
PERF_000293,EMP_0025,2026-01-01,370000,9.0,100.0,Excellent
PERF_000294,EMP_0025,2026-02-01,565000,14.5,88.6,Good
PERF_000295,EMP_0025,2026-03-01,468000,14.5,95.0,Average
PERF_000296,EMP_0025,2026-04-01,329000,16.8,95.0,Good
PERF_000297,EMP_0025,2026-05-01,350000,16.4,94.8,Needs Improvement
PERF_000298,EMP_0025,2026-06-01,448000,11.5,93.8,Good
PERF_000299,EMP_0025,2026-07-01,419000,6.8,91.2,Average
PERF_000300,EMP_0025,2026-08-01,561000,14.3,96.2,Good
PERF_000301,EMP_0026,2025-09-01,351000,9.1,93.0,Good
PERF_000302,EMP_0026,2025-10-01,523000,3.6,86.1,Needs Improvement
PERF_000303,EMP_0026,2025-11-01,587000,8.3,93.4,Good
PERF_000304,EMP_0026,2025-12-01,451000,9.9,92.6,Good
PERF_000305,EMP_0026,2026-01-01,232000,8.6,89.9,Average
PERF_000306,EMP_0026,2026-02-01,524000,14.6,96.9,Average
PERF_000307,EMP_0026,2026-03-01,518000,4.7,94.5,Excellent
PERF_000308,EMP_0026,2026-04-01,455000,14.1,95.0,Excellent
PERF_000309,EMP_0026,2026-05-01,211000,15.0,91.4,Average
PERF_000310,EMP_0026,2026-06-01,566000,13.5,93.5,Good
PERF_000311,EMP_0026,2026-07-01,248000,13.3,94.1,Average
PERF_000312,EMP_0026,2026-08-01,446000,5.4,91.4,Average
PERF_000313,EMP_0027,2025-09-01,392000,14.9,93.7,Good
PERF_000314,EMP_0027,2025-10-01,475000,8.8,89.1,Good
PERF_000315,EMP_0027,2025-11-01,393000,3.3,93.6,Average
PERF_000316,EMP_0027,2025-12-01,472000,4.8,95.0,Good
PERF_000317,EMP_0027,2026-01-01,431000,15.8,96.5,Good
PERF_000318,EMP_0027,2026-02-01,368000,10.6,93.0,Good
PERF_000319,EMP_0027,2026-03-01,214000,8.2,95.7,Excellent
PERF_000320,EMP_0027,2026-04-01,536000,2.8,97.9,Excellent
PERF_000321,EMP_0027,2026-05-01,496000,2.5,91.4,Excellent
PERF_000322,EMP_0027,2026-06-01,210000,15.2,89.4,Average
PERF_000323,EMP_0027,2026-07-01,233000,8.4,93.5,Good
PERF_000324,EMP_0027,2026-08-01,593000,13.5,95.4,Average
PERF_000325,EMP_0028,2025-09-01,336000,4.9,96.1,Average
PERF_000326,EMP_0028,2025-10-01,340000,8.2,100.0,Excellent
PERF_000327,EMP_0028,2025-11-01,515000,4.3,90.4,Good
PERF_000328,EMP_0028,2025-12-01,559000,10.2,91.1,Average
PERF_000329,EMP_0028,2026-01-01,522000,6.8,97.3,Average
PERF_000330,EMP_0028,2026-02-01,355000,2.9,92.8,Average
PERF_000331,EMP_0028,2026-03-01,476000,11.2,92.1,Good
PERF_000332,EMP_0028,2026-04-01,500000,5.2,87.3,Good
PERF_000333,EMP_0028,2026-05-01,562000,10.4,100.0,Good
PERF_000334,EMP_0028,2026-06-01,280000,13.9,95.8,Average
PERF_000335,EMP_0028,2026-07-01,540000,13.4,92.1,Average
PERF_000336,EMP_0028,2026-08-01,567000,3.5,93.3,Average
PERF_000337,EMP_0029,2025-09-01,248000,17.4,88.3,Good
PERF_000338,EMP_0029,2025-10-01,524000,10.8,87.5,Good
PERF_000339,EMP_0029,2025-11-01,505000,4.4,93.3,Excellent
PERF_000340,EMP_0029,2025-12-01,600000,9.4,93.5,Average
PERF_000341,EMP_0029,2026-01-01,370000,17.2,86.6,Excellent
PERF_000342,EMP_0029,2026-02-01,421000,3.6,94.4,Needs Improvement
PERF_000343,EMP_0029,2026-03-01,409000,9.2,98.6,Good
PERF_000344,EMP_0029,2026-04-01,230000,14.5,85.6,Good
PERF_000345,EMP_0029,2026-05-01,476000,5.6,94.6,Good
PERF_000346,EMP_0029,2026-06-01,466000,14.4,87.9,Good
PERF_000347,EMP_0029,2026-07-01,508000,5.6,83.4,Good
PERF_000348,EMP_0029,2026-08-01,413000,10.8,96.5,Excellent
PERF_000349,EMP_0030,2025-09-01,485000,9.1,96.5,Excellent
PERF_000350,EMP_0030,2025-10-01,261000,5.1,89.6,Good
PERF_000351,EMP_0030,2025-11-01,369000,11.7,89.4,Excellent
PERF_000352,EMP_0030,2025-12-01,490000,11.9,89.0,Average
PERF_000353,EMP_0030,2026-01-01,581000,6.6,95.1,Average
PERF_000354,EMP_0030,2026-02-01,288000,13.8,92.5,Good
PERF_000355,EMP_0030,2026-03-01,327000,9.8,93.4,Average
PERF_000356,EMP_0030,2026-04-01,203000,8.5,87.8,Good
PERF_000357,EMP_0030,2026-05-01,493000,9.2,96.5,Average
PERF_000358,EMP_0030,2026-06-01,530000,3.9,87.0,Average
PERF_000359,EMP_0030,2026-07-01,390000,2.8,92.1,Good
PERF_000360,EMP_0030,2026-08-01,432000,10.7,98.9,Average
PERF_000361,EMP_0031,2025-09-01,238000,3.9,89.6,Average
PERF_000362,EMP_0031,2025-10-01,459000,8.1,92.9,Good
PERF_000363,EMP_0031,2025-11-01,305000,4.3,96.2,Excellent
PERF_000364,EMP_0031,2025-12-01,482000,11.8,93.3,Good
PERF_000365,EMP_0031,2026-01-01,489000,17.1,90.7,Good
PERF_000366,EMP_0031,2026-02-01,306000,16.9,96.2,Average
PERF_000367,EMP_0031,2026-03-01,387000,7.7,87.8,Average
PERF_000368,EMP_0031,2026-04-01,209000,3.5,97.7,Good
PERF_000369,EMP_0031,2026-05-01,309000,6.3,93.2,Excellent
PERF_000370,EMP_0031,2026-06-01,505000,8.7,92.3,Average
PERF_000371,EMP_0031,2026-07-01,565000,12.1,100.0,Excellent
PERF_000372,EMP_0031,2026-08-01,577000,8.8,86.9,Good
PERF_000373,EMP_0032,2025-09-01,438000,5.2,94.9,Average
PERF_000374,EMP_0032,2025-10-01,285000,15.8,94.2,Good
PERF_000375,EMP_0032,2025-11-01,276000,6.9,100.0,Excellent
PERF_000376,EMP_0032,2025-12-01,362000,3.1,94.1,Good
PERF_000377,EMP_0032,2026-01-01,329000,14.3,100.0,Good
PERF_000378,EMP_0032,2026-02-01,445000,15.3,93.3,Excellent
PERF_000379,EMP_0032,2026-03-01,569000,7.3,99.2,Good
PERF_000380,EMP_0032,2026-04-01,472000,8.6,96.8,Good
PERF_000381,EMP_0032,2026-05-01,220000,10.1,91.0,Average
PERF_000382,EMP_0032,2026-06-01,458000,4.3,93.0,Excellent
PERF_000383,EMP_0032,2026-07-01,388000,11.0,94.2,Excellent
PERF_000384,EMP_0032,2026-08-01,456000,5.8,93.0,Excellent
PERF_000385,EMP_0033,2025-09-01,225000,11.7,89.6,Excellent
PERF_000386,EMP_0033,2025-10-01,457000,17.4,95.5,Average
PERF_000387,EMP_0033,2025-11-01,367000,11.7,93.8,Good
PERF_000388,EMP_0033,2025-12-01,483000,16.6,95.4,Good
PERF_000389,EMP_0033,2026-01-01,476000,7.6,96.2,Needs Improvement
PERF_000390,EMP_0033,2026-02-01,314000,14.2,90.7,Average
PERF_000391,EMP_0033,2026-03-01,583000,4.6,91.9,Good
PERF_000392,EMP_0033,2026-04-01,226000,17.9,100.0,Needs Improvement
PERF_000393,EMP_0033,2026-05-01,465000,15.1,92.7,Excellent
PERF_000394,EMP_0033,2026-06-01,410000,11.3,95.1,Good
PERF_000395,EMP_0033,2026-07-01,272000,4.0,86.4,Good
PERF_000396,EMP_0033,2026-08-01,208000,11.6,89.7,Average
PERF_000397,EMP_0034,2025-09-01,261000,7.5,99.1,Excellent
PERF_000398,EMP_0034,2025-10-01,339000,8.5,93.5,Good
PERF_000399,EMP_0034,2025-11-01,597000,3.8,91.2,Average
PERF_000400,EMP_0034,2025-12-01,357000,3.7,94.3,Excellent
PERF_000401,EMP_0034,2026-01-01,436000,16.4,91.7,Good
PERF_000402,EMP_0034,2026-02-01,600000,4.4,89.2,Excellent
PERF_000403,EMP_0034,2026-03-01,397000,11.1,92.3,Good
PERF_000404,EMP_0034,2026-04-01,459000,14.4,85.3,Good
PERF_000405,EMP_0034,2026-05-01,591000,13.0,91.8,Good
PERF_000406,EMP_0034,2026-06-01,561000,16.7,98.9,Excellent
PERF_000407,EMP_0034,2026-07-01,212000,5.8,88.5,Good
PERF_000408,EMP_0034,2026-08-01,335000,6.4,92.0,Good
PERF_000409,EMP_0035,2025-09-01,427000,7.4,92.4,Excellent
PERF_000410,EMP_0035,2025-10-01,487000,13.3,89.4,Needs Improvement
PERF_000411,EMP_0035,2025-11-01,298000,8.9,88.3,Excellent
PERF_000412,EMP_0035,2025-12-01,295000,17.5,93.8,Excellent
PERF_000413,EMP_0035,2026-01-01,325000,7.4,93.9,Excellent
PERF_000414,EMP_0035,2026-02-01,516000,11.6,91.7,Average
PERF_000415,EMP_0035,2026-03-01,407000,17.2,91.5,Good
PERF_000416,EMP_0035,2026-04-01,212000,6.7,86.9,Excellent
PERF_000417,EMP_0035,2026-05-01,295000,4.8,86.2,Good
PERF_000418,EMP_0035,2026-06-01,268000,3.4,100.0,Average
PERF_000419,EMP_0035,2026-07-01,227000,8.9,93.0,Good
PERF_000420,EMP_0035,2026-08-01,548000,11.7,98.7,Good
PERF_000421,EMP_0036,2025-09-01,355000,6.7,90.3,Good
PERF_000422,EMP_0036,2025-10-01,236000,6.1,93.8,Good
PERF_000423,EMP_0036,2025-11-01,211000,6.3,91.8,Good
PERF_000424,EMP_0036,2025-12-01,460000,17.0,94.9,Excellent
PERF_000425,EMP_0036,2026-01-01,443000,3.5,86.5,Good
PERF_000426,EMP_0036,2026-02-01,396000,7.8,93.1,Excellent
PERF_000427,EMP_0036,2026-03-01,561000,10.2,94.1,Average
PERF_000428,EMP_0036,2026-04-01,439000,2.4,91.7,Good
PERF_000429,EMP_0036,2026-05-01,205000,6.0,100.0,Average
PERF_000430,EMP_0036,2026-06-01,546000,5.7,92.5,Excellent
PERF_000431,EMP_0036,2026-07-01,391000,16.6,91.7,Good
PERF_000432,EMP_0036,2026-08-01,535000,2.7,95.6,Good
PERF_000433,EMP_0037,2025-09-01,283000,14.6,95.3,Good
PERF_000434,EMP_0037,2025-10-01,420000,8.0,94.6,Good
PERF_000435,EMP_0037,2025-11-01,441000,4.7,93.1,Average
PERF_000436,EMP_0037,2025-12-01,276000,9.9,90.6,Good
PERF_000437,EMP_0037,2026-01-01,235000,15.4,93.1,Excellent
PERF_000438,EMP_0037,2026-02-01,343000,7.2,94.9,Average
PERF_000439,EMP_0037,2026-03-01,219000,12.4,94.5,Average
PERF_000440,EMP_0037,2026-04-01,330000,13.2,85.7,Good
PERF_000441,EMP_0037,2026-05-01,470000,14.9,98.1,Good
PERF_000442,EMP_0037,2026-06-01,521000,14.5,88.4,Average
PERF_000443,EMP_0037,2026-07-01,432000,11.3,94.1,Excellent
PERF_000444,EMP_0037,2026-08-01,436000,16.5,92.6,Good
PERF_000445,EMP_0038,2025-09-01,468000,17.0,96.1,Average
PERF_000446,EMP_0038,2025-10-01,414000,14.1,90.4,Average
PERF_000447,EMP_0038,2025-11-01,497000,16.6,92.9,Average
PERF_000448,EMP_0038,2025-12-01,407000,9.9,87.7,Good
PERF_000449,EMP_0038,2026-01-01,506000,14.2,100.0,Excellent
PERF_000450,EMP_0038,2026-02-01,572000,12.0,92.0,Good
PERF_000451,EMP_0038,2026-03-01,220000,11.1,95.8,Good
PERF_000452,EMP_0038,2026-04-01,225000,17.9,91.0,Excellent
PERF_000453,EMP_0038,2026-05-01,270000,9.6,96.2,Good
PERF_000454,EMP_0038,2026-06-01,218000,12.0,93.1,Average
PERF_000455,EMP_0038,2026-07-01,378000,4.5,94.4,Good
PERF_000456,EMP_0038,2026-08-01,556000,11.1,98.2,Excellent
PERF_000457,EMP_0039,2025-09-01,407000,6.7,96.1,Average
PERF_000458,EMP_0039,2025-10-01,452000,17.5,90.4,Average
PERF_000459,EMP_0039,2025-11-01,461000,13.6,100.0,Good
PERF_000460,EMP_0039,2025-12-01,512000,9.8,93.0,Excellent
PERF_000461,EMP_0039,2026-01-01,578000,16.4,92.6,Average
PERF_000462,EMP_0039,2026-02-01,413000,9.3,100.0,Good
PERF_000463,EMP_0039,2026-03-01,398000,16.7,91.2,Average
PERF_000464,EMP_0039,2026-04-01,582000,11.3,97.1,Average
PERF_000465,EMP_0039,2026-05-01,434000,5.1,92.6,Average
PERF_000466,EMP_0039,2026-06-01,475000,6.0,95.4,Average
PERF_000467,EMP_0039,2026-07-01,317000,14.4,96.1,Good
PERF_000468,EMP_0039,2026-08-01,486000,16.6,89.4,Average
PERF_000469,EMP_0040,2025-09-01,382000,13.5,94.5,Average
PERF_000470,EMP_0040,2025-10-01,380000,7.5,87.9,Good
PERF_000471,EMP_0040,2025-11-01,513000,2.5,95.0,Excellent
PERF_000472,EMP_0040,2025-12-01,309000,2.4,89.6,Excellent
PERF_000473,EMP_0040,2026-01-01,472000,12.0,95.6,Excellent
PERF_000474,EMP_0040,2026-02-01,296000,2.9,89.8,Good
PERF_000475,EMP_0040,2026-03-01,488000,12.2,90.7,Good
PERF_000476,EMP_0040,2026-04-01,292000,9.2,99.6,Average
PERF_000477,EMP_0040,2026-05-01,433000,13.5,85.9,Good
PERF_000478,EMP_0040,2026-06-01,232000,3.8,92.9,Excellent
PERF_000479,EMP_0040,2026-07-01,385000,7.0,90.5,Good
PERF_000480,EMP_0040,2026-08-01,228000,16.0,86.1,Good
PERF_000481,EMP_0041,2025-09-01,447000,15.6,93.1,Excellent
PERF_000482,EMP_0041,2025-10-01,544000,14.6,92.3,Average
PERF_000483,EMP_0041,2025-11-01,562000,8.8,90.8,Average
PERF_000484,EMP_0041,2025-12-01,419000,10.7,86.8,Average
PERF_000485,EMP_0041,2026-01-01,452000,10.5,96.0,Good
PERF_000486,EMP_0041,2026-02-01,497000,9.6,96.1,Good
PERF_000487,EMP_0041,2026-03-01,352000,13.8,95.9,Needs Improvement
PERF_000488,EMP_0041,2026-04-01,470000,13.7,92.0,Good
PERF_000489,EMP_0041,2026-05-01,519000,10.0,91.6,Good
PERF_000490,EMP_0041,2026-06-01,367000,5.3,89.0,Good
PERF_000491,EMP_0041,2026-07-01,403000,12.5,90.0,Good
PERF_000492,EMP_0041,2026-08-01,592000,15.1,93.8,Average
PERF_000493,EMP_0042,2025-09-01,252000,18.0,94.4,Good
PERF_000494,EMP_0042,2025-10-01,289000,9.6,92.9,Good
PERF_000495,EMP_0042,2025-11-01,456000,9.7,89.1,Good
PERF_000496,EMP_0042,2025-12-01,581000,8.5,91.3,Good
PERF_000497,EMP_0042,2026-01-01,450000,3.8,94.1,Good
PERF_000498,EMP_0042,2026-02-01,474000,3.4,86.1,Good
PERF_000499,EMP_0042,2026-03-01,296000,7.5,95.4,Good
PERF_000500,EMP_0042,2026-04-01,224000,9.6,90.9,Excellent
PERF_000501,EMP_0042,2026-05-01,338000,15.9,90.4,Good
PERF_000502,EMP_0042,2026-06-01,562000,2.0,95.1,Good
PERF_000503,EMP_0042,2026-07-01,236000,16.3,93.9,Average
PERF_000504,EMP_0042,2026-08-01,438000,6.4,88.4,Excellent
PERF_000505,EMP_0043,2025-09-01,289000,3.7,90.4,Average
PERF_000506,EMP_0043,2025-10-01,233000,13.8,92.4,Good
PERF_000507,EMP_0043,2025-11-01,503000,2.9,86.5,Average
PERF_000508,EMP_0043,2025-12-01,372000,13.3,88.8,Excellent
PERF_000509,EMP_0043,2026-01-01,441000,3.6,95.1,Good
PERF_000510,EMP_0043,2026-02-01,315000,9.4,96.6,Excellent
PERF_000511,EMP_0043,2026-03-01,531000,14.8,88.7,Good
PERF_000512,EMP_0043,2026-04-01,551000,14.9,95.6,Excellent
PERF_000513,EMP_0043,2026-05-01,428000,7.9,94.6,Good
PERF_000514,EMP_0043,2026-06-01,368000,8.3,91.5,Average
PERF_000515,EMP_0043,2026-07-01,378000,11.1,83.0,Good
PERF_000516,EMP_0043,2026-08-01,481000,5.4,94.0,Good
PERF_000517,EMP_0044,2025-09-01,229000,7.2,93.0,Good
PERF_000518,EMP_0044,2025-10-01,499000,15.2,95.6,Good
PERF_000519,EMP_0044,2025-11-01,578000,16.3,96.7,Good
PERF_000520,EMP_0044,2025-12-01,369000,9.1,93.3,Average
PERF_000521,EMP_0044,2026-01-01,234000,11.9,98.0,Average
PERF_000522,EMP_0044,2026-02-01,538000,7.5,82.6,Average
PERF_000523,EMP_0044,2026-03-01,537000,10.5,96.4,Good
PERF_000524,EMP_0044,2026-04-01,251000,13.9,98.5,Good
PERF_000525,EMP_0044,2026-05-01,592000,6.5,90.9,Average
PERF_000526,EMP_0044,2026-06-01,428000,6.3,92.5,Good
PERF_000527,EMP_0044,2026-07-01,257000,5.3,86.6,Average
PERF_000528,EMP_0044,2026-08-01,477000,17.6,93.2,Good
PERF_000529,EMP_0045,2025-09-01,305000,5.1,93.7,Good
PERF_000530,EMP_0045,2025-10-01,547000,2.1,95.8,Good
PERF_000531,EMP_0045,2025-11-01,504000,4.4,95.2,Good
PERF_000532,EMP_0045,2025-12-01,228000,16.2,88.2,Average
PERF_000533,EMP_0045,2026-01-01,395000,17.2,96.9,Excellent
PERF_000534,EMP_0045,2026-02-01,353000,17.9,95.1,Good
PERF_000535,EMP_0045,2026-03-01,395000,5.8,95.3,Good
PERF_000536,EMP_0045,2026-04-01,571000,13.2,90.6,Excellent
PERF_000537,EMP_0045,2026-05-01,329000,15.8,97.6,Average
PERF_000538,EMP_0045,2026-06-01,458000,15.1,93.4,Good
PERF_000539,EMP_0045,2026-07-01,404000,13.7,96.2,Average
PERF_000540,EMP_0045,2026-08-01,248000,2.5,96.7,Average
PERF_000541,EMP_0046,2025-09-01,260000,7.5,89.7,Good
PERF_000542,EMP_0046,2025-10-01,557000,12.2,95.7,Good
PERF_000543,EMP_0046,2025-11-01,241000,10.8,95.4,Average
PERF_000544,EMP_0046,2025-12-01,395000,17.5,88.1,Average
PERF_000545,EMP_0046,2026-01-01,510000,9.2,88.9,Average
PERF_000546,EMP_0046,2026-02-01,534000,13.8,89.9,Good
PERF_000547,EMP_0046,2026-03-01,452000,5.5,96.9,Average
PERF_000548,EMP_0046,2026-04-01,333000,11.6,93.1,Average
PERF_000549,EMP_0046,2026-05-01,249000,17.4,87.8,Good
PERF_000550,EMP_0046,2026-06-01,545000,6.9,90.2,Good
PERF_000551,EMP_0046,2026-07-01,340000,17.5,91.2,Good
PERF_000552,EMP_0046,2026-08-01,452000,3.1,94.2,Good
PERF_000553,EMP_0047,2025-09-01,332000,11.3,94.1,Good
PERF_000554,EMP_0047,2025-10-01,495000,6.4,86.2,Good
PERF_000555,EMP_0047,2025-11-01,371000,4.5,90.5,Average
PERF_000556,EMP_0047,2025-12-01,273000,9.7,93.0,Needs Improvement
PERF_000557,EMP_0047,2026-01-01,211000,11.6,87.8,Good
PERF_000558,EMP_0047,2026-02-01,283000,3.3,91.9,Needs Improvement
PERF_000559,EMP_0047,2026-03-01,431000,5.3,91.8,Good
PERF_000560,EMP_0047,2026-04-01,458000,6.6,97.6,Excellent
PERF_000561,EMP_0047,2026-05-01,493000,7.5,95.0,Average
PERF_000562,EMP_0047,2026-06-01,465000,10.3,85.6,Average
PERF_000563,EMP_0047,2026-07-01,594000,15.4,90.9,Good
PERF_000564,EMP_0047,2026-08-01,321000,2.9,92.2,Excellent
PERF_000565,EMP_0048,2025-09-01,462000,10.9,95.4,Good
PERF_000566,EMP_0048,2025-10-01,205000,4.8,93.4,Good
PERF_000567,EMP_0048,2025-11-01,237000,11.2,90.8,Average
PERF_000568,EMP_0048,2025-12-01,529000,13.7,97.0,Good
PERF_000569,EMP_0048,2026-01-01,216000,8.6,100.0,Good
PERF_000570,EMP_0048,2026-02-01,355000,6.1,95.0,Excellent
PERF_000571,EMP_0048,2026-03-01,438000,10.2,93.5,Average
PERF_000572,EMP_0048,2026-04-01,245000,13.4,91.3,Average
PERF_000573,EMP_0048,2026-05-01,221000,7.5,90.6,Excellent
PERF_000574,EMP_0048,2026-06-01,574000,13.2,91.5,Good
PERF_000575,EMP_0048,2026-07-01,382000,17.7,91.1,Excellent
PERF_000576,EMP_0048,2026-08-01,581000,12.8,88.5,Average
PERF_000577,EMP_0049,2025-09-01,442000,4.8,94.8,Excellent
PERF_000578,EMP_0049,2025-10-01,574000,3.9,98.6,Excellent
PERF_000579,EMP_0049,2025-11-01,576000,13.3,94.3,Good
PERF_000580,EMP_0049,2025-12-01,545000,12.9,91.5,Good
PERF_000581,EMP_0049,2026-01-01,531000,16.4,93.6,Good
PERF_000582,EMP_0049,2026-02-01,542000,15.4,86.8,Needs Improvement
PERF_000583,EMP_0049,2026-03-01,346000,17.6,96.6,Good
PERF_000584,EMP_0049,2026-04-01,311000,15.1,93.2,Average
PERF_000585,EMP_0049,2026-05-01,524000,3.9,96.6,Good
PERF_000586,EMP_0049,2026-06-01,530000,10.9,93.0,Good
PERF_000587,EMP_0049,2026-07-01,362000,9.7,90.1,Excellent
PERF_000588,EMP_0049,2026-08-01,231000,10.0,92.2,Good
PERF_000589,EMP_0050,2025-09-01,554000,15.1,99.7,Excellent
PERF_000590,EMP_0050,2025-10-01,378000,7.4,93.9,Average
PERF_000591,EMP_0050,2025-11-01,277000,3.7,99.6,Average
PERF_000592,EMP_0050,2025-12-01,589000,8.9,96.4,Good
PERF_000593,EMP_0050,2026-01-01,284000,14.1,92.3,Average
PERF_000594,EMP_0050,2026-02-01,228000,11.3,89.5,Average
PERF_000595,EMP_0050,2026-03-01,487000,14.9,93.9,Good
PERF_000596,EMP_0050,2026-04-01,372000,3.7,94.2,Good
PERF_000597,EMP_0050,2026-05-01,243000,4.9,94.7,Average
PERF_000598,EMP_0050,2026-06-01,574000,14.6,84.7,Good
PERF_000599,EMP_0050,2026-07-01,525000,6.3,90.2,Good
PERF_000600,EMP_0050,2026-08-01,599000,8.2,96.2,Good
PERF_000601,EMP_0051,2025-09-01,1421000,14.1,93.3,Average
PERF_000602,EMP_0051,2025-10-01,529000,14.3,98.5,Average
PERF_000603,EMP_0051,2025-11-01,959000,16.6,92.0,Good
PERF_000604,EMP_0051,2025-12-01,956000,14.7,94.9,Needs Improvement
PERF_000605,EMP_0051,2026-01-01,652000,10.6,100.0,Good
PERF_000606,EMP_0051,2026-02-01,1069000,12.5,91.9,Good
PERF_000607,EMP_0051,2026-03-01,852000,3.7,88.1,Good
PERF_000608,EMP_0051,2026-04-01,1352000,15.4,91.4,Good
PERF_000609,EMP_0051,2026-05-01,710000,13.0,93.9,Good
PERF_000610,EMP_0051,2026-06-01,1276000,15.8,97.7,Excellent
PERF_000611,EMP_0051,2026-07-01,614000,15.8,84.9,Excellent
PERF_000612,EMP_0051,2026-08-01,735000,5.8,90.9,Good
PERF_000613,EMP_0052,2025-09-01,952000,2.8,97.6,Good
PERF_000614,EMP_0052,2025-10-01,719000,12.8,97.9,Good
PERF_000615,EMP_0052,2025-11-01,1360000,7.6,86.3,Good
PERF_000616,EMP_0052,2025-12-01,701000,10.9,88.0,Good
PERF_000617,EMP_0052,2026-01-01,718000,13.6,87.7,Good
PERF_000618,EMP_0052,2026-02-01,1015000,12.6,90.0,Good
PERF_000619,EMP_0052,2026-03-01,705000,18.0,84.2,Good
PERF_000620,EMP_0052,2026-04-01,801000,16.1,99.2,Good
PERF_000621,EMP_0052,2026-05-01,560000,13.7,97.3,Average
PERF_000622,EMP_0052,2026-06-01,591000,16.5,91.3,Average
PERF_000623,EMP_0052,2026-07-01,1296000,17.0,96.9,Average
PERF_000624,EMP_0052,2026-08-01,1112000,8.6,88.5,Excellent
PERF_000625,EMP_0053,2025-09-01,240000,11.3,89.3,Good
PERF_000626,EMP_0053,2025-10-01,265000,16.3,94.3,Good
PERF_000627,EMP_0053,2025-11-01,559000,17.3,91.4,Excellent
PERF_000628,EMP_0053,2025-12-01,300000,4.5,94.8,Excellent
PERF_000629,EMP_0053,2026-01-01,466000,3.3,94.5,Excellent
PERF_000630,EMP_0053,2026-02-01,405000,14.0,100.0,Good
PERF_000631,EMP_0053,2026-03-01,249000,2.3,90.2,Good
PERF_000632,EMP_0053,2026-04-01,315000,15.1,97.5,Excellent
PERF_000633,EMP_0053,2026-05-01,574000,8.6,100.0,Good
PERF_000634,EMP_0053,2026-06-01,520000,4.4,89.6,Good
PERF_000635,EMP_0053,2026-07-01,353000,15.4,98.2,Average
PERF_000636,EMP_0053,2026-08-01,229000,9.7,99.8,Average
PERF_000637,EMP_0054,2025-09-01,978000,17.3,92.7,Excellent
PERF_000638,EMP_0054,2025-10-01,954000,10.9,88.3,Good
PERF_000639,EMP_0054,2025-11-01,752000,4.0,87.6,Good
PERF_000640,EMP_0054,2025-12-01,955000,3.6,91.0,Good
PERF_000641,EMP_0054,2026-01-01,1410000,6.0,90.3,Good
PERF_000642,EMP_0054,2026-02-01,1032000,14.7,92.2,Average
PERF_000643,EMP_0054,2026-03-01,1031000,7.4,90.8,Good
PERF_000644,EMP_0054,2026-04-01,621000,3.8,92.9,Excellent
PERF_000645,EMP_0054,2026-05-01,675000,10.3,95.0,Good
PERF_000646,EMP_0054,2026-06-01,940000,7.2,92.0,Excellent
PERF_000647,EMP_0054,2026-07-01,672000,6.1,89.3,Excellent
PERF_000648,EMP_0054,2026-08-01,1221000,4.8,91.1,Good
PERF_000649,EMP_0055,2025-09-01,512000,12.8,91.4,Excellent
PERF_000650,EMP_0055,2025-10-01,418000,16.9,90.6,Good
PERF_000651,EMP_0055,2025-11-01,496000,17.7,87.9,Good
PERF_000652,EMP_0055,2025-12-01,515000,8.0,99.0,Good
PERF_000653,EMP_0055,2026-01-01,440000,10.0,85.5,Good
PERF_000654,EMP_0055,2026-02-01,539000,6.7,98.6,Good
PERF_000655,EMP_0055,2026-03-01,375000,17.7,89.9,Good
PERF_000656,EMP_0055,2026-04-01,574000,3.8,86.9,Average
PERF_000657,EMP_0055,2026-05-01,557000,7.8,96.1,Good
PERF_000658,EMP_0055,2026-06-01,532000,11.3,93.4,Good
PERF_000659,EMP_0055,2026-07-01,559000,16.8,95.8,Good
PERF_000660,EMP_0055,2026-08-01,422000,6.6,90.5,Good
PERF_000661,EMP_0056,2025-09-01,823000,10.1,96.9,Excellent
PERF_000662,EMP_0056,2025-10-01,1473000,15.9,98.5,Good
PERF_000663,EMP_0056,2025-11-01,1214000,9.9,86.8,Good
PERF_000664,EMP_0056,2025-12-01,1298000,8.3,89.6,Excellent
PERF_000665,EMP_0056,2026-01-01,888000,2.2,93.2,Needs Improvement
PERF_000666,EMP_0056,2026-02-01,931000,16.8,95.6,Average
PERF_000667,EMP_0056,2026-03-01,1125000,17.9,91.0,Good
PERF_000668,EMP_0056,2026-04-01,950000,4.5,92.7,Good
PERF_000669,EMP_0056,2026-05-01,1036000,14.3,100.0,Excellent
PERF_000670,EMP_0056,2026-06-01,1110000,16.5,88.0,Good
PERF_000671,EMP_0056,2026-07-01,534000,4.6,93.1,Good
PERF_000672,EMP_0056,2026-08-01,748000,9.0,83.3,Average
PERF_000673,EMP_0057,2025-09-01,1020000,14.8,91.8,Average
PERF_000674,EMP_0057,2025-10-01,1212000,17.3,96.4,Needs Improvement
PERF_000675,EMP_0057,2025-11-01,922000,2.1,96.3,Average
PERF_000676,EMP_0057,2025-12-01,1089000,11.1,92.0,Good
PERF_000677,EMP_0057,2026-01-01,1357000,7.9,94.6,Good
PERF_000678,EMP_0057,2026-02-01,716000,17.1,95.1,Good
PERF_000679,EMP_0057,2026-03-01,1459000,15.1,91.4,Good
PERF_000680,EMP_0057,2026-04-01,951000,9.6,95.4,Good
PERF_000681,EMP_0057,2026-05-01,945000,14.6,93.3,Good
PERF_000682,EMP_0057,2026-06-01,1257000,15.6,97.1,Average
PERF_000683,EMP_0057,2026-07-01,1062000,17.8,92.7,Excellent
PERF_000684,EMP_0057,2026-08-01,799000,14.3,88.6,Average
PERF_000685,EMP_0058,2025-09-01,699000,3.6,89.2,Good
PERF_000686,EMP_0058,2025-10-01,1303000,11.7,91.9,Good
PERF_000687,EMP_0058,2025-11-01,1383000,8.9,91.0,Excellent
PERF_000688,EMP_0058,2025-12-01,929000,3.2,93.2,Good
PERF_000689,EMP_0058,2026-01-01,651000,8.8,88.9,Average
PERF_000690,EMP_0058,2026-02-01,1428000,10.7,95.2,Good
PERF_000691,EMP_0058,2026-03-01,715000,9.5,94.9,Good
PERF_000692,EMP_0058,2026-04-01,1178000,11.8,100.0,Good
PERF_000693,EMP_0058,2026-05-01,705000,14.2,90.8,Average
PERF_000694,EMP_0058,2026-06-01,922000,10.7,100.0,Excellent
PERF_000695,EMP_0058,2026-07-01,741000,2.4,96.3,Excellent
PERF_000696,EMP_0058,2026-08-01,1379000,12.1,90.8,Good
PERF_000697,EMP_0059,2025-09-01,530000,5.1,91.1,Good
PERF_000698,EMP_0059,2025-10-01,1278000,5.5,91.8,Excellent
PERF_000699,EMP_0059,2025-11-01,1230000,16.4,92.7,Excellent
PERF_000700,EMP_0059,2025-12-01,966000,9.8,90.4,Good
PERF_000701,EMP_0059,2026-01-01,1392000,13.8,89.6,Good
PERF_000702,EMP_0059,2026-02-01,816000,2.9,95.7,Needs Improvement
PERF_000703,EMP_0059,2026-03-01,626000,10.8,82.8,Good
PERF_000704,EMP_0059,2026-04-01,1403000,15.0,91.4,Excellent
PERF_000705,EMP_0059,2026-05-01,1180000,10.2,99.4,Good
PERF_000706,EMP_0059,2026-06-01,1346000,11.9,86.7,Good
PERF_000707,EMP_0059,2026-07-01,1219000,5.2,92.7,Good
PERF_000708,EMP_0059,2026-08-01,1393000,17.7,94.4,Good
PERF_000709,EMP_0060,2025-09-01,306000,2.5,91.0,Good
PERF_000710,EMP_0060,2025-10-01,508000,7.9,92.7,Needs Improvement
PERF_000711,EMP_0060,2025-11-01,304000,11.7,91.7,Average
PERF_000712,EMP_0060,2025-12-01,429000,16.3,90.1,Good
PERF_000713,EMP_0060,2026-01-01,331000,10.4,96.7,Average
PERF_000714,EMP_0060,2026-02-01,229000,13.7,88.8,Average
PERF_000715,EMP_0060,2026-03-01,537000,3.6,90.1,Good
PERF_000716,EMP_0060,2026-04-01,567000,13.6,92.7,Good
PERF_000717,EMP_0060,2026-05-01,526000,11.2,95.2,Good
PERF_000718,EMP_0060,2026-06-01,404000,16.7,94.2,Good
PERF_000719,EMP_0060,2026-07-01,403000,2.8,88.2,Good
PERF_000720,EMP_0060,2026-08-01,395000,5.5,92.1,Average
PERF_000721,EMP_0061,2025-09-01,346000,3.9,88.1,Excellent
PERF_000722,EMP_0061,2025-10-01,412000,9.0,89.5,Needs Improvement
PERF_000723,EMP_0061,2025-11-01,484000,16.7,88.6,Good
PERF_000724,EMP_0061,2025-12-01,368000,17.9,92.0,Excellent
PERF_000725,EMP_0061,2026-01-01,238000,6.3,97.0,Excellent
PERF_000726,EMP_0061,2026-02-01,543000,2.7,92.2,Average
PERF_000727,EMP_0061,2026-03-01,421000,9.1,85.6,Good
PERF_000728,EMP_0061,2026-04-01,259000,5.0,92.4,Good
PERF_000729,EMP_0061,2026-05-01,286000,6.0,96.0,Excellent
PERF_000730,EMP_0061,2026-06-01,232000,15.1,82.1,Good
PERF_000731,EMP_0061,2026-07-01,435000,9.3,98.4,Good
PERF_000732,EMP_0061,2026-08-01,283000,13.3,91.8,Good
PERF_000733,EMP_0062,2025-09-01,468000,2.6,89.1,Excellent
PERF_000734,EMP_0062,2025-10-01,500000,2.1,95.6,Good
PERF_000735,EMP_0062,2025-11-01,296000,8.9,86.6,Good
PERF_000736,EMP_0062,2025-12-01,524000,10.5,90.6,Good
PERF_000737,EMP_0062,2026-01-01,261000,14.0,93.8,Good
PERF_000738,EMP_0062,2026-02-01,582000,6.9,90.6,Good
PERF_000739,EMP_0062,2026-03-01,431000,13.6,89.6,Excellent
PERF_000740,EMP_0062,2026-04-01,490000,8.6,93.7,Good
PERF_000741,EMP_0062,2026-05-01,481000,9.5,91.5,Excellent
PERF_000742,EMP_0062,2026-06-01,425000,8.8,86.6,Good
PERF_000743,EMP_0062,2026-07-01,586000,12.3,92.6,Good
PERF_000744,EMP_0062,2026-08-01,312000,11.9,90.2,Good
PERF_000745,EMP_0063,2025-09-01,420000,14.0,92.6,Good
PERF_000746,EMP_0063,2025-10-01,460000,16.5,96.1,Average
PERF_000747,EMP_0063,2025-11-01,264000,7.2,93.1,Excellent
PERF_000748,EMP_0063,2025-12-01,429000,7.6,97.9,Average
PERF_000749,EMP_0063,2026-01-01,500000,10.1,85.7,Good
PERF_000750,EMP_0063,2026-02-01,376000,3.9,96.1,Good
PERF_000751,EMP_0063,2026-03-01,512000,8.2,89.3,Good
PERF_000752,EMP_0063,2026-04-01,470000,4.0,93.9,Good
PERF_000753,EMP_0063,2026-05-01,233000,14.2,92.3,Good
PERF_000754,EMP_0063,2026-06-01,316000,5.0,92.0,Good
PERF_000755,EMP_0063,2026-07-01,221000,7.7,87.8,Excellent
PERF_000756,EMP_0063,2026-08-01,229000,8.9,95.3,Good
PERF_000757,EMP_0064,2025-09-01,952000,13.9,96.9,Average
PERF_000758,EMP_0064,2025-10-01,783000,6.4,91.0,Average
PERF_000759,EMP_0064,2025-11-01,511000,4.6,89.5,Good
PERF_000760,EMP_0064,2025-12-01,983000,10.3,97.1,Excellent
PERF_000761,EMP_0064,2026-01-01,1328000,13.6,92.3,Average
PERF_000762,EMP_0064,2026-02-01,1107000,2.8,95.8,Average
PERF_000763,EMP_0064,2026-03-01,942000,5.5,92.2,Good
PERF_000764,EMP_0064,2026-04-01,1126000,15.0,86.1,Excellent
PERF_000765,EMP_0064,2026-05-01,999000,14.8,89.1,Good
PERF_000766,EMP_0064,2026-06-01,986000,10.9,89.3,Good
PERF_000767,EMP_0064,2026-07-01,1100000,10.0,84.9,Average
PERF_000768,EMP_0064,2026-08-01,978000,4.5,96.4,Good
PERF_000769,EMP_0065,2025-09-01,968000,4.9,91.3,Good
PERF_000770,EMP_0065,2025-10-01,1477000,5.6,93.6,Average
PERF_000771,EMP_0065,2025-11-01,665000,2.2,93.6,Good
PERF_000772,EMP_0065,2025-12-01,728000,16.8,90.7,Good
PERF_000773,EMP_0065,2026-01-01,1225000,13.3,92.3,Average
PERF_000774,EMP_0065,2026-02-01,850000,7.9,91.8,Good
PERF_000775,EMP_0065,2026-03-01,957000,5.4,91.7,Needs Improvement
PERF_000776,EMP_0065,2026-04-01,1358000,12.7,93.0,Average
PERF_000777,EMP_0065,2026-05-01,1475000,11.8,90.6,Average
PERF_000778,EMP_0065,2026-06-01,1454000,9.6,91.2,Good
PERF_000779,EMP_0065,2026-07-01,1495000,13.0,94.4,Excellent
PERF_000780,EMP_0065,2026-08-01,1063000,12.0,95.2,Excellent
PERF_000781,EMP_0066,2025-09-01,1016000,5.1,99.0,Good
PERF_000782,EMP_0066,2025-10-01,1094000,2.0,93.7,Average
PERF_000783,EMP_0066,2025-11-01,1286000,16.7,82.6,Good
PERF_000784,EMP_0066,2025-12-01,1183000,5.1,94.4,Average
PERF_000785,EMP_0066,2026-01-01,987000,5.5,93.2,Good
PERF_000786,EMP_0066,2026-02-01,1045000,5.9,94.9,Good
PERF_000787,EMP_0066,2026-03-01,599000,16.1,90.0,Excellent
PERF_000788,EMP_0066,2026-04-01,1020000,5.0,89.1,Good
PERF_000789,EMP_0066,2026-05-01,731000,3.9,94.7,Good
PERF_000790,EMP_0066,2026-06-01,1044000,3.5,87.6,Average
PERF_000791,EMP_0066,2026-07-01,1423000,6.6,99.8,Good
PERF_000792,EMP_0066,2026-08-01,996000,5.5,89.4,Excellent
PERF_000793,EMP_0067,2025-09-01,1193000,17.3,100.0,Average
PERF_000794,EMP_0067,2025-10-01,1350000,5.3,87.2,Good
PERF_000795,EMP_0067,2025-11-01,616000,16.7,93.0,Excellent
PERF_000796,EMP_0067,2025-12-01,816000,4.0,91.5,Needs Improvement
PERF_000797,EMP_0067,2026-01-01,761000,3.5,97.9,Average
PERF_000798,EMP_0067,2026-02-01,656000,9.3,95.3,Good
PERF_000799,EMP_0067,2026-03-01,1298000,7.8,97.3,Good
PERF_000800,EMP_0067,2026-04-01,1083000,15.5,90.9,Good
PERF_000801,EMP_0067,2026-05-01,1445000,5.8,91.1,Good
PERF_000802,EMP_0067,2026-06-01,1317000,2.6,96.1,Good
PERF_000803,EMP_0067,2026-07-01,1264000,15.9,93.1,Excellent
PERF_000804,EMP_0067,2026-08-01,602000,4.1,89.7,Good
PERF_000805,EMP_0068,2025-09-01,283000,7.5,90.7,Good
PERF_000806,EMP_0068,2025-10-01,251000,11.6,94.8,Average
PERF_000807,EMP_0068,2025-11-01,290000,14.0,96.3,Good
PERF_000808,EMP_0068,2025-12-01,301000,16.5,91.0,Good
PERF_000809,EMP_0068,2026-01-01,481000,3.4,89.9,Good
PERF_000810,EMP_0068,2026-02-01,532000,5.2,99.4,Average
PERF_000811,EMP_0068,2026-03-01,396000,13.0,94.0,Average
PERF_000812,EMP_0068,2026-04-01,379000,3.0,93.6,Average
PERF_000813,EMP_0068,2026-05-01,392000,11.7,92.6,Good
PERF_000814,EMP_0068,2026-06-01,570000,16.4,89.4,Good
PERF_000815,EMP_0068,2026-07-01,421000,14.0,90.7,Average
PERF_000816,EMP_0068,2026-08-01,204000,15.1,97.5,Average
PERF_000817,EMP_0069,2025-09-01,371000,15.1,93.0,Average
PERF_000818,EMP_0069,2025-10-01,526000,16.2,84.8,Good
PERF_000819,EMP_0069,2025-11-01,442000,5.9,94.5,Average
PERF_000820,EMP_0069,2025-12-01,413000,7.2,99.8,Good
PERF_000821,EMP_0069,2026-01-01,413000,13.2,90.7,Good
PERF_000822,EMP_0069,2026-02-01,381000,16.3,89.5,Good
PERF_000823,EMP_0069,2026-03-01,338000,2.6,93.4,Excellent
PERF_000824,EMP_0069,2026-04-01,478000,7.0,91.6,Excellent
PERF_000825,EMP_0069,2026-05-01,249000,9.3,95.1,Good
PERF_000826,EMP_0069,2026-06-01,577000,7.5,86.4,Good
PERF_000827,EMP_0069,2026-07-01,248000,8.9,94.0,Good
PERF_000828,EMP_0069,2026-08-01,343000,13.3,96.0,Excellent
PERF_000829,EMP_0070,2025-09-01,802000,16.5,94.0,Good
PERF_000830,EMP_0070,2025-10-01,1132000,12.3,92.7,Average
PERF_000831,EMP_0070,2025-11-01,1052000,5.3,91.3,Excellent
PERF_000832,EMP_0070,2025-12-01,1018000,13.1,94.0,Good
PERF_000833,EMP_0070,2026-01-01,1055000,9.6,94.3,Excellent
PERF_000834,EMP_0070,2026-02-01,1311000,6.8,94.7,Excellent
PERF_000835,EMP_0070,2026-03-01,624000,17.5,94.1,Average
PERF_000836,EMP_0070,2026-04-01,700000,13.8,83.2,Average
PERF_000837,EMP_0070,2026-05-01,808000,14.7,91.2,Average
PERF_000838,EMP_0070,2026-06-01,696000,7.9,94.2,Good
PERF_000839,EMP_0070,2026-07-01,580000,6.8,92.1,Good
PERF_000840,EMP_0070,2026-08-01,531000,13.3,98.9,Excellent
PERF_000841,EMP_0071,2025-09-01,671000,9.2,98.7,Good
PERF_000842,EMP_0071,2025-10-01,572000,8.6,92.9,Good
PERF_000843,EMP_0071,2025-11-01,1401000,10.5,89.7,Good
PERF_000844,EMP_0071,2025-12-01,800000,3.6,91.6,Good
PERF_000845,EMP_0071,2026-01-01,967000,6.1,93.8,Good
PERF_000846,EMP_0071,2026-02-01,1112000,11.0,87.8,Good
PERF_000847,EMP_0071,2026-03-01,1062000,9.0,100.0,Good
PERF_000848,EMP_0071,2026-04-01,1205000,3.7,89.2,Average
PERF_000849,EMP_0071,2026-05-01,1018000,9.1,89.7,Average
PERF_000850,EMP_0071,2026-06-01,615000,12.0,84.9,Excellent
PERF_000851,EMP_0071,2026-07-01,1226000,6.9,91.5,Good
PERF_000852,EMP_0071,2026-08-01,707000,4.6,91.7,Excellent
PERF_000853,EMP_0072,2025-09-01,1265000,12.7,92.1,Good
PERF_000854,EMP_0072,2025-10-01,571000,14.2,94.7,Good
PERF_000855,EMP_0072,2025-11-01,1202000,5.3,89.9,Excellent
PERF_000856,EMP_0072,2025-12-01,1015000,4.1,96.2,Good
PERF_000857,EMP_0072,2026-01-01,1346000,7.7,98.1,Good
PERF_000858,EMP_0072,2026-02-01,886000,9.2,96.8,Good
PERF_000859,EMP_0072,2026-03-01,630000,14.0,96.7,Good
PERF_000860,EMP_0072,2026-04-01,985000,15.4,91.6,Excellent
PERF_000861,EMP_0072,2026-05-01,1370000,3.0,94.0,Needs Improvement
PERF_000862,EMP_0072,2026-06-01,1329000,2.1,100.0,Average
PERF_000863,EMP_0072,2026-07-01,1086000,14.9,92.6,Excellent
PERF_000864,EMP_0072,2026-08-01,790000,7.1,98.2,Good
PERF_000865,EMP_0073,2025-09-01,306000,3.0,93.2,Good
PERF_000866,EMP_0073,2025-10-01,387000,3.1,100.0,Average
PERF_000867,EMP_0073,2025-11-01,458000,3.6,97.9,Good
PERF_000868,EMP_0073,2025-12-01,296000,2.2,98.2,Average
PERF_000869,EMP_0073,2026-01-01,294000,4.6,83.2,Good
PERF_000870,EMP_0073,2026-02-01,300000,7.8,82.0,Average
PERF_000871,EMP_0073,2026-03-01,319000,15.0,94.0,Average
PERF_000872,EMP_0073,2026-04-01,390000,14.0,90.4,Good
PERF_000873,EMP_0073,2026-05-01,445000,7.7,100.0,Average
PERF_000874,EMP_0073,2026-06-01,205000,7.4,92.6,Average
PERF_000875,EMP_0073,2026-07-01,342000,10.2,84.4,Good
PERF_000876,EMP_0073,2026-08-01,442000,6.3,98.4,Excellent
PERF_000877,EMP_0074,2025-09-01,849000,12.8,93.8,Good
PERF_000878,EMP_0074,2025-10-01,593000,13.5,93.3,Good
PERF_000879,EMP_0074,2025-11-01,1432000,15.4,92.5,Good
PERF_000880,EMP_0074,2025-12-01,1313000,3.2,95.9,Needs Improvement
PERF_000881,EMP_0074,2026-01-01,1447000,16.9,100.0,Average
PERF_000882,EMP_0074,2026-02-01,1355000,9.6,96.0,Good
PERF_000883,EMP_0074,2026-03-01,891000,17.0,88.9,Average
PERF_000884,EMP_0074,2026-04-01,1343000,3.4,95.5,Average
PERF_000885,EMP_0074,2026-05-01,572000,8.2,96.3,Good
PERF_000886,EMP_0074,2026-06-01,757000,5.3,100.0,Excellent
PERF_000887,EMP_0074,2026-07-01,1325000,10.9,96.5,Good
PERF_000888,EMP_0074,2026-08-01,1245000,13.6,92.1,Excellent
PERF_000889,EMP_0075,2025-09-01,410000,4.7,95.3,Good
PERF_000890,EMP_0075,2025-10-01,348000,8.7,96.2,Excellent
PERF_000891,EMP_0075,2025-11-01,201000,12.8,95.4,Good
PERF_000892,EMP_0075,2025-12-01,409000,2.4,89.6,Good
PERF_000893,EMP_0075,2026-01-01,317000,4.8,94.8,Needs Improvement
PERF_000894,EMP_0075,2026-02-01,587000,10.0,99.7,Needs Improvement
PERF_000895,EMP_0075,2026-03-01,261000,2.3,96.6,Average
PERF_000896,EMP_0075,2026-04-01,366000,10.3,93.5,Excellent
PERF_000897,EMP_0075,2026-05-01,388000,9.7,93.1,Average
PERF_000898,EMP_0075,2026-06-01,345000,2.6,98.0,Average
PERF_000899,EMP_0075,2026-07-01,291000,17.6,92.4,Good
PERF_000900,EMP_0075,2026-08-01,456000,16.0,88.5,Good
PERF_000901,EMP_0076,2025-09-01,1301000,7.5,95.5,Good
PERF_000902,EMP_0076,2025-10-01,1365000,8.7,91.3,Excellent
PERF_000903,EMP_0076,2025-11-01,1180000,7.1,88.7,Good
PERF_000904,EMP_0076,2025-12-01,1188000,15.6,87.4,Excellent
PERF_000905,EMP_0076,2026-01-01,1441000,7.9,92.5,Excellent
PERF_000906,EMP_0076,2026-02-01,1447000,17.8,89.7,Excellent
PERF_000907,EMP_0076,2026-03-01,949000,15.4,89.7,Average
PERF_000908,EMP_0076,2026-04-01,1202000,13.4,94.8,Good
PERF_000909,EMP_0076,2026-05-01,662000,4.9,99.0,Good
PERF_000910,EMP_0076,2026-06-01,889000,4.1,88.3,Excellent
PERF_000911,EMP_0076,2026-07-01,641000,10.4,92.4,Good
PERF_000912,EMP_0076,2026-08-01,972000,13.4,92.8,Good
PERF_000913,EMP_0077,2025-09-01,499000,11.3,92.4,Good
PERF_000914,EMP_0077,2025-10-01,367000,8.5,85.1,Good
PERF_000915,EMP_0077,2025-11-01,372000,14.0,89.7,Average
PERF_000916,EMP_0077,2025-12-01,585000,5.2,98.1,Good
PERF_000917,EMP_0077,2026-01-01,577000,6.9,94.9,Excellent
PERF_000918,EMP_0077,2026-02-01,404000,4.0,95.7,Average
PERF_000919,EMP_0077,2026-03-01,392000,2.0,92.0,Good
PERF_000920,EMP_0077,2026-04-01,518000,6.0,94.8,Good
PERF_000921,EMP_0077,2026-05-01,317000,8.9,88.6,Excellent
PERF_000922,EMP_0077,2026-06-01,335000,17.5,94.0,Good
PERF_000923,EMP_0077,2026-07-01,441000,11.1,94.3,Good
PERF_000924,EMP_0077,2026-08-01,474000,17.1,91.2,Average
PERF_000925,EMP_0078,2025-09-01,432000,3.6,98.1,Good
PERF_000926,EMP_0078,2025-10-01,362000,17.0,91.9,Excellent
PERF_000927,EMP_0078,2025-11-01,452000,6.8,97.5,Average
PERF_000928,EMP_0078,2025-12-01,234000,2.3,90.7,Excellent
PERF_000929,EMP_0078,2026-01-01,286000,10.2,95.8,Average
PERF_000930,EMP_0078,2026-02-01,224000,7.4,94.8,Average
PERF_000931,EMP_0078,2026-03-01,471000,9.6,96.2,Average
PERF_000932,EMP_0078,2026-04-01,527000,11.9,88.0,Excellent
PERF_000933,EMP_0078,2026-05-01,283000,4.2,98.5,Excellent
PERF_000934,EMP_0078,2026-06-01,265000,8.7,89.6,Good
PERF_000935,EMP_0078,2026-07-01,521000,16.6,97.7,Average
PERF_000936,EMP_0078,2026-08-01,532000,9.3,90.8,Excellent
PERF_000937,EMP_0079,2025-09-01,1133000,14.9,92.9,Needs Improvement
PERF_000938,EMP_0079,2025-10-01,707000,3.3,92.1,Average
PERF_000939,EMP_0079,2025-11-01,1417000,5.2,87.0,Average
PERF_000940,EMP_0079,2025-12-01,1223000,11.9,100.0,Good
PERF_000941,EMP_0079,2026-01-01,942000,2.2,93.7,Good
PERF_000942,EMP_0079,2026-02-01,811000,18.0,94.2,Excellent
PERF_000943,EMP_0079,2026-03-01,847000,6.8,100.0,Good
PERF_000944,EMP_0079,2026-04-01,716000,6.4,93.8,Good
PERF_000945,EMP_0079,2026-05-01,1163000,15.0,95.1,Average
PERF_000946,EMP_0079,2026-06-01,636000,4.6,97.7,Good
PERF_000947,EMP_0079,2026-07-01,1100000,12.9,82.8,Good
PERF_000948,EMP_0079,2026-08-01,632000,13.2,90.3,Good
PERF_000949,EMP_0080,2025-09-01,261000,14.7,93.3,Good
PERF_000950,EMP_0080,2025-10-01,550000,8.4,95.8,Excellent
PERF_000951,EMP_0080,2025-11-01,516000,4.6,93.4,Good
PERF_000952,EMP_0080,2025-12-01,551000,6.3,95.6,Good
PERF_000953,EMP_0080,2026-01-01,446000,17.6,93.4,Needs Improvement
PERF_000954,EMP_0080,2026-02-01,529000,3.5,90.6,Good
PERF_000955,EMP_0080,2026-03-01,556000,5.8,91.3,Good
PERF_000956,EMP_0080,2026-04-01,234000,13.8,87.7,Excellent
PERF_000957,EMP_0080,2026-05-01,326000,7.7,85.5,Average
PERF_000958,EMP_0080,2026-06-01,233000,17.8,97.1,Good
PERF_000959,EMP_0080,2026-07-01,331000,2.4,92.5,Good
PERF_000960,EMP_0080,2026-08-01,204000,17.7,98.8,Good
PERF_000961,EMP_0081,2025-09-01,445000,8.1,98.7,Good
PERF_000962,EMP_0081,2025-10-01,407000,11.9,88.8,Good
PERF_000963,EMP_0081,2025-11-01,262000,3.1,94.1,Average
PERF_000964,EMP_0081,2025-12-01,577000,12.3,99.1,Average
PERF_000965,EMP_0081,2026-01-01,435000,16.2,95.0,Excellent
PERF_000966,EMP_0081,2026-02-01,558000,15.0,92.1,Average
PERF_000967,EMP_0081,2026-03-01,353000,12.8,93.5,Excellent
PERF_000968,EMP_0081,2026-04-01,503000,6.8,94.9,Average
PERF_000969,EMP_0081,2026-05-01,474000,3.8,95.7,Average
PERF_000970,EMP_0081,2026-06-01,537000,11.4,91.6,Excellent
PERF_000971,EMP_0081,2026-07-01,357000,8.7,91.2,Excellent
PERF_000972,EMP_0081,2026-08-01,537000,17.9,91.8,Average
PERF_000973,EMP_0082,2025-09-01,1300000,3.5,91.9,Good
PERF_000974,EMP_0082,2025-10-01,1472000,11.9,89.3,Excellent
PERF_000975,EMP_0082,2025-11-01,557000,6.0,89.9,Excellent
PERF_000976,EMP_0082,2025-12-01,537000,2.9,89.1,Average
PERF_000977,EMP_0082,2026-01-01,1310000,10.3,91.5,Good
PERF_000978,EMP_0082,2026-02-01,960000,17.2,89.5,Average
PERF_000979,EMP_0082,2026-03-01,542000,2.8,95.0,Excellent
PERF_000980,EMP_0082,2026-04-01,633000,14.7,88.5,Needs Improvement
PERF_000981,EMP_0082,2026-05-01,1121000,15.9,96.6,Good
PERF_000982,EMP_0082,2026-06-01,954000,8.9,88.3,Excellent
PERF_000983,EMP_0082,2026-07-01,960000,12.0,97.2,Average
PERF_000984,EMP_0082,2026-08-01,871000,8.4,90.7,Average
PERF_000985,EMP_0083,2025-09-01,519000,11.6,94.9,Excellent
PERF_000986,EMP_0083,2025-10-01,411000,4.5,90.2,Average
PERF_000987,EMP_0083,2025-11-01,568000,2.2,92.4,Average
PERF_000988,EMP_0083,2025-12-01,406000,14.7,95.5,Excellent
PERF_000989,EMP_0083,2026-01-01,231000,7.7,89.7,Good
PERF_000990,EMP_0083,2026-02-01,559000,5.2,89.5,Excellent
PERF_000991,EMP_0083,2026-03-01,255000,6.7,89.0,Excellent
PERF_000992,EMP_0083,2026-04-01,231000,6.7,89.2,Good
PERF_000993,EMP_0083,2026-05-01,315000,10.8,100.0,Excellent
PERF_000994,EMP_0083,2026-06-01,303000,7.8,89.9,Good
PERF_000995,EMP_0083,2026-07-01,388000,7.3,93.3,Excellent
PERF_000996,EMP_0083,2026-08-01,259000,12.7,96.0,Good
PERF_000997,EMP_0084,2025-09-01,1493000,10.7,94.2,Average
PERF_000998,EMP_0084,2025-10-01,951000,12.5,100.0,Good
PERF_000999,EMP_0084,2025-11-01,1138000,15.5,94.1,Good
PERF_001000,EMP_0084,2025-12-01,1164000,9.2,94.1,Excellent
PERF_001001,EMP_0084,2026-01-01,1419000,10.9,94.6,Average
PERF_001002,EMP_0084,2026-02-01,608000,8.1,92.9,Good
PERF_001003,EMP_0084,2026-03-01,567000,17.7,88.9,Good
PERF_001004,EMP_0084,2026-04-01,814000,9.2,92.9,Good
PERF_001005,EMP_0084,2026-05-01,1373000,15.1,88.5,Average
PERF_001006,EMP_0084,2026-06-01,528000,7.5,96.5,Excellent
PERF_001007,EMP_0084,2026-07-01,1382000,7.2,87.0,Average
PERF_001008,EMP_0084,2026-08-01,604000,15.9,93.8,Average
PERF_001009,EMP_0085,2025-09-01,204000,10.5,100.0,Excellent
PERF_001010,EMP_0085,2025-10-01,491000,6.4,92.9,Good
PERF_001011,EMP_0085,2025-11-01,559000,8.3,88.5,Good
PERF_001012,EMP_0085,2025-12-01,401000,3.4,93.8,Average
PERF_001013,EMP_0085,2026-01-01,272000,4.6,92.8,Excellent
PERF_001014,EMP_0085,2026-02-01,376000,12.6,93.9,Average
PERF_001015,EMP_0085,2026-03-01,345000,2.4,91.6,Good
PERF_001016,EMP_0085,2026-04-01,515000,6.4,90.8,Good
PERF_001017,EMP_0085,2026-05-01,490000,12.2,97.0,Good
PERF_001018,EMP_0085,2026-06-01,245000,4.5,90.1,Excellent
PERF_001019,EMP_0085,2026-07-01,327000,16.1,95.5,Average
PERF_001020,EMP_0085,2026-08-01,596000,12.2,91.1,Good
PERF_001021,EMP_0086,2025-09-01,276000,16.6,88.4,Good
PERF_001022,EMP_0086,2025-10-01,446000,15.2,89.3,Good
PERF_001023,EMP_0086,2025-11-01,274000,15.5,94.5,Good
PERF_001024,EMP_0086,2025-12-01,401000,17.5,93.6,Average
PERF_001025,EMP_0086,2026-01-01,522000,9.0,98.2,Good
PERF_001026,EMP_0086,2026-02-01,306000,4.1,93.2,Good
PERF_001027,EMP_0086,2026-03-01,593000,9.8,99.7,Excellent
PERF_001028,EMP_0086,2026-04-01,340000,15.4,91.1,Good
PERF_001029,EMP_0086,2026-05-01,353000,3.8,91.2,Average
PERF_001030,EMP_0086,2026-06-01,370000,6.2,91.9,Good
PERF_001031,EMP_0086,2026-07-01,326000,14.6,92.1,Good
PERF_001032,EMP_0086,2026-08-01,444000,2.4,98.8,Good
PERF_001033,EMP_0087,2025-09-01,960000,3.2,92.4,Average
PERF_001034,EMP_0087,2025-10-01,912000,7.2,90.3,Excellent
PERF_001035,EMP_0087,2025-11-01,879000,14.6,89.7,Good
PERF_001036,EMP_0087,2025-12-01,1286000,5.5,98.7,Good
PERF_001037,EMP_0087,2026-01-01,1060000,7.8,90.7,Average
PERF_001038,EMP_0087,2026-02-01,670000,3.4,90.7,Excellent
PERF_001039,EMP_0087,2026-03-01,697000,11.2,88.4,Average
PERF_001040,EMP_0087,2026-04-01,1469000,9.9,97.1,Excellent
PERF_001041,EMP_0087,2026-05-01,1138000,5.6,87.9,Average
PERF_001042,EMP_0087,2026-06-01,794000,15.3,91.5,Good
PERF_001043,EMP_0087,2026-07-01,1252000,2.8,91.8,Good
PERF_001044,EMP_0087,2026-08-01,667000,5.5,97.1,Good
PERF_001045,EMP_0088,2025-09-01,1248000,16.1,93.1,Good
PERF_001046,EMP_0088,2025-10-01,1336000,11.8,95.2,Good
PERF_001047,EMP_0088,2025-11-01,956000,10.9,91.2,Good
PERF_001048,EMP_0088,2025-12-01,1163000,11.4,96.6,Good
PERF_001049,EMP_0088,2026-01-01,1128000,6.1,95.1,Good
PERF_001050,EMP_0088,2026-02-01,578000,16.4,98.4,Good
PERF_001051,EMP_0088,2026-03-01,823000,17.0,91.1,Good
PERF_001052,EMP_0088,2026-04-01,1486000,15.8,92.0,Average
PERF_001053,EMP_0088,2026-05-01,511000,11.0,91.0,Average
PERF_001054,EMP_0088,2026-06-01,1418000,14.7,93.5,Good
PERF_001055,EMP_0088,2026-07-01,1443000,9.0,87.4,Good
PERF_001056,EMP_0088,2026-08-01,1189000,6.1,92.9,Good
PERF_001057,EMP_0089,2025-09-01,754000,2.3,96.1,Excellent
PERF_001058,EMP_0089,2025-10-01,1305000,3.2,97.1,Excellent
PERF_001059,EMP_0089,2025-11-01,1394000,14.9,90.1,Average
PERF_001060,EMP_0089,2025-12-01,1297000,7.5,96.9,Good
PERF_001061,EMP_0089,2026-01-01,698000,16.4,96.0,Excellent
PERF_001062,EMP_0089,2026-02-01,1002000,12.7,94.9,Average
PERF_001063,EMP_0089,2026-03-01,1492000,2.6,93.3,Good
PERF_001064,EMP_0089,2026-04-01,1317000,15.9,94.2,Good
PERF_001065,EMP_0089,2026-05-01,671000,11.2,88.5,Good
PERF_001066,EMP_0089,2026-06-01,683000,14.9,100.0,Good
PERF_001067,EMP_0089,2026-07-01,641000,6.0,95.1,Good
PERF_001068,EMP_0089,2026-08-01,737000,13.7,86.1,Good
PERF_001069,EMP_0090,2025-09-01,495000,15.3,96.6,Average
PERF_001070,EMP_0090,2025-10-01,390000,4.5,93.9,Excellent
PERF_001071,EMP_0090,2025-11-01,444000,3.4,92.4,Average
PERF_001072,EMP_0090,2025-12-01,333000,4.1,95.4,Needs Improvement
PERF_001073,EMP_0090,2026-01-01,527000,16.2,91.4,Excellent
PERF_001074,EMP_0090,2026-02-01,535000,15.7,97.8,Average
PERF_001075,EMP_0090,2026-03-01,278000,9.9,92.4,Good
PERF_001076,EMP_0090,2026-04-01,503000,13.4,89.5,Average
PERF_001077,EMP_0090,2026-05-01,395000,15.2,89.5,Good
PERF_001078,EMP_0090,2026-06-01,474000,6.8,90.4,Average
PERF_001079,EMP_0090,2026-07-01,209000,3.0,98.9,Average
PERF_001080,EMP_0090,2026-08-01,435000,6.4,91.0,Good
PERF_001081,EMP_0091,2025-09-01,569000,10.6,94.1,Average
PERF_001082,EMP_0091,2025-10-01,358000,5.8,90.1,Excellent
PERF_001083,EMP_0091,2025-11-01,548000,7.5,87.5,Average
PERF_001084,EMP_0091,2025-12-01,551000,3.8,91.9,Excellent
PERF_001085,EMP_0091,2026-01-01,235000,4.0,95.5,Average
PERF_001086,EMP_0091,2026-02-01,396000,10.1,97.3,Average
PERF_001087,EMP_0091,2026-03-01,280000,16.8,100.0,Good
PERF_001088,EMP_0091,2026-04-01,400000,3.1,96.1,Good
PERF_001089,EMP_0091,2026-05-01,578000,17.1,88.6,Good
PERF_001090,EMP_0091,2026-06-01,365000,2.3,96.8,Average
PERF_001091,EMP_0091,2026-07-01,467000,7.6,90.6,Good
PERF_001092,EMP_0091,2026-08-01,448000,10.4,96.0,Good
PERF_001093,EMP_0092,2025-09-01,644000,10.4,91.8,Excellent
PERF_001094,EMP_0092,2025-10-01,985000,17.9,100.0,Good
PERF_001095,EMP_0092,2025-11-01,1369000,3.9,94.8,Good
PERF_001096,EMP_0092,2025-12-01,1135000,13.4,93.4,Average
PERF_001097,EMP_0092,2026-01-01,853000,5.1,92.9,Good
PERF_001098,EMP_0092,2026-02-01,684000,14.4,89.4,Good
PERF_001099,EMP_0092,2026-03-01,1129000,9.1,89.6,Average
PERF_001100,EMP_0092,2026-04-01,1098000,4.5,96.9,Excellent
PERF_001101,EMP_0092,2026-05-01,1405000,2.5,89.8,Good
PERF_001102,EMP_0092,2026-06-01,907000,12.8,91.1,Good
PERF_001103,EMP_0092,2026-07-01,742000,11.8,95.4,Good
PERF_001104,EMP_0092,2026-08-01,1111000,5.0,99.6,Good
PERF_001105,EMP_0093,2025-09-01,1071000,12.9,87.2,Good
PERF_001106,EMP_0093,2025-10-01,1218000,13.1,85.2,Good
PERF_001107,EMP_0093,2025-11-01,1385000,16.2,90.9,Good
PERF_001108,EMP_0093,2025-12-01,561000,15.5,98.2,Average
PERF_001109,EMP_0093,2026-01-01,1129000,10.6,95.9,Excellent
PERF_001110,EMP_0093,2026-02-01,1440000,7.3,91.8,Good
PERF_001111,EMP_0093,2026-03-01,1045000,3.9,90.8,Average
PERF_001112,EMP_0093,2026-04-01,1049000,6.3,99.5,Good
PERF_001113,EMP_0093,2026-05-01,1475000,8.5,90.6,Good
PERF_001114,EMP_0093,2026-06-01,1325000,7.3,92.8,Needs Improvement
PERF_001115,EMP_0093,2026-07-01,1433000,10.9,90.3,Average
PERF_001116,EMP_0093,2026-08-01,700000,14.2,92.7,Good
PERF_001117,EMP_0094,2025-09-01,425000,9.4,93.3,Good
PERF_001118,EMP_0094,2025-10-01,217000,13.1,90.2,Good
PERF_001119,EMP_0094,2025-11-01,350000,2.3,88.0,Good
PERF_001120,EMP_0094,2025-12-01,310000,17.0,91.6,Good
PERF_001121,EMP_0094,2026-01-01,534000,9.3,85.2,Good
PERF_001122,EMP_0094,2026-02-01,576000,17.4,94.0,Excellent
PERF_001123,EMP_0094,2026-03-01,376000,17.9,100.0,Excellent
PERF_001124,EMP_0094,2026-04-01,415000,2.2,89.5,Average
PERF_001125,EMP_0094,2026-05-01,350000,17.1,99.7,Good
PERF_001126,EMP_0094,2026-06-01,539000,10.6,93.4,Good
PERF_001127,EMP_0094,2026-07-01,244000,8.7,96.8,Average
PERF_001128,EMP_0094,2026-08-01,488000,16.1,87.7,Good
PERF_001129,EMP_0095,2025-09-01,1277000,16.0,90.5,Good
PERF_001130,EMP_0095,2025-10-01,1467000,4.6,92.6,Excellent
PERF_001131,EMP_0095,2025-11-01,1428000,16.4,97.2,Average
PERF_001132,EMP_0095,2025-12-01,1306000,9.1,93.4,Good
PERF_001133,EMP_0095,2026-01-01,1109000,9.8,100.0,Good
PERF_001134,EMP_0095,2026-02-01,823000,9.7,86.9,Good
PERF_001135,EMP_0095,2026-03-01,540000,5.6,89.9,Average
PERF_001136,EMP_0095,2026-04-01,1483000,7.7,95.1,Average
PERF_001137,EMP_0095,2026-05-01,778000,8.2,90.1,Good
PERF_001138,EMP_0095,2026-06-01,747000,16.3,92.5,Excellent
PERF_001139,EMP_0095,2026-07-01,591000,4.6,91.1,Good
PERF_001140,EMP_0095,2026-08-01,1469000,5.4,100.0,Excellent
PERF_001141,EMP_0096,2025-09-01,427000,2.1,91.6,Good
PERF_001142,EMP_0096,2025-10-01,389000,16.7,97.2,Good
PERF_001143,EMP_0096,2025-11-01,280000,8.2,98.1,Excellent
PERF_001144,EMP_0096,2025-12-01,504000,9.3,89.5,Excellent
PERF_001145,EMP_0096,2026-01-01,294000,13.3,94.0,Good
PERF_001146,EMP_0096,2026-02-01,380000,17.6,98.0,Good
PERF_001147,EMP_0096,2026-03-01,573000,4.3,89.4,Excellent
PERF_001148,EMP_0096,2026-04-01,351000,6.3,93.0,Good
PERF_001149,EMP_0096,2026-05-01,590000,2.8,86.9,Good
PERF_001150,EMP_0096,2026-06-01,276000,3.7,94.7,Excellent
PERF_001151,EMP_0096,2026-07-01,519000,8.6,95.3,Good
PERF_001152,EMP_0096,2026-08-01,280000,7.6,86.2,Needs Improvement
PERF_001153,EMP_0097,2025-09-01,473000,17.6,89.2,Average
PERF_001154,EMP_0097,2025-10-01,564000,14.2,100.0,Good
PERF_001155,EMP_0097,2025-11-01,203000,4.0,94.3,Excellent
PERF_001156,EMP_0097,2025-12-01,507000,13.1,93.4,Good
PERF_001157,EMP_0097,2026-01-01,557000,8.3,95.0,Average
PERF_001158,EMP_0097,2026-02-01,517000,5.8,96.0,Good
PERF_001159,EMP_0097,2026-03-01,438000,4.3,98.9,Good
PERF_001160,EMP_0097,2026-04-01,457000,8.3,86.1,Average
PERF_001161,EMP_0097,2026-05-01,320000,17.2,91.3,Average
PERF_001162,EMP_0097,2026-06-01,282000,6.8,91.3,Average
PERF_001163,EMP_0097,2026-07-01,503000,7.6,88.5,Excellent
PERF_001164,EMP_0097,2026-08-01,564000,2.1,92.5,Good
PERF_001165,EMP_0098,2025-09-01,1194000,8.9,98.4,Good
PERF_001166,EMP_0098,2025-10-01,779000,11.8,84.6,Good
PERF_001167,EMP_0098,2025-11-01,556000,17.2,97.1,Good
PERF_001168,EMP_0098,2025-12-01,960000,12.0,96.8,Good
PERF_001169,EMP_0098,2026-01-01,1329000,17.8,96.2,Excellent
PERF_001170,EMP_0098,2026-02-01,1269000,10.8,89.4,Excellent
PERF_001171,EMP_0098,2026-03-01,1333000,13.5,92.3,Excellent
PERF_001172,EMP_0098,2026-04-01,877000,11.8,95.5,Average
PERF_001173,EMP_0098,2026-05-01,1102000,2.2,94.5,Average
PERF_001174,EMP_0098,2026-06-01,706000,16.5,94.8,Excellent
PERF_001175,EMP_0098,2026-07-01,674000,5.3,90.6,Good
PERF_001176,EMP_0098,2026-08-01,919000,8.2,99.8,Average
PERF_001177,EMP_0099,2025-09-01,413000,3.4,86.9,Good
PERF_001178,EMP_0099,2025-10-01,497000,11.7,89.3,Average
PERF_001179,EMP_0099,2025-11-01,473000,10.7,94.1,Excellent
PERF_001180,EMP_0099,2025-12-01,580000,4.6,91.0,Good
PERF_001181,EMP_0099,2026-01-01,298000,10.2,93.7,Average
PERF_001182,EMP_0099,2026-02-01,569000,6.2,93.1,Needs Improvement
PERF_001183,EMP_0099,2026-03-01,319000,9.5,90.9,Good
PERF_001184,EMP_0099,2026-04-01,349000,11.7,95.2,Average
PERF_001185,EMP_0099,2026-05-01,263000,16.1,86.5,Average
PERF_001186,EMP_0099,2026-06-01,349000,3.6,92.2,Good
PERF_001187,EMP_0099,2026-07-01,244000,5.1,94.9,Excellent
PERF_001188,EMP_0099,2026-08-01,434000,16.6,90.4,Good
PERF_001189,EMP_0100,2025-09-01,749000,7.9,96.3,Excellent
PERF_001190,EMP_0100,2025-10-01,526000,7.1,86.8,Good
PERF_001191,EMP_0100,2025-11-01,1204000,17.0,97.2,Good
PERF_001192,EMP_0100,2025-12-01,615000,3.3,98.1,Good
PERF_001193,EMP_0100,2026-01-01,897000,16.4,88.8,Good
PERF_001194,EMP_0100,2026-02-01,1207000,10.7,94.6,Good
PERF_001195,EMP_0100,2026-03-01,1353000,4.7,89.2,Good
PERF_001196,EMP_0100,2026-04-01,1146000,10.2,87.7,Excellent
PERF_001197,EMP_0100,2026-05-01,1183000,10.1,94.4,Average
PERF_001198,EMP_0100,2026-06-01,1265000,11.2,95.8,Good
PERF_001199,EMP_0100,2026-07-01,559000,15.0,92.4,Good
PERF_001200,EMP_0100,2026-08-01,1467000,12.8,90.3,Good
PERF_001201,EMP_0101,2025-09-01,438000,11.3,88.1,Excellent
PERF_001202,EMP_0101,2025-10-01,248000,9.6,87.6,Good
PERF_001203,EMP_0101,2025-11-01,572000,17.8,93.6,Average
PERF_001204,EMP_0101,2025-12-01,463000,12.9,93.8,Good
PERF_001205,EMP_0101,2026-01-01,561000,14.9,88.7,Good
PERF_001206,EMP_0101,2026-02-01,512000,13.4,89.3,Excellent
PERF_001207,EMP_0101,2026-03-01,257000,9.3,91.1,Good
PERF_001208,EMP_0101,2026-04-01,371000,17.2,93.1,Good
PERF_001209,EMP_0101,2026-05-01,363000,12.4,86.6,Excellent
PERF_001210,EMP_0101,2026-06-01,577000,6.3,91.6,Good
PERF_001211,EMP_0101,2026-07-01,359000,9.1,99.0,Good
PERF_001212,EMP_0101,2026-08-01,551000,10.0,93.1,Good
PERF_001213,EMP_0102,2025-09-01,281000,4.2,92.8,Good
PERF_001214,EMP_0102,2025-10-01,217000,12.0,90.1,Good
PERF_001215,EMP_0102,2025-11-01,429000,10.3,86.5,Good
PERF_001216,EMP_0102,2025-12-01,399000,17.2,95.2,Good
PERF_001217,EMP_0102,2026-01-01,386000,7.1,89.3,Good
PERF_001218,EMP_0102,2026-02-01,554000,15.0,100.0,Average
PERF_001219,EMP_0102,2026-03-01,525000,4.5,98.2,Good
PERF_001220,EMP_0102,2026-04-01,263000,2.3,94.6,Good
PERF_001221,EMP_0102,2026-05-01,314000,13.9,89.1,Needs Improvement
PERF_001222,EMP_0102,2026-06-01,475000,15.3,94.6,Average
PERF_001223,EMP_0102,2026-07-01,544000,15.1,89.1,Excellent
PERF_001224,EMP_0102,2026-08-01,233000,10.5,97.6,Good
PERF_001225,EMP_0103,2025-09-01,786000,15.9,97.7,Good
PERF_001226,EMP_0103,2025-10-01,1041000,12.6,91.2,Excellent
PERF_001227,EMP_0103,2025-11-01,1246000,12.3,92.4,Excellent
PERF_001228,EMP_0103,2025-12-01,896000,14.0,83.5,Good
PERF_001229,EMP_0103,2026-01-01,966000,3.1,95.3,Good
PERF_001230,EMP_0103,2026-02-01,656000,6.8,94.6,Good
PERF_001231,EMP_0103,2026-03-01,974000,17.3,95.5,Good
PERF_001232,EMP_0103,2026-04-01,545000,2.1,99.1,Excellent
PERF_001233,EMP_0103,2026-05-01,746000,9.0,100.0,Average
PERF_001234,EMP_0103,2026-06-01,1139000,10.0,92.2,Excellent
PERF_001235,EMP_0103,2026-07-01,954000,2.5,90.0,Good
PERF_001236,EMP_0103,2026-08-01,1146000,15.0,88.2,Good
PERF_001237,EMP_0104,2025-09-01,1004000,3.2,92.2,Average
PERF_001238,EMP_0104,2025-10-01,807000,3.4,85.3,Average
PERF_001239,EMP_0104,2025-11-01,854000,9.2,92.6,Excellent
PERF_001240,EMP_0104,2025-12-01,1122000,6.3,85.7,Average
PERF_001241,EMP_0104,2026-01-01,963000,14.4,95.1,Good
PERF_001242,EMP_0104,2026-02-01,1343000,14.8,95.7,Average
PERF_001243,EMP_0104,2026-03-01,1249000,2.2,90.2,Good
PERF_001244,EMP_0104,2026-04-01,1189000,17.1,95.0,Good
PERF_001245,EMP_0104,2026-05-01,1383000,7.8,94.4,Average
PERF_001246,EMP_0104,2026-06-01,1229000,2.5,97.2,Good
PERF_001247,EMP_0104,2026-07-01,708000,7.5,95.1,Good
PERF_001248,EMP_0104,2026-08-01,552000,6.4,84.4,Excellent
PERF_001249,EMP_0105,2025-09-01,538000,14.2,89.6,Good
PERF_001250,EMP_0105,2025-10-01,239000,14.7,95.0,Good
PERF_001251,EMP_0105,2025-11-01,555000,16.8,94.2,Good
PERF_001252,EMP_0105,2025-12-01,207000,7.9,90.9,Excellent
PERF_001253,EMP_0105,2026-01-01,474000,2.5,87.0,Average
PERF_001254,EMP_0105,2026-02-01,290000,9.6,87.2,Average
PERF_001255,EMP_0105,2026-03-01,332000,5.0,85.6,Good
PERF_001256,EMP_0105,2026-04-01,510000,8.3,89.2,Good
PERF_001257,EMP_0105,2026-05-01,289000,2.0,93.9,Good
PERF_001258,EMP_0105,2026-06-01,251000,11.2,95.6,Good
PERF_001259,EMP_0105,2026-07-01,289000,12.5,100.0,Excellent
PERF_001260,EMP_0105,2026-08-01,406000,5.6,91.2,Needs Improvement
PERF_001261,EMP_0106,2025-09-01,700000,13.7,96.6,Good
PERF_001262,EMP_0106,2025-10-01,1491000,11.6,93.0,Good
PERF_001263,EMP_0106,2025-11-01,840000,12.1,97.0,Good
PERF_001264,EMP_0106,2025-12-01,554000,9.6,94.4,Good
PERF_001265,EMP_0106,2026-01-01,561000,16.1,96.5,Excellent
PERF_001266,EMP_0106,2026-02-01,1389000,7.5,94.7,Average
PERF_001267,EMP_0106,2026-03-01,869000,5.4,92.3,Good
PERF_001268,EMP_0106,2026-04-01,850000,17.9,99.2,Average
PERF_001269,EMP_0106,2026-05-01,770000,5.7,95.1,Good
PERF_001270,EMP_0106,2026-06-01,1398000,5.7,95.9,Good
PERF_001271,EMP_0106,2026-07-01,896000,10.7,91.7,Excellent
PERF_001272,EMP_0106,2026-08-01,1146000,15.6,98.7,Excellent
PERF_001273,EMP_0107,2025-09-01,1046000,14.4,94.1,Average
PERF_001274,EMP_0107,2025-10-01,1226000,3.4,91.0,Good
PERF_001275,EMP_0107,2025-11-01,805000,13.7,97.4,Good
PERF_001276,EMP_0107,2025-12-01,613000,14.0,95.5,Excellent
PERF_001277,EMP_0107,2026-01-01,1332000,16.4,91.6,Good
PERF_001278,EMP_0107,2026-02-01,1165000,12.2,84.3,Good
PERF_001279,EMP_0107,2026-03-01,1019000,6.6,96.3,Average
PERF_001280,EMP_0107,2026-04-01,572000,13.6,97.1,Good
PERF_001281,EMP_0107,2026-05-01,629000,14.4,92.8,Average
PERF_001282,EMP_0107,2026-06-01,936000,14.7,92.4,Good
PERF_001283,EMP_0107,2026-07-01,621000,16.6,85.9,Good
PERF_001284,EMP_0107,2026-08-01,1383000,3.5,100.0,Good
PERF_001285,EMP_0108,2025-09-01,548000,8.5,90.6,Good
PERF_001286,EMP_0108,2025-10-01,489000,2.8,91.2,Good
PERF_001287,EMP_0108,2025-11-01,286000,9.3,91.0,Good
PERF_001288,EMP_0108,2025-12-01,549000,3.7,95.7,Average
PERF_001289,EMP_0108,2026-01-01,596000,5.7,94.7,Good
PERF_001290,EMP_0108,2026-02-01,261000,6.4,92.1,Excellent
PERF_001291,EMP_0108,2026-03-01,526000,3.8,96.1,Average
PERF_001292,EMP_0108,2026-04-01,242000,6.4,89.4,Average
PERF_001293,EMP_0108,2026-05-01,257000,2.6,91.3,Needs Improvement
PERF_001294,EMP_0108,2026-06-01,412000,17.8,86.4,Good
PERF_001295,EMP_0108,2026-07-01,260000,5.1,89.3,Average
PERF_001296,EMP_0108,2026-08-01,561000,10.3,93.7,Good
PERF_001297,EMP_0109,2025-09-01,316000,10.5,99.1,Needs Improvement
PERF_001298,EMP_0109,2025-10-01,434000,16.9,89.9,Good
PERF_001299,EMP_0109,2025-11-01,404000,15.2,96.6,Good
PERF_001300,EMP_0109,2025-12-01,450000,11.2,98.1,Needs Improvement
PERF_001301,EMP_0109,2026-01-01,556000,11.0,100.0,Excellent
PERF_001302,EMP_0109,2026-02-01,511000,5.1,99.7,Good
PERF_001303,EMP_0109,2026-03-01,205000,2.0,99.9,Good
PERF_001304,EMP_0109,2026-04-01,345000,7.6,91.5,Excellent
PERF_001305,EMP_0109,2026-05-01,405000,12.8,91.9,Average
PERF_001306,EMP_0109,2026-06-01,483000,8.6,91.1,Good
PERF_001307,EMP_0109,2026-07-01,400000,9.5,91.7,Average
PERF_001308,EMP_0109,2026-08-01,311000,10.3,100.0,Average
PERF_001309,EMP_0110,2025-09-01,484000,15.0,99.3,Average
PERF_001310,EMP_0110,2025-10-01,277000,12.9,95.4,Average
PERF_001311,EMP_0110,2025-11-01,489000,14.1,93.3,Good
PERF_001312,EMP_0110,2025-12-01,400000,12.1,93.7,Good
PERF_001313,EMP_0110,2026-01-01,258000,14.2,95.7,Good
PERF_001314,EMP_0110,2026-02-01,279000,11.4,98.4,Good
PERF_001315,EMP_0110,2026-03-01,441000,16.2,95.3,Average
PERF_001316,EMP_0110,2026-04-01,233000,2.8,98.8,Average
PERF_001317,EMP_0110,2026-05-01,342000,9.6,92.1,Average
PERF_001318,EMP_0110,2026-06-01,578000,8.6,85.1,Good
PERF_001319,EMP_0110,2026-07-01,575000,5.9,92.1,Average
PERF_001320,EMP_0110,2026-08-01,510000,14.4,90.0,Average
PERF_001321,EMP_0111,2025-09-01,580000,15.9,94.2,Average
PERF_001322,EMP_0111,2025-10-01,475000,16.7,91.7,Excellent
PERF_001323,EMP_0111,2025-11-01,575000,12.1,93.4,Good
PERF_001324,EMP_0111,2025-12-01,390000,17.9,91.7,Good
PERF_001325,EMP_0111,2026-01-01,396000,5.1,93.4,Average
PERF_001326,EMP_0111,2026-02-01,515000,3.1,91.2,Needs Improvement
PERF_001327,EMP_0111,2026-03-01,380000,12.9,89.9,Needs Improvement
PERF_001328,EMP_0111,2026-04-01,580000,2.7,100.0,Average
PERF_001329,EMP_0111,2026-05-01,482000,6.4,99.4,Good
PERF_001330,EMP_0111,2026-06-01,390000,11.7,93.3,Excellent
PERF_001331,EMP_0111,2026-07-01,582000,9.9,92.5,Good
PERF_001332,EMP_0111,2026-08-01,491000,17.0,97.3,Good
PERF_001333,EMP_0112,2025-09-01,525000,4.1,86.0,Average
PERF_001334,EMP_0112,2025-10-01,396000,6.7,98.3,Good
PERF_001335,EMP_0112,2025-11-01,209000,6.3,98.1,Average
PERF_001336,EMP_0112,2025-12-01,409000,6.5,91.2,Excellent
PERF_001337,EMP_0112,2026-01-01,267000,10.5,96.9,Average
PERF_001338,EMP_0112,2026-02-01,459000,11.4,88.0,Excellent
PERF_001339,EMP_0112,2026-03-01,533000,8.8,93.7,Good
PERF_001340,EMP_0112,2026-04-01,322000,13.8,88.9,Good
PERF_001341,EMP_0112,2026-05-01,562000,6.4,91.5,Average
PERF_001342,EMP_0112,2026-06-01,517000,11.6,97.6,Good
PERF_001343,EMP_0112,2026-07-01,324000,10.8,88.8,Good
PERF_001344,EMP_0112,2026-08-01,532000,15.8,92.4,Average
PERF_001345,EMP_0113,2025-09-01,552000,16.9,91.2,Excellent
PERF_001346,EMP_0113,2025-10-01,305000,12.3,92.4,Excellent
PERF_001347,EMP_0113,2025-11-01,205000,6.4,92.6,Needs Improvement
PERF_001348,EMP_0113,2025-12-01,392000,6.2,100.0,Needs Improvement
PERF_001349,EMP_0113,2026-01-01,544000,16.2,87.2,Good
PERF_001350,EMP_0113,2026-02-01,342000,9.9,97.6,Good
PERF_001351,EMP_0113,2026-03-01,399000,3.3,93.5,Good
PERF_001352,EMP_0113,2026-04-01,353000,6.9,93.5,Good
PERF_001353,EMP_0113,2026-05-01,554000,14.6,98.3,Good
PERF_001354,EMP_0113,2026-06-01,375000,15.5,95.1,Good
PERF_001355,EMP_0113,2026-07-01,404000,5.5,90.8,Good
PERF_001356,EMP_0113,2026-08-01,296000,15.6,95.9,Average
PERF_001357,EMP_0114,2025-09-01,562000,12.6,93.2,Good
PERF_001358,EMP_0114,2025-10-01,1145000,13.9,89.7,Needs Improvement
PERF_001359,EMP_0114,2025-11-01,871000,11.8,90.6,Average
PERF_001360,EMP_0114,2025-12-01,955000,6.8,97.6,Good
PERF_001361,EMP_0114,2026-01-01,556000,8.4,94.2,Good
PERF_001362,EMP_0114,2026-02-01,1252000,13.1,97.2,Excellent
PERF_001363,EMP_0114,2026-03-01,1180000,17.2,95.0,Average
PERF_001364,EMP_0114,2026-04-01,830000,10.4,94.5,Good
PERF_001365,EMP_0114,2026-05-01,892000,8.0,97.9,Good
PERF_001366,EMP_0114,2026-06-01,938000,3.1,96.0,Good
PERF_001367,EMP_0114,2026-07-01,1276000,4.7,93.8,Good
PERF_001368,EMP_0114,2026-08-01,1124000,7.8,93.9,Good
PERF_001369,EMP_0115,2025-09-01,369000,14.9,98.8,Average
PERF_001370,EMP_0115,2025-10-01,448000,8.5,93.6,Good
PERF_001371,EMP_0115,2025-11-01,448000,8.6,91.4,Average
PERF_001372,EMP_0115,2025-12-01,466000,11.3,87.0,Excellent
PERF_001373,EMP_0115,2026-01-01,420000,9.1,100.0,Good
PERF_001374,EMP_0115,2026-02-01,458000,10.6,97.3,Good
PERF_001375,EMP_0115,2026-03-01,207000,12.2,88.5,Average
PERF_001376,EMP_0115,2026-04-01,218000,3.8,95.0,Good
PERF_001377,EMP_0115,2026-05-01,394000,13.6,97.0,Good
PERF_001378,EMP_0115,2026-06-01,243000,17.7,87.6,Good
PERF_001379,EMP_0115,2026-07-01,499000,6.5,95.0,Good
PERF_001380,EMP_0115,2026-08-01,479000,5.4,96.3,Good
PERF_001381,EMP_0116,2025-09-01,1301000,5.4,90.3,Good
PERF_001382,EMP_0116,2025-10-01,636000,13.0,94.1,Good
PERF_001383,EMP_0116,2025-11-01,505000,14.2,95.8,Good
PERF_001384,EMP_0116,2025-12-01,1314000,16.0,91.0,Average
PERF_001385,EMP_0116,2026-01-01,677000,3.4,89.8,Good
PERF_001386,EMP_0116,2026-02-01,1407000,7.3,90.9,Average
PERF_001387,EMP_0116,2026-03-01,571000,9.2,96.0,Excellent
PERF_001388,EMP_0116,2026-04-01,1157000,17.8,94.0,Needs Improvement
PERF_001389,EMP_0116,2026-05-01,1147000,3.2,90.3,Average
PERF_001390,EMP_0116,2026-06-01,1365000,8.7,92.6,Average
PERF_001391,EMP_0116,2026-07-01,599000,3.3,89.2,Good
PERF_001392,EMP_0116,2026-08-01,809000,9.7,85.8,Good
PERF_001393,EMP_0117,2025-09-01,1498000,12.1,85.8,Good
PERF_001394,EMP_0117,2025-10-01,1170000,4.4,96.8,Good
PERF_001395,EMP_0117,2025-11-01,1434000,2.2,93.8,Average
PERF_001396,EMP_0117,2025-12-01,1303000,9.7,92.1,Good
PERF_001397,EMP_0117,2026-01-01,1205000,3.5,84.3,Needs Improvement
PERF_001398,EMP_0117,2026-02-01,1063000,15.4,96.7,Average
PERF_001399,EMP_0117,2026-03-01,556000,18.0,90.6,Good
PERF_001400,EMP_0117,2026-04-01,603000,3.6,97.4,Average
PERF_001401,EMP_0117,2026-05-01,778000,8.0,93.0,Good
PERF_001402,EMP_0117,2026-06-01,1175000,9.7,97.1,Excellent
PERF_001403,EMP_0117,2026-07-01,555000,6.4,87.8,Good
PERF_001404,EMP_0117,2026-08-01,1448000,6.8,89.8,Good
PERF_001405,EMP_0118,2025-09-01,1135000,8.4,96.4,Good
PERF_001406,EMP_0118,2025-10-01,817000,9.8,94.9,Average
PERF_001407,EMP_0118,2025-11-01,1140000,12.4,93.1,Excellent
PERF_001408,EMP_0118,2025-12-01,1328000,7.3,92.8,Good
PERF_001409,EMP_0118,2026-01-01,1234000,12.5,98.1,Good
PERF_001410,EMP_0118,2026-02-01,1156000,4.2,93.0,Excellent
PERF_001411,EMP_0118,2026-03-01,863000,10.5,99.5,Excellent
PERF_001412,EMP_0118,2026-04-01,754000,7.2,96.6,Good
PERF_001413,EMP_0118,2026-05-01,1484000,13.0,95.6,Good
PERF_001414,EMP_0118,2026-06-01,1272000,6.8,96.4,Good
PERF_001415,EMP_0118,2026-07-01,1004000,15.7,96.4,Average
PERF_001416,EMP_0118,2026-08-01,678000,8.8,94.7,Excellent
PERF_001417,EMP_0119,2025-09-01,309000,12.3,92.7,Good
PERF_001418,EMP_0119,2025-10-01,309000,7.3,99.3,Excellent
PERF_001419,EMP_0119,2025-11-01,557000,11.7,92.5,Good
PERF_001420,EMP_0119,2025-12-01,324000,3.0,97.7,Good
PERF_001421,EMP_0119,2026-01-01,465000,7.6,94.8,Excellent
PERF_001422,EMP_0119,2026-02-01,272000,3.8,92.7,Good
PERF_001423,EMP_0119,2026-03-01,318000,13.6,87.7,Good
PERF_001424,EMP_0119,2026-04-01,513000,11.3,90.8,Needs Improvement
PERF_001425,EMP_0119,2026-05-01,436000,3.9,96.0,Good
PERF_001426,EMP_0119,2026-06-01,428000,16.4,93.7,Average
PERF_001427,EMP_0119,2026-07-01,507000,5.8,96.0,Needs Improvement
PERF_001428,EMP_0119,2026-08-01,362000,15.9,89.8,Excellent
PERF_001429,EMP_0120,2025-09-01,428000,13.4,94.0,Excellent
PERF_001430,EMP_0120,2025-10-01,235000,14.9,96.5,Good
PERF_001431,EMP_0120,2025-11-01,323000,16.7,97.2,Excellent
PERF_001432,EMP_0120,2025-12-01,283000,11.1,92.9,Average
PERF_001433,EMP_0120,2026-01-01,262000,4.7,92.6,Average
PERF_001434,EMP_0120,2026-02-01,274000,2.3,93.8,Average
PERF_001435,EMP_0120,2026-03-01,295000,8.1,86.7,Average
PERF_001436,EMP_0120,2026-04-01,275000,10.5,87.5,Excellent
PERF_001437,EMP_0120,2026-05-01,203000,15.8,87.1,Good
PERF_001438,EMP_0120,2026-06-01,370000,12.0,93.5,Good
PERF_001439,EMP_0120,2026-07-01,332000,2.7,98.4,Good
PERF_001440,EMP_0120,2026-08-01,344000,11.6,98.8,Good
PERF_001441,EMP_0121,2025-09-01,265000,9.2,87.4,Average
PERF_001442,EMP_0121,2025-10-01,551000,10.8,100.0,Excellent
PERF_001443,EMP_0121,2025-11-01,213000,7.0,96.1,Good
PERF_001444,EMP_0121,2025-12-01,365000,2.4,94.6,Good
PERF_001445,EMP_0121,2026-01-01,249000,3.9,93.7,Good
PERF_001446,EMP_0121,2026-02-01,401000,3.8,98.7,Good
PERF_001447,EMP_0121,2026-03-01,349000,8.3,93.9,Average
PERF_001448,EMP_0121,2026-04-01,294000,13.8,99.4,Good
PERF_001449,EMP_0121,2026-05-01,405000,2.2,91.9,Average
PERF_001450,EMP_0121,2026-06-01,360000,12.4,91.2,Average
PERF_001451,EMP_0121,2026-07-01,300000,7.4,88.8,Good
PERF_001452,EMP_0121,2026-08-01,374000,3.0,91.2,Good
PERF_001453,EMP_0122,2025-09-01,258000,5.3,99.5,Excellent
PERF_001454,EMP_0122,2025-10-01,584000,9.3,93.7,Average
PERF_001455,EMP_0122,2025-11-01,598000,8.4,92.4,Good
PERF_001456,EMP_0122,2025-12-01,423000,8.2,90.7,Good
PERF_001457,EMP_0122,2026-01-01,264000,2.7,87.4,Average
PERF_001458,EMP_0122,2026-02-01,399000,3.9,96.0,Average
PERF_001459,EMP_0122,2026-03-01,579000,10.0,85.0,Average
PERF_001460,EMP_0122,2026-04-01,275000,12.0,89.8,Good
PERF_001461,EMP_0122,2026-05-01,343000,10.4,96.8,Excellent
PERF_001462,EMP_0122,2026-06-01,528000,5.7,89.0,Good
PERF_001463,EMP_0122,2026-07-01,594000,8.7,91.0,Good
PERF_001464,EMP_0122,2026-08-01,240000,11.1,92.9,Excellent
PERF_001465,EMP_0123,2025-09-01,596000,11.0,97.1,Good
PERF_001466,EMP_0123,2025-10-01,482000,9.2,91.8,Good
PERF_001467,EMP_0123,2025-11-01,493000,17.5,94.7,Good
PERF_001468,EMP_0123,2025-12-01,447000,9.4,86.6,Average
PERF_001469,EMP_0123,2026-01-01,313000,6.8,96.1,Average
PERF_001470,EMP_0123,2026-02-01,521000,3.6,94.7,Average
PERF_001471,EMP_0123,2026-03-01,216000,9.4,95.7,Average
PERF_001472,EMP_0123,2026-04-01,436000,4.8,88.3,Excellent
PERF_001473,EMP_0123,2026-05-01,485000,17.6,96.3,Average
PERF_001474,EMP_0123,2026-06-01,407000,3.4,85.2,Good
PERF_001475,EMP_0123,2026-07-01,496000,10.7,92.1,Average
PERF_001476,EMP_0123,2026-08-01,497000,15.0,93.4,Good
PERF_001477,EMP_0124,2025-09-01,589000,2.8,95.9,Excellent
PERF_001478,EMP_0124,2025-10-01,503000,4.6,95.5,Good
PERF_001479,EMP_0124,2025-11-01,583000,2.8,93.9,Average
PERF_001480,EMP_0124,2025-12-01,230000,4.1,94.0,Good
PERF_001481,EMP_0124,2026-01-01,253000,9.6,92.7,Average
PERF_001482,EMP_0124,2026-02-01,410000,3.1,99.0,Good
PERF_001483,EMP_0124,2026-03-01,375000,9.5,91.4,Average
PERF_001484,EMP_0124,2026-04-01,491000,4.3,94.7,Average
PERF_001485,EMP_0124,2026-05-01,467000,11.8,94.0,Good
PERF_001486,EMP_0124,2026-06-01,299000,6.7,92.3,Excellent
PERF_001487,EMP_0124,2026-07-01,545000,11.8,83.7,Excellent
PERF_001488,EMP_0124,2026-08-01,318000,3.5,99.0,Excellent
PERF_001489,EMP_0125,2025-09-01,1445000,7.2,91.4,Good
PERF_001490,EMP_0125,2025-10-01,624000,9.6,88.5,Good
PERF_001491,EMP_0125,2025-11-01,762000,12.3,95.0,Good
PERF_001492,EMP_0125,2025-12-01,1134000,10.5,89.1,Good
PERF_001493,EMP_0125,2026-01-01,602000,6.0,100.0,Good
PERF_001494,EMP_0125,2026-02-01,1159000,11.3,98.7,Good
PERF_001495,EMP_0125,2026-03-01,604000,8.3,95.0,Good
PERF_001496,EMP_0125,2026-04-01,1047000,12.2,97.4,Average
PERF_001497,EMP_0125,2026-05-01,643000,12.1,96.1,Good
PERF_001498,EMP_0125,2026-06-01,935000,16.2,96.2,Good
PERF_001499,EMP_0125,2026-07-01,984000,15.4,96.9,Average
PERF_001500,EMP_0125,2026-08-01,1183000,16.2,95.1,Excellent
PERF_001501,EMP_0126,2025-09-01,305000,7.5,95.8,Good
PERF_001502,EMP_0126,2025-10-01,536000,15.1,98.1,Average
PERF_001503,EMP_0126,2025-11-01,507000,10.4,95.2,Average
PERF_001504,EMP_0126,2025-12-01,345000,17.6,91.0,Good
PERF_001505,EMP_0126,2026-01-01,532000,15.8,90.5,Good
PERF_001506,EMP_0126,2026-02-01,205000,11.9,85.3,Good
PERF_001507,EMP_0126,2026-03-01,222000,7.4,98.2,Excellent
PERF_001508,EMP_0126,2026-04-01,372000,12.6,92.6,Good
PERF_001509,EMP_0126,2026-05-01,298000,8.1,99.1,Good
PERF_001510,EMP_0126,2026-06-01,538000,2.2,96.1,Good
PERF_001511,EMP_0126,2026-07-01,547000,7.7,96.7,Good
PERF_001512,EMP_0126,2026-08-01,402000,10.1,91.6,Average
PERF_001513,EMP_0127,2025-09-01,320000,18.0,90.6,Good
PERF_001514,EMP_0127,2025-10-01,297000,8.8,93.8,Excellent
PERF_001515,EMP_0127,2025-11-01,526000,8.6,96.9,Good
PERF_001516,EMP_0127,2025-12-01,395000,5.9,94.1,Good
PERF_001517,EMP_0127,2026-01-01,352000,12.1,94.4,Good
PERF_001518,EMP_0127,2026-02-01,330000,5.0,92.7,Good
PERF_001519,EMP_0127,2026-03-01,432000,7.5,93.2,Good
PERF_001520,EMP_0127,2026-04-01,352000,6.1,94.7,Good
PERF_001521,EMP_0127,2026-05-01,493000,5.9,91.4,Good
PERF_001522,EMP_0127,2026-06-01,494000,9.2,96.9,Excellent
PERF_001523,EMP_0127,2026-07-01,309000,16.1,94.4,Average
PERF_001524,EMP_0127,2026-08-01,503000,17.6,84.8,Good
PERF_001525,EMP_0128,2025-09-01,592000,13.2,88.8,Good
PERF_001526,EMP_0128,2025-10-01,1308000,4.5,90.0,Good
PERF_001527,EMP_0128,2025-11-01,543000,14.4,90.1,Good
PERF_001528,EMP_0128,2025-12-01,521000,13.1,95.8,Excellent
PERF_001529,EMP_0128,2026-01-01,940000,10.4,96.2,Excellent
PERF_001530,EMP_0128,2026-02-01,613000,16.0,97.0,Excellent
PERF_001531,EMP_0128,2026-03-01,1466000,3.5,90.8,Excellent
PERF_001532,EMP_0128,2026-04-01,856000,10.4,95.0,Good
PERF_001533,EMP_0128,2026-05-01,1172000,16.7,100.0,Average
PERF_001534,EMP_0128,2026-06-01,1302000,15.4,91.9,Good
PERF_001535,EMP_0128,2026-07-01,831000,12.4,93.9,Excellent
PERF_001536,EMP_0128,2026-08-01,1497000,7.8,95.6,Average
PERF_001537,EMP_0129,2025-09-01,378000,9.4,91.6,Excellent
PERF_001538,EMP_0129,2025-10-01,557000,5.2,88.6,Average
PERF_001539,EMP_0129,2025-11-01,311000,8.5,91.0,Average
PERF_001540,EMP_0129,2025-12-01,576000,4.7,91.2,Good
PERF_001541,EMP_0129,2026-01-01,329000,17.6,97.5,Needs Improvement
PERF_001542,EMP_0129,2026-02-01,298000,4.7,87.8,Good
PERF_001543,EMP_0129,2026-03-01,288000,10.3,93.7,Average
PERF_001544,EMP_0129,2026-04-01,546000,8.3,88.9,Average
PERF_001545,EMP_0129,2026-05-01,429000,8.4,91.3,Good
PERF_001546,EMP_0129,2026-06-01,278000,15.3,95.0,Good
PERF_001547,EMP_0129,2026-07-01,455000,15.9,96.8,Average
PERF_001548,EMP_0129,2026-08-01,265000,7.9,95.9,Average
PERF_001549,EMP_0130,2025-09-01,989000,10.2,95.7,Good
PERF_001550,EMP_0130,2025-10-01,1234000,3.6,94.8,Good
PERF_001551,EMP_0130,2025-11-01,680000,2.8,100.0,Good
PERF_001552,EMP_0130,2025-12-01,1375000,2.7,96.7,Good
PERF_001553,EMP_0130,2026-01-01,723000,12.3,91.1,Excellent
PERF_001554,EMP_0130,2026-02-01,1473000,13.0,93.3,Good
PERF_001555,EMP_0130,2026-03-01,689000,11.3,93.1,Good
PERF_001556,EMP_0130,2026-04-01,1049000,10.7,92.3,Good
PERF_001557,EMP_0130,2026-05-01,1172000,10.7,96.1,Average
PERF_001558,EMP_0130,2026-06-01,514000,7.5,100.0,Excellent
PERF_001559,EMP_0130,2026-07-01,1100000,11.2,100.0,Average
PERF_001560,EMP_0130,2026-08-01,1171000,8.8,92.8,Good
PERF_001561,EMP_0131,2025-09-01,307000,6.1,94.1,Good
PERF_001562,EMP_0131,2025-10-01,201000,8.3,90.8,Average
PERF_001563,EMP_0131,2025-11-01,442000,5.5,89.6,Good
PERF_001564,EMP_0131,2025-12-01,460000,8.1,90.1,Good
PERF_001565,EMP_0131,2026-01-01,595000,9.7,88.9,Good
PERF_001566,EMP_0131,2026-02-01,506000,9.6,95.6,Average
PERF_001567,EMP_0131,2026-03-01,249000,10.6,85.3,Excellent
PERF_001568,EMP_0131,2026-04-01,465000,11.5,94.2,Good
PERF_001569,EMP_0131,2026-05-01,536000,8.7,89.0,Good
PERF_001570,EMP_0131,2026-06-01,247000,9.5,94.2,Good
PERF_001571,EMP_0131,2026-07-01,568000,3.7,98.0,Good
PERF_001572,EMP_0131,2026-08-01,492000,9.6,86.4,Good
PERF_001573,EMP_0132,2025-09-01,516000,15.2,91.5,Good
PERF_001574,EMP_0132,2025-10-01,569000,14.9,96.7,Good
PERF_001575,EMP_0132,2025-11-01,1325000,15.7,92.8,Good
PERF_001576,EMP_0132,2025-12-01,519000,13.5,94.1,Excellent
PERF_001577,EMP_0132,2026-01-01,1105000,11.6,91.8,Average
PERF_001578,EMP_0132,2026-02-01,771000,7.6,99.0,Good
PERF_001579,EMP_0132,2026-03-01,533000,15.8,90.3,Good
PERF_001580,EMP_0132,2026-04-01,754000,7.5,99.1,Excellent
PERF_001581,EMP_0132,2026-05-01,965000,8.7,95.1,Good
PERF_001582,EMP_0132,2026-06-01,1339000,15.2,92.2,Good
PERF_001583,EMP_0132,2026-07-01,1465000,4.2,90.2,Average
PERF_001584,EMP_0132,2026-08-01,657000,11.6,97.1,Excellent
PERF_001585,EMP_0133,2025-09-01,587000,3.3,90.4,Good
PERF_001586,EMP_0133,2025-10-01,380000,6.6,92.9,Excellent
PERF_001587,EMP_0133,2025-11-01,324000,4.3,89.5,Good
PERF_001588,EMP_0133,2025-12-01,219000,5.5,91.3,Excellent
PERF_001589,EMP_0133,2026-01-01,346000,6.4,93.2,Good
PERF_001590,EMP_0133,2026-02-01,291000,7.8,85.0,Good
PERF_001591,EMP_0133,2026-03-01,275000,15.0,94.3,Average
PERF_001592,EMP_0133,2026-04-01,525000,14.8,94.0,Good
PERF_001593,EMP_0133,2026-05-01,420000,17.7,93.8,Excellent
PERF_001594,EMP_0133,2026-06-01,502000,3.5,90.9,Needs Improvement
PERF_001595,EMP_0133,2026-07-01,417000,12.1,84.9,Average
PERF_001596,EMP_0133,2026-08-01,595000,10.5,94.5,Good
PERF_001597,EMP_0134,2025-09-01,1398000,7.1,91.3,Good
PERF_001598,EMP_0134,2025-10-01,1396000,13.4,89.9,Good
PERF_001599,EMP_0134,2025-11-01,1062000,11.5,100.0,Good
PERF_001600,EMP_0134,2025-12-01,1482000,17.3,82.5,Good
PERF_001601,EMP_0134,2026-01-01,678000,5.9,100.0,Needs Improvement
PERF_001602,EMP_0134,2026-02-01,1122000,4.5,89.2,Needs Improvement
PERF_001603,EMP_0134,2026-03-01,1375000,2.5,95.8,Average
PERF_001604,EMP_0134,2026-04-01,1117000,2.7,95.7,Good
PERF_001605,EMP_0134,2026-05-01,1173000,14.4,90.3,Good
PERF_001606,EMP_0134,2026-06-01,697000,15.9,100.0,Good
PERF_001607,EMP_0134,2026-07-01,820000,8.1,93.1,Good
PERF_001608,EMP_0134,2026-08-01,776000,6.6,93.1,Excellent
PERF_001609,EMP_0135,2025-09-01,774000,12.6,89.2,Good
PERF_001610,EMP_0135,2025-10-01,1220000,3.9,92.7,Good
PERF_001611,EMP_0135,2025-11-01,644000,10.5,91.4,Average
PERF_001612,EMP_0135,2025-12-01,540000,12.6,96.4,Average
PERF_001613,EMP_0135,2026-01-01,1025000,14.8,93.2,Good
PERF_001614,EMP_0135,2026-02-01,1102000,11.6,95.6,Good
PERF_001615,EMP_0135,2026-03-01,1051000,13.4,91.4,Average
PERF_001616,EMP_0135,2026-04-01,956000,11.0,95.3,Good
PERF_001617,EMP_0135,2026-05-01,1064000,13.3,94.6,Average
PERF_001618,EMP_0135,2026-06-01,1132000,11.3,91.8,Excellent
PERF_001619,EMP_0135,2026-07-01,914000,5.3,86.5,Good
PERF_001620,EMP_0135,2026-08-01,641000,10.7,90.5,Good
PERF_001621,EMP_0136,2025-09-01,428000,2.6,95.1,Average
PERF_001622,EMP_0136,2025-10-01,233000,16.4,96.6,Needs Improvement
PERF_001623,EMP_0136,2025-11-01,405000,6.9,99.2,Good
PERF_001624,EMP_0136,2025-12-01,426000,3.6,98.1,Good
PERF_001625,EMP_0136,2026-01-01,350000,13.5,95.1,Average
PERF_001626,EMP_0136,2026-02-01,280000,17.8,96.1,Good
PERF_001627,EMP_0136,2026-03-01,546000,17.8,93.1,Average
PERF_001628,EMP_0136,2026-04-01,442000,17.5,100.0,Good
PERF_001629,EMP_0136,2026-05-01,201000,13.9,99.0,Needs Improvement
PERF_001630,EMP_0136,2026-06-01,288000,16.7,96.1,Good
PERF_001631,EMP_0136,2026-07-01,462000,4.7,91.1,Good
PERF_001632,EMP_0136,2026-08-01,501000,7.0,95.3,Good
PERF_001633,EMP_0137,2025-09-01,258000,11.7,93.5,Good
PERF_001634,EMP_0137,2025-10-01,483000,14.4,94.8,Good
PERF_001635,EMP_0137,2025-11-01,407000,7.1,94.8,Good
PERF_001636,EMP_0137,2025-12-01,370000,2.9,87.7,Good
PERF_001637,EMP_0137,2026-01-01,592000,16.4,95.6,Good
PERF_001638,EMP_0137,2026-02-01,352000,4.5,96.4,Good
PERF_001639,EMP_0137,2026-03-01,236000,17.2,92.0,Good
PERF_001640,EMP_0137,2026-04-01,341000,13.3,87.5,Average
PERF_001641,EMP_0137,2026-05-01,399000,12.5,92.5,Average
PERF_001642,EMP_0137,2026-06-01,586000,2.9,91.7,Average
PERF_001643,EMP_0137,2026-07-01,340000,14.1,98.7,Good
PERF_001644,EMP_0137,2026-08-01,301000,12.5,86.1,Good
PERF_001645,EMP_0138,2025-09-01,413000,11.1,88.4,Good
PERF_001646,EMP_0138,2025-10-01,313000,11.3,93.8,Good
PERF_001647,EMP_0138,2025-11-01,369000,17.3,91.8,Average
PERF_001648,EMP_0138,2025-12-01,311000,13.8,100.0,Good
PERF_001649,EMP_0138,2026-01-01,253000,7.2,89.3,Good
PERF_001650,EMP_0138,2026-02-01,500000,12.9,92.4,Excellent
PERF_001651,EMP_0138,2026-03-01,300000,3.8,92.4,Good
PERF_001652,EMP_0138,2026-04-01,413000,6.3,94.3,Good
PERF_001653,EMP_0138,2026-05-01,352000,2.5,96.0,Average
PERF_001654,EMP_0138,2026-06-01,538000,14.1,88.9,Excellent
PERF_001655,EMP_0138,2026-07-01,469000,6.2,95.9,Good
PERF_001656,EMP_0138,2026-08-01,220000,11.9,98.2,Average
PERF_001657,EMP_0139,2025-09-01,316000,4.3,93.3,Average
PERF_001658,EMP_0139,2025-10-01,285000,16.2,91.1,Average
PERF_001659,EMP_0139,2025-11-01,569000,5.2,91.4,Average
PERF_001660,EMP_0139,2025-12-01,563000,11.5,84.8,Good
PERF_001661,EMP_0139,2026-01-01,370000,3.7,94.8,Good
PERF_001662,EMP_0139,2026-02-01,320000,2.7,93.2,Good
PERF_001663,EMP_0139,2026-03-01,412000,5.7,91.3,Average
PERF_001664,EMP_0139,2026-04-01,245000,6.9,86.9,Good
PERF_001665,EMP_0139,2026-05-01,208000,4.3,95.7,Good
PERF_001666,EMP_0139,2026-06-01,227000,13.4,90.6,Average
PERF_001667,EMP_0139,2026-07-01,470000,8.0,100.0,Good
PERF_001668,EMP_0139,2026-08-01,279000,4.2,92.8,Good
PERF_001669,EMP_0140,2025-09-01,372000,8.4,90.5,Excellent
PERF_001670,EMP_0140,2025-10-01,548000,12.3,96.2,Good
PERF_001671,EMP_0140,2025-11-01,559000,9.0,98.8,Excellent
PERF_001672,EMP_0140,2025-12-01,598000,7.7,93.2,Good
PERF_001673,EMP_0140,2026-01-01,226000,11.8,96.0,Good
PERF_001674,EMP_0140,2026-02-01,235000,14.5,95.5,Good
PERF_001675,EMP_0140,2026-03-01,584000,12.2,95.7,Good
PERF_001676,EMP_0140,2026-04-01,593000,3.0,100.0,Excellent
PERF_001677,EMP_0140,2026-05-01,326000,10.0,97.1,Excellent
PERF_001678,EMP_0140,2026-06-01,411000,14.5,94.6,Average
PERF_001679,EMP_0140,2026-07-01,353000,6.1,99.7,Good
PERF_001680,EMP_0140,2026-08-01,588000,9.8,87.3,Excellent
PERF_001681,EMP_0141,2025-09-01,528000,12.5,91.3,Average
PERF_001682,EMP_0141,2025-10-01,483000,12.7,92.4,Good
PERF_001683,EMP_0141,2025-11-01,498000,17.3,92.9,Excellent
PERF_001684,EMP_0141,2025-12-01,230000,3.3,93.7,Excellent
PERF_001685,EMP_0141,2026-01-01,425000,17.8,88.9,Good
PERF_001686,EMP_0141,2026-02-01,577000,2.7,93.1,Good
PERF_001687,EMP_0141,2026-03-01,207000,3.7,90.6,Good
PERF_001688,EMP_0141,2026-04-01,427000,12.9,91.1,Excellent
PERF_001689,EMP_0141,2026-05-01,559000,4.8,100.0,Good
PERF_001690,EMP_0141,2026-06-01,277000,3.7,92.6,Good
PERF_001691,EMP_0141,2026-07-01,448000,14.4,90.5,Average
PERF_001692,EMP_0141,2026-08-01,288000,17.1,92.5,Excellent
PERF_001693,EMP_0142,2025-09-01,784000,3.6,89.8,Needs Improvement
PERF_001694,EMP_0142,2025-10-01,1241000,4.5,94.5,Good
PERF_001695,EMP_0142,2025-11-01,537000,16.9,93.5,Good
PERF_001696,EMP_0142,2025-12-01,1067000,8.7,94.4,Good
PERF_001697,EMP_0142,2026-01-01,740000,5.3,97.9,Good
PERF_001698,EMP_0142,2026-02-01,514000,11.3,92.1,Average
PERF_001699,EMP_0142,2026-03-01,1443000,8.2,97.5,Good
PERF_001700,EMP_0142,2026-04-01,883000,17.4,95.5,Good
PERF_001701,EMP_0142,2026-05-01,1297000,7.4,92.3,Good
PERF_001702,EMP_0142,2026-06-01,1158000,9.5,94.6,Good
PERF_001703,EMP_0142,2026-07-01,782000,12.3,90.5,Average
PERF_001704,EMP_0142,2026-08-01,1118000,16.5,94.2,Good
PERF_001705,EMP_0143,2025-09-01,948000,15.8,85.2,Good
PERF_001706,EMP_0143,2025-10-01,1033000,4.9,92.1,Good
PERF_001707,EMP_0143,2025-11-01,1386000,17.6,98.5,Needs Improvement
PERF_001708,EMP_0143,2025-12-01,703000,16.6,88.0,Good
PERF_001709,EMP_0143,2026-01-01,708000,5.5,92.2,Average
PERF_001710,EMP_0143,2026-02-01,1119000,13.0,90.5,Needs Improvement
PERF_001711,EMP_0143,2026-03-01,1315000,3.2,93.3,Excellent
PERF_001712,EMP_0143,2026-04-01,1348000,6.0,100.0,Good
PERF_001713,EMP_0143,2026-05-01,1381000,7.9,91.3,Needs Improvement
PERF_001714,EMP_0143,2026-06-01,600000,16.8,98.8,Good
PERF_001715,EMP_0143,2026-07-01,945000,7.8,88.8,Good
PERF_001716,EMP_0143,2026-08-01,696000,10.3,89.5,Good
PERF_001717,EMP_0144,2025-09-01,253000,15.5,90.6,Excellent
PERF_001718,EMP_0144,2025-10-01,321000,16.0,92.0,Good
PERF_001719,EMP_0144,2025-11-01,501000,15.4,94.5,Good
PERF_001720,EMP_0144,2025-12-01,527000,2.1,94.0,Needs Improvement
PERF_001721,EMP_0144,2026-01-01,332000,11.0,94.9,Average
PERF_001722,EMP_0144,2026-02-01,221000,16.9,99.1,Good
PERF_001723,EMP_0144,2026-03-01,233000,9.7,84.7,Average
PERF_001724,EMP_0144,2026-04-01,303000,14.1,96.4,Average
PERF_001725,EMP_0144,2026-05-01,461000,6.2,95.3,Average
PERF_001726,EMP_0144,2026-06-01,454000,5.3,93.5,Good
PERF_001727,EMP_0144,2026-07-01,567000,15.8,91.3,Average
PERF_001728,EMP_0144,2026-08-01,302000,10.8,94.7,Excellent
PERF_001729,EMP_0145,2025-09-01,450000,13.2,89.2,Needs Improvement
PERF_001730,EMP_0145,2025-10-01,459000,3.8,93.3,Average
PERF_001731,EMP_0145,2025-11-01,450000,12.0,91.2,Needs Improvement
PERF_001732,EMP_0145,2025-12-01,266000,17.6,99.0,Good
PERF_001733,EMP_0145,2026-01-01,308000,4.7,91.6,Good
PERF_001734,EMP_0145,2026-02-01,369000,9.8,93.5,Average
PERF_001735,EMP_0145,2026-03-01,308000,14.5,100.0,Excellent
PERF_001736,EMP_0145,2026-04-01,269000,3.3,98.3,Excellent
PERF_001737,EMP_0145,2026-05-01,468000,12.8,92.7,Average
PERF_001738,EMP_0145,2026-06-01,421000,14.2,96.3,Average
PERF_001739,EMP_0145,2026-07-01,201000,16.4,88.6,Excellent
PERF_001740,EMP_0145,2026-08-01,328000,4.9,90.6,Good
PERF_001741,EMP_0146,2025-09-01,366000,15.8,100.0,Good
PERF_001742,EMP_0146,2025-10-01,561000,5.3,89.0,Good
PERF_001743,EMP_0146,2025-11-01,592000,4.8,93.7,Good
PERF_001744,EMP_0146,2025-12-01,454000,15.1,100.0,Good
PERF_001745,EMP_0146,2026-01-01,410000,14.5,96.8,Good
PERF_001746,EMP_0146,2026-02-01,316000,6.9,91.6,Good
PERF_001747,EMP_0146,2026-03-01,205000,8.8,95.9,Good
PERF_001748,EMP_0146,2026-04-01,474000,13.0,90.8,Excellent
PERF_001749,EMP_0146,2026-05-01,372000,10.6,100.0,Average
PERF_001750,EMP_0146,2026-06-01,589000,5.3,87.4,Good
PERF_001751,EMP_0146,2026-07-01,255000,16.2,95.3,Excellent
PERF_001752,EMP_0146,2026-08-01,440000,7.5,98.7,Good
PERF_001753,EMP_0147,2025-09-01,507000,2.9,90.3,Good
PERF_001754,EMP_0147,2025-10-01,401000,8.0,92.0,Good
PERF_001755,EMP_0147,2025-11-01,462000,7.9,94.4,Good
PERF_001756,EMP_0147,2025-12-01,275000,3.5,99.0,Good
PERF_001757,EMP_0147,2026-01-01,539000,6.0,97.2,Good
PERF_001758,EMP_0147,2026-02-01,418000,9.3,85.0,Excellent
PERF_001759,EMP_0147,2026-03-01,425000,6.5,82.7,Average
PERF_001760,EMP_0147,2026-04-01,324000,6.3,94.7,Excellent
PERF_001761,EMP_0147,2026-05-01,304000,10.7,99.2,Good
PERF_001762,EMP_0147,2026-06-01,518000,3.2,93.5,Average
PERF_001763,EMP_0147,2026-07-01,275000,12.4,96.2,Average
PERF_001764,EMP_0147,2026-08-01,489000,13.9,90.7,Average
PERF_001765,EMP_0148,2025-09-01,499000,2.1,94.2,Good
PERF_001766,EMP_0148,2025-10-01,255000,4.6,93.3,Good
PERF_001767,EMP_0148,2025-11-01,436000,4.1,94.8,Good
PERF_001768,EMP_0148,2025-12-01,299000,9.7,95.6,Good
PERF_001769,EMP_0148,2026-01-01,250000,5.9,93.0,Good
PERF_001770,EMP_0148,2026-02-01,298000,6.6,86.0,Average
PERF_001771,EMP_0148,2026-03-01,253000,6.6,95.0,Good
PERF_001772,EMP_0148,2026-04-01,346000,14.0,93.2,Excellent
PERF_001773,EMP_0148,2026-05-01,377000,2.5,87.3,Good
PERF_001774,EMP_0148,2026-06-01,227000,14.6,96.1,Average
PERF_001775,EMP_0148,2026-07-01,528000,15.2,95.5,Good
PERF_001776,EMP_0148,2026-08-01,375000,15.8,99.0,Good
PERF_001777,EMP_0149,2025-09-01,249000,2.6,89.5,Good
PERF_001778,EMP_0149,2025-10-01,466000,12.6,89.1,Good
PERF_001779,EMP_0149,2025-11-01,397000,11.6,90.0,Excellent
PERF_001780,EMP_0149,2025-12-01,268000,9.4,91.8,Good
PERF_001781,EMP_0149,2026-01-01,456000,13.8,94.4,Good
PERF_001782,EMP_0149,2026-02-01,448000,7.3,94.5,Excellent
PERF_001783,EMP_0149,2026-03-01,292000,14.2,89.3,Good
PERF_001784,EMP_0149,2026-04-01,466000,6.4,84.3,Good
PERF_001785,EMP_0149,2026-05-01,342000,12.1,94.1,Good
PERF_001786,EMP_0149,2026-06-01,371000,4.5,90.5,Good
PERF_001787,EMP_0149,2026-07-01,229000,4.1,91.3,Needs Improvement
PERF_001788,EMP_0149,2026-08-01,271000,5.6,93.3,Excellent
PERF_001789,EMP_0150,2025-09-01,580000,5.7,96.1,Good
PERF_001790,EMP_0150,2025-10-01,453000,13.3,95.3,Good
PERF_001791,EMP_0150,2025-11-01,288000,4.8,92.3,Average
PERF_001792,EMP_0150,2025-12-01,573000,3.7,91.8,Good
PERF_001793,EMP_0150,2026-01-01,286000,9.2,100.0,Good
PERF_001794,EMP_0150,2026-02-01,477000,16.0,89.9,Good
PERF_001795,EMP_0150,2026-03-01,491000,3.3,94.1,Good
PERF_001796,EMP_0150,2026-04-01,313000,12.7,90.3,Average
PERF_001797,EMP_0150,2026-05-01,206000,13.9,89.9,Good
PERF_001798,EMP_0150,2026-06-01,554000,5.2,94.1,Good
PERF_001799,EMP_0150,2026-07-01,523000,10.4,91.2,Good
PERF_001800,EMP_0150,2026-08-01,391000,5.6,88.0,Good
PERF_001801,EMP_0151,2025-09-01,1209000,3.7,90.5,Excellent
PERF_001802,EMP_0151,2025-10-01,1286000,5.7,92.9,Good
PERF_001803,EMP_0151,2025-11-01,1403000,14.5,91.0,Excellent
PERF_001804,EMP_0151,2025-12-01,1427000,9.0,90.3,Average
PERF_001805,EMP_0151,2026-01-01,1209000,13.8,93.7,Good
PERF_001806,EMP_0151,2026-02-01,662000,4.2,90.6,Good
PERF_001807,EMP_0151,2026-03-01,1144000,9.2,95.6,Average
PERF_001808,EMP_0151,2026-04-01,1194000,11.8,95.6,Good
PERF_001809,EMP_0151,2026-05-01,1113000,8.0,90.4,Good
PERF_001810,EMP_0151,2026-06-01,621000,12.5,99.8,Good
PERF_001811,EMP_0151,2026-07-01,1107000,9.8,97.3,Average
PERF_001812,EMP_0151,2026-08-01,945000,16.3,86.6,Good
PERF_001813,EMP_0152,2025-09-01,392000,2.5,95.4,Excellent
PERF_001814,EMP_0152,2025-10-01,406000,7.3,94.0,Good
PERF_001815,EMP_0152,2025-11-01,384000,16.9,88.3,Average
PERF_001816,EMP_0152,2025-12-01,218000,13.9,93.8,Needs Improvement
PERF_001817,EMP_0152,2026-01-01,564000,8.2,94.9,Needs Improvement
PERF_001818,EMP_0152,2026-02-01,347000,8.7,87.6,Good
PERF_001819,EMP_0152,2026-03-01,379000,7.6,86.8,Good
PERF_001820,EMP_0152,2026-04-01,299000,8.4,93.3,Good
PERF_001821,EMP_0152,2026-05-01,398000,13.8,100.0,Average
PERF_001822,EMP_0152,2026-06-01,545000,17.9,88.1,Good
PERF_001823,EMP_0152,2026-07-01,503000,8.6,99.1,Average
PERF_001824,EMP_0152,2026-08-01,285000,9.5,94.3,Good
PERF_001825,EMP_0153,2025-09-01,347000,5.8,94.4,Average
PERF_001826,EMP_0153,2025-10-01,245000,10.0,85.3,Good
PERF_001827,EMP_0153,2025-11-01,510000,14.9,88.1,Average
PERF_001828,EMP_0153,2025-12-01,295000,15.5,92.8,Excellent
PERF_001829,EMP_0153,2026-01-01,411000,16.6,93.5,Average
PERF_001830,EMP_0153,2026-02-01,588000,12.5,95.5,Average
PERF_001831,EMP_0153,2026-03-01,428000,15.4,97.7,Needs Improvement
PERF_001832,EMP_0153,2026-04-01,457000,12.7,96.0,Good
PERF_001833,EMP_0153,2026-05-01,257000,7.2,91.1,Excellent
PERF_001834,EMP_0153,2026-06-01,434000,17.3,90.3,Excellent
PERF_001835,EMP_0153,2026-07-01,568000,12.9,91.1,Average
PERF_001836,EMP_0153,2026-08-01,361000,2.2,97.3,Good
PERF_001837,EMP_0154,2025-09-01,1174000,6.0,95.0,Average
PERF_001838,EMP_0154,2025-10-01,1231000,5.5,90.6,Excellent
PERF_001839,EMP_0154,2025-11-01,645000,10.6,90.9,Average
PERF_001840,EMP_0154,2025-12-01,783000,17.5,96.1,Excellent
PERF_001841,EMP_0154,2026-01-01,1081000,3.8,90.7,Good
PERF_001842,EMP_0154,2026-02-01,1313000,14.5,99.1,Good
PERF_001843,EMP_0154,2026-03-01,999000,3.7,93.1,Good
PERF_001844,EMP_0154,2026-04-01,952000,8.4,88.9,Good
PERF_001845,EMP_0154,2026-05-01,656000,12.5,95.2,Average
PERF_001846,EMP_0154,2026-06-01,1430000,11.5,95.7,Good
PERF_001847,EMP_0154,2026-07-01,1209000,7.8,90.4,Good
PERF_001848,EMP_0154,2026-08-01,740000,4.6,87.0,Good
PERF_001849,EMP_0155,2025-09-01,823000,15.3,98.8,Average
PERF_001850,EMP_0155,2025-10-01,526000,5.4,94.0,Average
PERF_001851,EMP_0155,2025-11-01,964000,16.1,97.9,Good
PERF_001852,EMP_0155,2025-12-01,1213000,3.8,87.2,Good
PERF_001853,EMP_0155,2026-01-01,806000,6.9,98.0,Average
PERF_001854,EMP_0155,2026-02-01,790000,5.7,90.5,Good
PERF_001855,EMP_0155,2026-03-01,1074000,4.0,100.0,Good
PERF_001856,EMP_0155,2026-04-01,813000,10.8,94.1,Good
PERF_001857,EMP_0155,2026-05-01,1064000,11.3,95.5,Average
PERF_001858,EMP_0155,2026-06-01,1197000,5.5,85.8,Excellent
PERF_001859,EMP_0155,2026-07-01,1137000,8.7,91.2,Good
PERF_001860,EMP_0155,2026-08-01,1478000,3.3,98.4,Good
PERF_001861,EMP_0156,2025-09-01,317000,4.4,93.4,Good
PERF_001862,EMP_0156,2025-10-01,337000,3.6,97.9,Excellent
PERF_001863,EMP_0156,2025-11-01,544000,8.6,86.9,Excellent
PERF_001864,EMP_0156,2025-12-01,378000,17.4,91.4,Good
PERF_001865,EMP_0156,2026-01-01,454000,14.4,90.6,Good
PERF_001866,EMP_0156,2026-02-01,541000,7.3,90.4,Good
PERF_001867,EMP_0156,2026-03-01,436000,4.9,92.8,Excellent
PERF_001868,EMP_0156,2026-04-01,260000,14.4,95.6,Average
PERF_001869,EMP_0156,2026-05-01,294000,12.6,94.4,Good
PERF_001870,EMP_0156,2026-06-01,516000,8.4,88.2,Good
PERF_001871,EMP_0156,2026-07-01,230000,14.4,95.9,Excellent
PERF_001872,EMP_0156,2026-08-01,304000,9.9,96.7,Good
PERF_001873,EMP_0157,2025-09-01,398000,8.8,91.1,Excellent
PERF_001874,EMP_0157,2025-10-01,214000,6.6,91.4,Good
PERF_001875,EMP_0157,2025-11-01,473000,16.9,97.8,Average
PERF_001876,EMP_0157,2025-12-01,580000,9.1,92.9,Good
PERF_001877,EMP_0157,2026-01-01,277000,11.0,92.2,Good
PERF_001878,EMP_0157,2026-02-01,593000,11.4,95.4,Average
PERF_001879,EMP_0157,2026-03-01,270000,14.3,91.7,Good
PERF_001880,EMP_0157,2026-04-01,329000,12.8,93.2,Good
PERF_001881,EMP_0157,2026-05-01,347000,14.1,88.0,Needs Improvement
PERF_001882,EMP_0157,2026-06-01,224000,16.6,98.3,Excellent
PERF_001883,EMP_0157,2026-07-01,339000,4.3,88.3,Good
PERF_001884,EMP_0157,2026-08-01,345000,9.9,99.9,Good
PERF_001885,EMP_0158,2025-09-01,264000,16.9,97.1,Good
PERF_001886,EMP_0158,2025-10-01,409000,16.6,93.0,Good
PERF_001887,EMP_0158,2025-11-01,261000,17.0,84.7,Good
PERF_001888,EMP_0158,2025-12-01,269000,2.9,92.1,Good
PERF_001889,EMP_0158,2026-01-01,406000,11.6,95.2,Good
PERF_001890,EMP_0158,2026-02-01,521000,7.4,92.3,Average
PERF_001891,EMP_0158,2026-03-01,564000,17.3,86.2,Needs Improvement
PERF_001892,EMP_0158,2026-04-01,502000,8.6,93.7,Excellent
PERF_001893,EMP_0158,2026-05-01,491000,11.1,93.1,Good
PERF_001894,EMP_0158,2026-06-01,489000,10.8,94.2,Average
PERF_001895,EMP_0158,2026-07-01,422000,5.8,95.9,Average
PERF_001896,EMP_0158,2026-08-01,516000,8.5,91.2,Good
PERF_001897,EMP_0159,2025-09-01,1383000,5.1,97.1,Good
PERF_001898,EMP_0159,2025-10-01,727000,16.2,95.8,Needs Improvement
PERF_001899,EMP_0159,2025-11-01,1082000,5.5,91.1,Average
PERF_001900,EMP_0159,2025-12-01,1052000,9.9,96.9,Good
PERF_001901,EMP_0159,2026-01-01,826000,15.5,93.9,Needs Improvement
PERF_001902,EMP_0159,2026-02-01,1216000,11.8,92.3,Good
PERF_001903,EMP_0159,2026-03-01,1440000,2.5,88.2,Good
PERF_001904,EMP_0159,2026-04-01,1467000,11.0,90.3,Good
PERF_001905,EMP_0159,2026-05-01,767000,8.2,86.4,Average
PERF_001906,EMP_0159,2026-06-01,1484000,17.1,90.3,Good
PERF_001907,EMP_0159,2026-07-01,1081000,5.0,89.5,Good
PERF_001908,EMP_0159,2026-08-01,1254000,3.4,100.0,Average
PERF_001909,EMP_0160,2025-09-01,413000,15.9,88.9,Good
PERF_001910,EMP_0160,2025-10-01,521000,14.4,90.9,Excellent
PERF_001911,EMP_0160,2025-11-01,277000,15.8,94.9,Excellent
PERF_001912,EMP_0160,2025-12-01,567000,17.1,89.1,Good
PERF_001913,EMP_0160,2026-01-01,447000,16.5,90.6,Average
PERF_001914,EMP_0160,2026-02-01,456000,14.5,92.9,Good
PERF_001915,EMP_0160,2026-03-01,389000,6.9,84.5,Good
PERF_001916,EMP_0160,2026-04-01,546000,14.6,89.9,Good
PERF_001917,EMP_0160,2026-05-01,469000,8.6,100.0,Good
PERF_001918,EMP_0160,2026-06-01,587000,11.9,89.6,Good
PERF_001919,EMP_0160,2026-07-01,588000,15.7,96.3,Excellent
PERF_001920,EMP_0160,2026-08-01,405000,10.5,88.5,Average
PERF_001921,EMP_0161,2025-09-01,392000,9.2,90.4,Good
PERF_001922,EMP_0161,2025-10-01,460000,3.8,90.4,Good
PERF_001923,EMP_0161,2025-11-01,346000,16.7,88.7,Excellent
PERF_001924,EMP_0161,2025-12-01,546000,16.3,91.8,Good
PERF_001925,EMP_0161,2026-01-01,371000,11.5,87.6,Good
PERF_001926,EMP_0161,2026-02-01,290000,7.7,92.7,Excellent
PERF_001927,EMP_0161,2026-03-01,476000,5.9,93.1,Good
PERF_001928,EMP_0161,2026-04-01,381000,8.9,94.6,Good
PERF_001929,EMP_0161,2026-05-01,460000,10.9,91.7,Good
PERF_001930,EMP_0161,2026-06-01,444000,2.8,85.8,Average
PERF_001931,EMP_0161,2026-07-01,563000,9.1,92.8,Average
PERF_001932,EMP_0161,2026-08-01,571000,14.3,94.5,Needs Improvement
PERF_001933,EMP_0162,2025-09-01,267000,7.6,89.3,Excellent
PERF_001934,EMP_0162,2025-10-01,490000,11.8,88.4,Excellent
PERF_001935,EMP_0162,2025-11-01,558000,10.3,97.0,Average
PERF_001936,EMP_0162,2025-12-01,243000,15.9,86.1,Excellent
PERF_001937,EMP_0162,2026-01-01,325000,13.4,90.3,Good
PERF_001938,EMP_0162,2026-02-01,295000,10.8,94.3,Good
PERF_001939,EMP_0162,2026-03-01,572000,16.5,88.5,Average
PERF_001940,EMP_0162,2026-04-01,396000,17.1,93.9,Good
PERF_001941,EMP_0162,2026-05-01,292000,9.6,90.8,Average
PERF_001942,EMP_0162,2026-06-01,296000,5.8,91.4,Good
PERF_001943,EMP_0162,2026-07-01,417000,15.8,85.3,Average
PERF_001944,EMP_0162,2026-08-01,571000,6.6,100.0,Average
PERF_001945,EMP_0163,2025-09-01,285000,2.6,95.5,Good
PERF_001946,EMP_0163,2025-10-01,377000,11.4,99.1,Excellent
PERF_001947,EMP_0163,2025-11-01,365000,6.3,94.5,Good
PERF_001948,EMP_0163,2025-12-01,425000,3.6,88.0,Average
PERF_001949,EMP_0163,2026-01-01,526000,13.6,90.8,Excellent
PERF_001950,EMP_0163,2026-02-01,539000,14.4,87.3,Average
PERF_001951,EMP_0163,2026-03-01,233000,12.3,93.7,Average
PERF_001952,EMP_0163,2026-04-01,431000,6.8,96.1,Good
PERF_001953,EMP_0163,2026-05-01,453000,5.9,90.9,Average
PERF_001954,EMP_0163,2026-06-01,444000,5.1,90.8,Good
PERF_001955,EMP_0163,2026-07-01,397000,14.9,97.8,Excellent
PERF_001956,EMP_0163,2026-08-01,386000,6.1,95.7,Good
PERF_001957,EMP_0164,2025-09-01,476000,14.5,88.1,Good
PERF_001958,EMP_0164,2025-10-01,491000,6.1,96.6,Needs Improvement
PERF_001959,EMP_0164,2025-11-01,383000,7.4,95.4,Good
PERF_001960,EMP_0164,2025-12-01,531000,14.0,95.9,Good
PERF_001961,EMP_0164,2026-01-01,496000,7.3,94.8,Average
PERF_001962,EMP_0164,2026-02-01,386000,15.8,93.2,Good
PERF_001963,EMP_0164,2026-03-01,364000,2.7,94.7,Excellent
PERF_001964,EMP_0164,2026-04-01,210000,9.1,99.7,Good
PERF_001965,EMP_0164,2026-05-01,296000,15.4,88.5,Good
PERF_001966,EMP_0164,2026-06-01,240000,16.1,97.9,Good
PERF_001967,EMP_0164,2026-07-01,293000,13.3,86.5,Good
PERF_001968,EMP_0164,2026-08-01,397000,9.1,95.5,Excellent
PERF_001969,EMP_0165,2025-09-01,1015000,16.2,96.8,Average
PERF_001970,EMP_0165,2025-10-01,806000,3.4,92.0,Good
PERF_001971,EMP_0165,2025-11-01,961000,11.2,97.8,Average
PERF_001972,EMP_0165,2025-12-01,1231000,16.0,86.1,Good
PERF_001973,EMP_0165,2026-01-01,1449000,12.4,95.9,Good
PERF_001974,EMP_0165,2026-02-01,1107000,14.0,94.8,Good
PERF_001975,EMP_0165,2026-03-01,968000,16.9,88.2,Excellent
PERF_001976,EMP_0165,2026-04-01,875000,12.1,92.4,Excellent
PERF_001977,EMP_0165,2026-05-01,1474000,16.6,94.9,Average
PERF_001978,EMP_0165,2026-06-01,1213000,6.5,94.8,Good
PERF_001979,EMP_0165,2026-07-01,1177000,13.7,90.3,Excellent
PERF_001980,EMP_0165,2026-08-01,585000,9.5,90.4,Good
PERF_001981,EMP_0166,2025-09-01,448000,16.0,85.6,Good
PERF_001982,EMP_0166,2025-10-01,482000,7.6,83.9,Good
PERF_001983,EMP_0166,2025-11-01,442000,4.4,100.0,Excellent
PERF_001984,EMP_0166,2025-12-01,465000,13.2,91.5,Good
PERF_001985,EMP_0166,2026-01-01,483000,2.6,93.3,Average
PERF_001986,EMP_0166,2026-02-01,251000,16.0,93.5,Excellent
PERF_001987,EMP_0166,2026-03-01,222000,14.3,97.5,Excellent
PERF_001988,EMP_0166,2026-04-01,463000,15.1,99.4,Good
PERF_001989,EMP_0166,2026-05-01,358000,7.0,99.1,Average
PERF_001990,EMP_0166,2026-06-01,454000,11.1,91.8,Good
PERF_001991,EMP_0166,2026-07-01,403000,3.6,94.5,Good
PERF_001992,EMP_0166,2026-08-01,591000,13.3,89.7,Average
PERF_001993,EMP_0167,2025-09-01,341000,11.0,90.7,Good
PERF_001994,EMP_0167,2025-10-01,544000,11.2,92.7,Excellent
PERF_001995,EMP_0167,2025-11-01,306000,6.5,98.0,Good
PERF_001996,EMP_0167,2025-12-01,430000,5.6,100.0,Good
PERF_001997,EMP_0167,2026-01-01,503000,13.1,95.5,Good
PERF_001998,EMP_0167,2026-02-01,298000,4.6,97.9,Excellent
PERF_001999,EMP_0167,2026-03-01,309000,2.5,96.9,Good
PERF_002000,EMP_0167,2026-04-01,246000,11.7,97.1,Good
PERF_002001,EMP_0167,2026-05-01,292000,4.8,95.8,Excellent
PERF_002002,EMP_0167,2026-06-01,335000,6.9,99.5,Average
PERF_002003,EMP_0167,2026-07-01,579000,7.0,93.2,Excellent
PERF_002004,EMP_0167,2026-08-01,398000,11.8,94.2,Good
PERF_002005,EMP_0168,2025-09-01,571000,16.1,93.6,Good
PERF_002006,EMP_0168,2025-10-01,390000,6.4,91.1,Good
PERF_002007,EMP_0168,2025-11-01,322000,11.6,93.0,Good
PERF_002008,EMP_0168,2025-12-01,525000,5.1,90.8,Good
PERF_002009,EMP_0168,2026-01-01,449000,12.4,94.0,Good
PERF_002010,EMP_0168,2026-02-01,491000,11.2,92.0,Average
PERF_002011,EMP_0168,2026-03-01,490000,3.3,93.2,Excellent
PERF_002012,EMP_0168,2026-04-01,230000,3.7,92.5,Excellent
PERF_002013,EMP_0168,2026-05-01,214000,14.4,84.2,Good
PERF_002014,EMP_0168,2026-06-01,390000,7.6,94.1,Good
PERF_002015,EMP_0168,2026-07-01,532000,10.7,94.8,Average
PERF_002016,EMP_0168,2026-08-01,491000,2.9,91.0,Excellent
PERF_002017,EMP_0169,2025-09-01,609000,5.3,97.4,Good
PERF_002018,EMP_0169,2025-10-01,856000,16.5,87.3,Average
PERF_002019,EMP_0169,2025-11-01,1456000,8.9,90.9,Good
PERF_002020,EMP_0169,2025-12-01,1032000,2.3,93.3,Good
PERF_002021,EMP_0169,2026-01-01,1045000,7.7,98.8,Good
PERF_002022,EMP_0169,2026-02-01,853000,15.0,90.6,Good
PERF_002023,EMP_0169,2026-03-01,1044000,4.7,88.9,Good
PERF_002024,EMP_0169,2026-04-01,1309000,5.6,93.9,Average
PERF_002025,EMP_0169,2026-05-01,1235000,12.3,86.2,Good
PERF_002026,EMP_0169,2026-06-01,1196000,12.1,87.2,Good
PERF_002027,EMP_0169,2026-07-01,1498000,5.1,95.9,Good
PERF_002028,EMP_0169,2026-08-01,1493000,2.1,95.8,Excellent
PERF_002029,EMP_0170,2025-09-01,1196000,11.0,96.4,Excellent
PERF_002030,EMP_0170,2025-10-01,513000,13.6,83.8,Average
PERF_002031,EMP_0170,2025-11-01,1423000,17.9,92.6,Good
PERF_002032,EMP_0170,2025-12-01,1473000,17.0,95.1,Average
PERF_002033,EMP_0170,2026-01-01,1163000,4.5,92.0,Good
PERF_002034,EMP_0170,2026-02-01,1167000,18.0,94.5,Average
PERF_002035,EMP_0170,2026-03-01,758000,12.5,98.2,Average
PERF_002036,EMP_0170,2026-04-01,517000,14.2,89.3,Good
PERF_002037,EMP_0170,2026-05-01,870000,14.9,91.9,Good
PERF_002038,EMP_0170,2026-06-01,664000,14.1,94.8,Average
PERF_002039,EMP_0170,2026-07-01,588000,6.4,97.3,Average
PERF_002040,EMP_0170,2026-08-01,540000,6.9,90.5,Good
PERF_002041,EMP_0171,2025-09-01,476000,10.4,88.0,Good
PERF_002042,EMP_0171,2025-10-01,320000,4.6,95.0,Excellent
PERF_002043,EMP_0171,2025-11-01,334000,12.2,93.6,Needs Improvement
PERF_002044,EMP_0171,2025-12-01,332000,4.0,98.5,Average
PERF_002045,EMP_0171,2026-01-01,312000,8.2,100.0,Good
PERF_002046,EMP_0171,2026-02-01,524000,15.3,99.0,Good
PERF_002047,EMP_0171,2026-03-01,424000,15.2,89.4,Average
PERF_002048,EMP_0171,2026-04-01,573000,12.5,90.7,Good
PERF_002049,EMP_0171,2026-05-01,479000,10.8,92.5,Average
PERF_002050,EMP_0171,2026-06-01,497000,6.9,86.2,Good
PERF_002051,EMP_0171,2026-07-01,288000,4.5,94.9,Excellent
PERF_002052,EMP_0171,2026-08-01,573000,4.0,95.3,Average
PERF_002053,EMP_0172,2025-09-01,451000,13.4,95.0,Excellent
PERF_002054,EMP_0172,2025-10-01,447000,8.9,97.3,Good
PERF_002055,EMP_0172,2025-11-01,461000,10.4,97.0,Good
PERF_002056,EMP_0172,2025-12-01,357000,3.8,90.7,Good
PERF_002057,EMP_0172,2026-01-01,300000,2.1,90.1,Average
PERF_002058,EMP_0172,2026-02-01,250000,18.0,91.6,Good
PERF_002059,EMP_0172,2026-03-01,360000,15.6,92.3,Average
PERF_002060,EMP_0172,2026-04-01,530000,15.2,93.6,Average
PERF_002061,EMP_0172,2026-05-01,278000,7.9,91.8,Good
PERF_002062,EMP_0172,2026-06-01,278000,5.8,90.1,Excellent
PERF_002063,EMP_0172,2026-07-01,469000,16.3,92.1,Good
PERF_002064,EMP_0172,2026-08-01,443000,2.6,85.2,Excellent
PERF_002065,EMP_0173,2025-09-01,543000,3.4,98.3,Good
PERF_002066,EMP_0173,2025-10-01,455000,13.3,96.3,Excellent
PERF_002067,EMP_0173,2025-11-01,329000,11.1,94.4,Average
PERF_002068,EMP_0173,2025-12-01,449000,3.7,97.6,Good
PERF_002069,EMP_0173,2026-01-01,433000,17.7,89.2,Excellent
PERF_002070,EMP_0173,2026-02-01,245000,5.9,90.1,Good
PERF_002071,EMP_0173,2026-03-01,254000,17.1,93.9,Good
PERF_002072,EMP_0173,2026-04-01,396000,3.4,87.0,Average
PERF_002073,EMP_0173,2026-05-01,330000,11.3,95.4,Excellent
PERF_002074,EMP_0173,2026-06-01,290000,3.0,86.6,Good
PERF_002075,EMP_0173,2026-07-01,586000,3.4,90.5,Excellent
PERF_002076,EMP_0173,2026-08-01,357000,4.9,98.9,Good
PERF_002077,EMP_0174,2025-09-01,322000,5.7,92.1,Excellent
PERF_002078,EMP_0174,2025-10-01,213000,12.7,100.0,Good
PERF_002079,EMP_0174,2025-11-01,388000,4.5,100.0,Good
PERF_002080,EMP_0174,2025-12-01,221000,5.0,96.5,Excellent
PERF_002081,EMP_0174,2026-01-01,332000,17.3,91.0,Average
PERF_002082,EMP_0174,2026-02-01,208000,16.5,89.1,Average
PERF_002083,EMP_0174,2026-03-01,564000,14.5,91.0,Good
PERF_002084,EMP_0174,2026-04-01,331000,9.5,93.3,Needs Improvement
PERF_002085,EMP_0174,2026-05-01,272000,13.7,86.7,Good
PERF_002086,EMP_0174,2026-06-01,311000,13.8,94.8,Average
PERF_002087,EMP_0174,2026-07-01,395000,11.8,93.4,Good
PERF_002088,EMP_0174,2026-08-01,576000,6.0,91.3,Average
PERF_002089,EMP_0175,2025-09-01,352000,5.1,92.8,Average
PERF_002090,EMP_0175,2025-10-01,313000,5.2,90.8,Average
PERF_002091,EMP_0175,2025-11-01,462000,4.4,99.1,Good
PERF_002092,EMP_0175,2025-12-01,382000,3.5,100.0,Average
PERF_002093,EMP_0175,2026-01-01,597000,4.9,90.1,Average
PERF_002094,EMP_0175,2026-02-01,343000,17.8,87.9,Good
PERF_002095,EMP_0175,2026-03-01,416000,4.4,91.7,Good
PERF_002096,EMP_0175,2026-04-01,338000,6.6,98.0,Good
PERF_002097,EMP_0175,2026-05-01,558000,10.0,92.2,Average
PERF_002098,EMP_0175,2026-06-01,424000,4.5,89.5,Average
PERF_002099,EMP_0175,2026-07-01,379000,5.9,90.8,Good
PERF_002100,EMP_0175,2026-08-01,523000,10.1,100.0,Excellent
PERF_002101,EMP_0176,2025-09-01,475000,12.5,89.7,Excellent
PERF_002102,EMP_0176,2025-10-01,413000,12.0,90.2,Good
PERF_002103,EMP_0176,2025-11-01,583000,5.7,95.3,Average
PERF_002104,EMP_0176,2025-12-01,242000,17.6,99.2,Good
PERF_002105,EMP_0176,2026-01-01,356000,6.0,92.3,Excellent
PERF_002106,EMP_0176,2026-02-01,544000,5.3,96.0,Good
PERF_002107,EMP_0176,2026-03-01,573000,9.6,91.2,Average
PERF_002108,EMP_0176,2026-04-01,238000,5.4,92.8,Good
PERF_002109,EMP_0176,2026-05-01,283000,17.9,89.6,Average
PERF_002110,EMP_0176,2026-06-01,495000,17.1,84.6,Good
PERF_002111,EMP_0176,2026-07-01,484000,3.9,89.0,Good
PERF_002112,EMP_0176,2026-08-01,444000,5.0,93.6,Excellent
PERF_002113,EMP_0177,2025-09-01,1264000,7.3,94.2,Good
PERF_002114,EMP_0177,2025-10-01,1035000,4.1,92.5,Good
PERF_002115,EMP_0177,2025-11-01,641000,13.9,93.0,Good
PERF_002116,EMP_0177,2025-12-01,605000,17.6,97.4,Good
PERF_002117,EMP_0177,2026-01-01,971000,11.7,91.7,Good
PERF_002118,EMP_0177,2026-02-01,561000,12.9,91.4,Good
PERF_002119,EMP_0177,2026-03-01,611000,7.3,93.8,Average
PERF_002120,EMP_0177,2026-04-01,1458000,4.6,94.6,Good
PERF_002121,EMP_0177,2026-05-01,1438000,5.0,88.7,Good
PERF_002122,EMP_0177,2026-06-01,611000,12.3,93.8,Good
PERF_002123,EMP_0177,2026-07-01,1168000,12.9,89.3,Good
PERF_002124,EMP_0177,2026-08-01,1029000,2.4,88.7,Good
PERF_002125,EMP_0178,2025-09-01,959000,6.2,86.6,Good
PERF_002126,EMP_0178,2025-10-01,1152000,9.2,90.8,Excellent
PERF_002127,EMP_0178,2025-11-01,1016000,4.5,92.7,Good
PERF_002128,EMP_0178,2025-12-01,1169000,5.7,92.0,Excellent
PERF_002129,EMP_0178,2026-01-01,720000,17.6,92.9,Excellent
PERF_002130,EMP_0178,2026-02-01,761000,5.5,88.2,Average
PERF_002131,EMP_0178,2026-03-01,1133000,4.7,92.6,Good
PERF_002132,EMP_0178,2026-04-01,650000,15.7,87.4,Good
PERF_002133,EMP_0178,2026-05-01,692000,15.1,91.9,Average
PERF_002134,EMP_0178,2026-06-01,1375000,11.1,92.4,Average
PERF_002135,EMP_0178,2026-07-01,1492000,7.6,93.8,Average
PERF_002136,EMP_0178,2026-08-01,1284000,7.2,93.2,Excellent
PERF_002137,EMP_0179,2025-09-01,294000,16.9,90.8,Average
PERF_002138,EMP_0179,2025-10-01,211000,10.9,96.6,Good
PERF_002139,EMP_0179,2025-11-01,446000,9.4,96.3,Good
PERF_002140,EMP_0179,2025-12-01,406000,16.6,87.1,Excellent
PERF_002141,EMP_0179,2026-01-01,298000,16.2,96.4,Good
PERF_002142,EMP_0179,2026-02-01,454000,12.2,94.4,Average
PERF_002143,EMP_0179,2026-03-01,474000,4.5,93.9,Average
PERF_002144,EMP_0179,2026-04-01,593000,7.4,92.0,Good
PERF_002145,EMP_0179,2026-05-01,495000,16.8,89.9,Excellent
PERF_002146,EMP_0179,2026-06-01,206000,17.6,90.2,Good
PERF_002147,EMP_0179,2026-07-01,360000,2.4,97.8,Average
PERF_002148,EMP_0179,2026-08-01,437000,15.2,94.5,Good
PERF_002149,EMP_0180,2025-09-01,1223000,13.2,89.2,Good
PERF_002150,EMP_0180,2025-10-01,1187000,8.0,90.5,Good
PERF_002151,EMP_0180,2025-11-01,761000,8.1,98.9,Excellent
PERF_002152,EMP_0180,2025-12-01,730000,14.3,92.2,Good
PERF_002153,EMP_0180,2026-01-01,611000,15.3,93.3,Needs Improvement
PERF_002154,EMP_0180,2026-02-01,1336000,9.4,94.2,Average
PERF_002155,EMP_0180,2026-03-01,616000,11.6,88.0,Good
PERF_002156,EMP_0180,2026-04-01,1036000,12.3,96.0,Average
PERF_002157,EMP_0180,2026-05-01,1201000,12.4,86.6,Good
PERF_002158,EMP_0180,2026-06-01,1317000,18.0,98.0,Average
PERF_002159,EMP_0180,2026-07-01,864000,17.6,89.8,Good
PERF_002160,EMP_0180,2026-08-01,1246000,15.7,95.2,Excellent
PERF_002161,EMP_0181,2025-09-01,1394000,8.1,87.5,Good
PERF_002162,EMP_0181,2025-10-01,864000,3.9,97.0,Good
PERF_002163,EMP_0181,2025-11-01,1160000,13.4,93.7,Good
PERF_002164,EMP_0181,2025-12-01,834000,6.9,96.7,Average
PERF_002165,EMP_0181,2026-01-01,518000,14.1,87.9,Good
PERF_002166,EMP_0181,2026-02-01,847000,4.2,93.0,Good
PERF_002167,EMP_0181,2026-03-01,1038000,16.6,87.6,Excellent
PERF_002168,EMP_0181,2026-04-01,680000,6.0,94.4,Average
PERF_002169,EMP_0181,2026-05-01,1078000,6.3,97.7,Excellent
PERF_002170,EMP_0181,2026-06-01,1477000,14.3,95.4,Average
PERF_002171,EMP_0181,2026-07-01,599000,13.8,92.4,Good
PERF_002172,EMP_0181,2026-08-01,729000,5.1,88.0,Good
PERF_002173,EMP_0182,2025-09-01,502000,13.2,97.3,Needs Improvement
PERF_002174,EMP_0182,2025-10-01,225000,12.8,89.6,Good
PERF_002175,EMP_0182,2025-11-01,393000,16.0,94.0,Good
PERF_002176,EMP_0182,2025-12-01,243000,2.6,89.3,Average
PERF_002177,EMP_0182,2026-01-01,420000,10.7,94.0,Needs Improvement
PERF_002178,EMP_0182,2026-02-01,416000,8.8,89.9,Good
PERF_002179,EMP_0182,2026-03-01,299000,9.9,90.3,Average
PERF_002180,EMP_0182,2026-04-01,210000,10.8,94.3,Good
PERF_002181,EMP_0182,2026-05-01,421000,10.1,87.4,Good
PERF_002182,EMP_0182,2026-06-01,573000,16.9,90.1,Excellent
PERF_002183,EMP_0182,2026-07-01,535000,12.9,92.4,Average
PERF_002184,EMP_0182,2026-08-01,517000,11.4,90.6,Average
PERF_002185,EMP_0183,2025-09-01,309000,12.6,91.4,Excellent
PERF_002186,EMP_0183,2025-10-01,487000,14.3,92.5,Good
PERF_002187,EMP_0183,2025-11-01,434000,13.0,87.0,Excellent
PERF_002188,EMP_0183,2025-12-01,468000,9.0,87.4,Good
PERF_002189,EMP_0183,2026-01-01,373000,17.9,96.3,Good
PERF_002190,EMP_0183,2026-02-01,334000,15.6,93.2,Excellent
PERF_002191,EMP_0183,2026-03-01,446000,15.6,92.8,Good
PERF_002192,EMP_0183,2026-04-01,522000,10.2,95.9,Excellent
PERF_002193,EMP_0183,2026-05-01,390000,7.2,100.0,Excellent
PERF_002194,EMP_0183,2026-06-01,380000,14.1,98.9,Average
PERF_002195,EMP_0183,2026-07-01,476000,9.9,90.4,Good
PERF_002196,EMP_0183,2026-08-01,504000,2.8,91.5,Average
PERF_002197,EMP_0184,2025-09-01,1161000,5.8,95.1,Average
PERF_002198,EMP_0184,2025-10-01,594000,12.3,90.9,Excellent
PERF_002199,EMP_0184,2025-11-01,598000,16.8,87.2,Good
PERF_002200,EMP_0184,2025-12-01,1008000,12.2,94.4,Good
PERF_002201,EMP_0184,2026-01-01,1393000,13.4,95.5,Excellent
PERF_002202,EMP_0184,2026-02-01,643000,17.7,86.4,Needs Improvement
PERF_002203,EMP_0184,2026-03-01,576000,12.5,96.0,Needs Improvement
PERF_002204,EMP_0184,2026-04-01,1286000,4.9,92.5,Needs Improvement
PERF_002205,EMP_0184,2026-05-01,1253000,7.5,99.5,Average
PERF_002206,EMP_0184,2026-06-01,1218000,16.9,95.8,Good
PERF_002207,EMP_0184,2026-07-01,1270000,13.9,93.2,Needs Improvement
PERF_002208,EMP_0184,2026-08-01,531000,7.9,93.1,Average
PERF_002209,EMP_0185,2025-09-01,1380000,10.4,93.4,Good
PERF_002210,EMP_0185,2025-10-01,655000,2.1,97.6,Average
PERF_002211,EMP_0185,2025-11-01,702000,4.0,96.2,Excellent
PERF_002212,EMP_0185,2025-12-01,839000,2.3,85.4,Excellent
PERF_002213,EMP_0185,2026-01-01,710000,6.0,100.0,Average
PERF_002214,EMP_0185,2026-02-01,970000,12.1,89.8,Excellent
PERF_002215,EMP_0185,2026-03-01,1455000,3.2,92.7,Average
PERF_002216,EMP_0185,2026-04-01,841000,5.2,87.4,Good
PERF_002217,EMP_0185,2026-05-01,1482000,11.5,90.5,Good
PERF_002218,EMP_0185,2026-06-01,1035000,3.0,88.1,Average
PERF_002219,EMP_0185,2026-07-01,641000,2.8,94.2,Average
PERF_002220,EMP_0185,2026-08-01,1024000,2.9,91.9,Good
PERF_002221,EMP_0186,2025-09-01,350000,7.3,91.6,Good
PERF_002222,EMP_0186,2025-10-01,545000,13.0,86.1,Excellent
PERF_002223,EMP_0186,2025-11-01,383000,5.5,91.0,Good
PERF_002224,EMP_0186,2025-12-01,494000,15.4,88.7,Good
PERF_002225,EMP_0186,2026-01-01,494000,6.8,89.0,Good
PERF_002226,EMP_0186,2026-02-01,514000,8.0,93.9,Excellent
PERF_002227,EMP_0186,2026-03-01,388000,10.2,96.9,Average
PERF_002228,EMP_0186,2026-04-01,555000,10.7,91.5,Excellent
PERF_002229,EMP_0186,2026-05-01,376000,3.0,89.8,Good
PERF_002230,EMP_0186,2026-06-01,206000,4.9,90.5,Good
PERF_002231,EMP_0186,2026-07-01,382000,14.0,98.4,Good
PERF_002232,EMP_0186,2026-08-01,392000,8.2,96.0,Average
PERF_002233,EMP_0187,2025-09-01,513000,10.5,97.4,Good
PERF_002234,EMP_0187,2025-10-01,927000,11.5,100.0,Good
PERF_002235,EMP_0187,2025-11-01,1250000,18.0,93.7,Excellent
PERF_002236,EMP_0187,2025-12-01,528000,2.9,85.4,Good
PERF_002237,EMP_0187,2026-01-01,739000,11.2,95.0,Good
PERF_002238,EMP_0187,2026-02-01,716000,9.4,95.7,Good
PERF_002239,EMP_0187,2026-03-01,1070000,2.7,92.2,Needs Improvement
PERF_002240,EMP_0187,2026-04-01,1234000,16.7,94.6,Good
PERF_002241,EMP_0187,2026-05-01,895000,9.9,95.8,Average
PERF_002242,EMP_0187,2026-06-01,687000,12.4,95.3,Needs Improvement
PERF_002243,EMP_0187,2026-07-01,752000,16.0,85.7,Good
PERF_002244,EMP_0187,2026-08-01,790000,8.6,95.8,Good
PERF_002245,EMP_0188,2025-09-01,1210000,3.4,93.0,Good
PERF_002246,EMP_0188,2025-10-01,1154000,6.9,96.9,Good
PERF_002247,EMP_0188,2025-11-01,1276000,7.9,98.6,Average
PERF_002248,EMP_0188,2025-12-01,1437000,2.1,93.1,Excellent
PERF_002249,EMP_0188,2026-01-01,1216000,6.9,89.5,Average
PERF_002250,EMP_0188,2026-02-01,915000,9.8,94.8,Excellent
PERF_002251,EMP_0188,2026-03-01,1144000,3.3,91.5,Good
PERF_002252,EMP_0188,2026-04-01,775000,2.9,85.7,Good
PERF_002253,EMP_0188,2026-05-01,1453000,2.4,93.0,Good
PERF_002254,EMP_0188,2026-06-01,1456000,2.4,94.2,Good
PERF_002255,EMP_0188,2026-07-01,1208000,12.0,95.4,Excellent
PERF_002256,EMP_0188,2026-08-01,763000,16.2,100.0,Good
PERF_002257,EMP_0189,2025-09-01,276000,3.4,100.0,Good
PERF_002258,EMP_0189,2025-10-01,447000,2.4,98.3,Good
PERF_002259,EMP_0189,2025-11-01,200000,12.2,96.2,Good
PERF_002260,EMP_0189,2025-12-01,502000,10.5,88.4,Average
PERF_002261,EMP_0189,2026-01-01,542000,6.5,91.0,Average
PERF_002262,EMP_0189,2026-02-01,400000,7.1,94.9,Good
PERF_002263,EMP_0189,2026-03-01,279000,3.0,93.2,Good
PERF_002264,EMP_0189,2026-04-01,466000,10.3,95.5,Good
PERF_002265,EMP_0189,2026-05-01,213000,6.6,93.3,Good
PERF_002266,EMP_0189,2026-06-01,428000,10.5,95.5,Good
PERF_002267,EMP_0189,2026-07-01,403000,11.9,98.5,Good
PERF_002268,EMP_0189,2026-08-01,594000,7.3,93.7,Average
PERF_002269,EMP_0190,2025-09-01,809000,11.6,93.6,Good
PERF_002270,EMP_0190,2025-10-01,1085000,12.7,90.1,Good
PERF_002271,EMP_0190,2025-11-01,1155000,6.3,86.8,Excellent
PERF_002272,EMP_0190,2025-12-01,539000,2.7,93.8,Average
PERF_002273,EMP_0190,2026-01-01,971000,8.9,87.5,Good
PERF_002274,EMP_0190,2026-02-01,835000,16.5,88.8,Good
PERF_002275,EMP_0190,2026-03-01,697000,14.8,91.8,Good
PERF_002276,EMP_0190,2026-04-01,1344000,13.3,90.2,Good
PERF_002277,EMP_0190,2026-05-01,836000,12.9,93.3,Good
PERF_002278,EMP_0190,2026-06-01,536000,12.9,93.4,Excellent
PERF_002279,EMP_0190,2026-07-01,855000,6.9,92.2,Average
PERF_002280,EMP_0190,2026-08-01,721000,17.8,94.5,Good
PERF_002281,EMP_0191,2025-09-01,1113000,7.8,95.8,Average
PERF_002282,EMP_0191,2025-10-01,1371000,14.9,91.4,Good
PERF_002283,EMP_0191,2025-11-01,782000,8.9,96.4,Excellent
PERF_002284,EMP_0191,2025-12-01,522000,7.0,89.1,Good
PERF_002285,EMP_0191,2026-01-01,1458000,4.1,86.5,Good
PERF_002286,EMP_0191,2026-02-01,959000,11.5,91.3,Excellent
PERF_002287,EMP_0191,2026-03-01,588000,13.3,91.2,Average
PERF_002288,EMP_0191,2026-04-01,1378000,11.3,89.1,Good
PERF_002289,EMP_0191,2026-05-01,1202000,15.2,97.4,Average
PERF_002290,EMP_0191,2026-06-01,1079000,8.3,91.8,Good
PERF_002291,EMP_0191,2026-07-01,1402000,4.9,94.2,Average
PERF_002292,EMP_0191,2026-08-01,1242000,4.4,97.2,Good
PERF_002293,EMP_0192,2025-09-01,346000,8.1,92.5,Excellent
PERF_002294,EMP_0192,2025-10-01,326000,5.8,91.5,Average
PERF_002295,EMP_0192,2025-11-01,367000,9.4,92.8,Excellent
PERF_002296,EMP_0192,2025-12-01,599000,8.0,93.9,Average
PERF_002297,EMP_0192,2026-01-01,275000,5.0,90.3,Average
PERF_002298,EMP_0192,2026-02-01,254000,5.3,94.4,Good
PERF_002299,EMP_0192,2026-03-01,498000,12.9,96.2,Average
PERF_002300,EMP_0192,2026-04-01,305000,6.7,87.8,Good
PERF_002301,EMP_0192,2026-05-01,383000,6.2,94.5,Needs Improvement
PERF_002302,EMP_0192,2026-06-01,358000,9.2,98.8,Good
PERF_002303,EMP_0192,2026-07-01,398000,6.7,99.8,Good
PERF_002304,EMP_0192,2026-08-01,489000,7.4,90.3,Excellent
PERF_002305,EMP_0193,2025-09-01,891000,8.5,87.3,Good
PERF_002306,EMP_0193,2025-10-01,1262000,7.2,89.0,Good
PERF_002307,EMP_0193,2025-11-01,718000,11.3,91.1,Excellent
PERF_002308,EMP_0193,2025-12-01,829000,14.8,98.0,Good
PERF_002309,EMP_0193,2026-01-01,1016000,14.8,94.2,Average
PERF_002310,EMP_0193,2026-02-01,816000,3.0,86.3,Excellent
PERF_002311,EMP_0193,2026-03-01,621000,2.6,88.4,Good
PERF_002312,EMP_0193,2026-04-01,893000,9.9,97.6,Good
PERF_002313,EMP_0193,2026-05-01,860000,4.9,94.5,Good
PERF_002314,EMP_0193,2026-06-01,1257000,15.2,97.8,Excellent
PERF_002315,EMP_0193,2026-07-01,751000,10.7,97.9,Good
PERF_002316,EMP_0193,2026-08-01,1278000,2.8,94.7,Average
PERF_002317,EMP_0194,2025-09-01,343000,4.1,90.7,Needs Improvement
PERF_002318,EMP_0194,2025-10-01,523000,2.7,84.5,Good
PERF_002319,EMP_0194,2025-11-01,330000,15.9,91.5,Average
PERF_002320,EMP_0194,2025-12-01,255000,12.3,95.1,Needs Improvement
PERF_002321,EMP_0194,2026-01-01,340000,4.2,91.1,Average
PERF_002322,EMP_0194,2026-02-01,468000,17.7,94.1,Average
PERF_002323,EMP_0194,2026-03-01,562000,16.0,94.8,Average
PERF_002324,EMP_0194,2026-04-01,305000,8.2,89.1,Good
PERF_002325,EMP_0194,2026-05-01,290000,17.7,98.9,Good
PERF_002326,EMP_0194,2026-06-01,232000,9.5,87.9,Excellent
PERF_002327,EMP_0194,2026-07-01,485000,13.2,96.4,Average
PERF_002328,EMP_0194,2026-08-01,307000,10.6,92.4,Good
PERF_002329,EMP_0195,2025-09-01,580000,14.6,93.8,Good
PERF_002330,EMP_0195,2025-10-01,287000,17.2,95.2,Good
PERF_002331,EMP_0195,2025-11-01,424000,7.9,93.1,Good
PERF_002332,EMP_0195,2025-12-01,360000,3.7,87.2,Excellent
PERF_002333,EMP_0195,2026-01-01,426000,2.7,93.3,Excellent
PERF_002334,EMP_0195,2026-02-01,329000,15.0,95.3,Good
PERF_002335,EMP_0195,2026-03-01,528000,6.5,89.2,Good
PERF_002336,EMP_0195,2026-04-01,423000,8.7,97.6,Good
PERF_002337,EMP_0195,2026-05-01,251000,5.3,99.6,Good
PERF_002338,EMP_0195,2026-06-01,309000,12.2,95.8,Needs Improvement
PERF_002339,EMP_0195,2026-07-01,533000,16.1,86.8,Good
PERF_002340,EMP_0195,2026-08-01,406000,5.4,91.9,Good
PERF_002341,EMP_0196,2025-09-01,1217000,7.1,94.8,Excellent
PERF_002342,EMP_0196,2025-10-01,734000,17.1,95.5,Needs Improvement
PERF_002343,EMP_0196,2025-11-01,1111000,4.8,93.6,Excellent
PERF_002344,EMP_0196,2025-12-01,1374000,3.8,95.8,Good
PERF_002345,EMP_0196,2026-01-01,1162000,5.5,89.8,Good
PERF_002346,EMP_0196,2026-02-01,760000,4.8,85.2,Good
PERF_002347,EMP_0196,2026-03-01,579000,12.5,94.5,Needs Improvement
PERF_002348,EMP_0196,2026-04-01,1473000,15.7,89.5,Good
PERF_002349,EMP_0196,2026-05-01,1170000,2.5,88.5,Good
PERF_002350,EMP_0196,2026-06-01,624000,11.8,87.9,Good
PERF_002351,EMP_0196,2026-07-01,1438000,2.5,91.3,Good
PERF_002352,EMP_0196,2026-08-01,1377000,8.8,88.9,Good
PERF_002353,EMP_0197,2025-09-01,436000,10.6,96.2,Good
PERF_002354,EMP_0197,2025-10-01,520000,10.8,91.2,Good
PERF_002355,EMP_0197,2025-11-01,316000,16.9,91.6,Good
PERF_002356,EMP_0197,2025-12-01,537000,16.2,96.3,Good
PERF_002357,EMP_0197,2026-01-01,443000,4.8,96.1,Average
PERF_002358,EMP_0197,2026-02-01,376000,18.0,93.4,Good
PERF_002359,EMP_0197,2026-03-01,564000,7.5,87.8,Needs Improvement
PERF_002360,EMP_0197,2026-04-01,539000,3.0,92.4,Good
PERF_002361,EMP_0197,2026-05-01,223000,12.1,92.4,Average
PERF_002362,EMP_0197,2026-06-01,537000,2.9,90.6,Good
PERF_002363,EMP_0197,2026-07-01,490000,9.9,98.5,Average
PERF_002364,EMP_0197,2026-08-01,348000,4.6,94.4,Excellent
PERF_002365,EMP_0198,2025-09-01,485000,7.1,92.0,Excellent
PERF_002366,EMP_0198,2025-10-01,292000,8.4,88.4,Excellent
PERF_002367,EMP_0198,2025-11-01,405000,17.8,100.0,Good
PERF_002368,EMP_0198,2025-12-01,454000,9.6,99.4,Excellent
PERF_002369,EMP_0198,2026-01-01,477000,5.6,93.7,Good
PERF_002370,EMP_0198,2026-02-01,465000,4.2,96.6,Good
PERF_002371,EMP_0198,2026-03-01,323000,4.7,91.0,Needs Improvement
PERF_002372,EMP_0198,2026-04-01,427000,13.7,90.1,Good
PERF_002373,EMP_0198,2026-05-01,516000,14.5,92.6,Good
PERF_002374,EMP_0198,2026-06-01,552000,15.1,90.5,Average
PERF_002375,EMP_0198,2026-07-01,311000,7.7,92.7,Good
PERF_002376,EMP_0198,2026-08-01,397000,13.2,95.4,Excellent
PERF_002377,EMP_0199,2025-09-01,533000,8.3,92.4,Good
PERF_002378,EMP_0199,2025-10-01,219000,4.3,96.3,Good
PERF_002379,EMP_0199,2025-11-01,566000,16.9,94.1,Excellent
PERF_002380,EMP_0199,2025-12-01,366000,13.1,93.8,Good
PERF_002381,EMP_0199,2026-01-01,443000,4.9,96.4,Excellent
PERF_002382,EMP_0199,2026-02-01,308000,11.7,91.0,Average
PERF_002383,EMP_0199,2026-03-01,460000,12.3,89.4,Average
PERF_002384,EMP_0199,2026-04-01,344000,17.3,94.5,Excellent
PERF_002385,EMP_0199,2026-05-01,483000,11.9,93.4,Excellent
PERF_002386,EMP_0199,2026-06-01,211000,10.3,94.4,Good
PERF_002387,EMP_0199,2026-07-01,399000,7.6,81.7,Good
PERF_002388,EMP_0199,2026-08-01,228000,12.3,93.3,Average
PERF_002389,EMP_0200,2025-09-01,517000,6.7,93.9,Average
PERF_002390,EMP_0200,2025-10-01,279000,15.9,94.4,Average
PERF_002391,EMP_0200,2025-11-01,572000,7.1,90.3,Average
PERF_002392,EMP_0200,2025-12-01,532000,8.7,100.0,Excellent
PERF_002393,EMP_0200,2026-01-01,532000,4.8,90.1,Average
PERF_002394,EMP_0200,2026-02-01,254000,6.3,88.8,Excellent
PERF_002395,EMP_0200,2026-03-01,373000,4.4,96.1,Good
PERF_002396,EMP_0200,2026-04-01,437000,16.2,90.0,Excellent
PERF_002397,EMP_0200,2026-05-01,455000,6.5,92.0,Good
PERF_002398,EMP_0200,2026-06-01,396000,8.2,96.5,Good
PERF_002399,EMP_0200,2026-07-01,460000,14.1,90.7,Good
PERF_002400,EMP_0200,2026-08-01,271000,10.0,87.6,Good
PERF_002401,EMP_0201,2025-09-01,597000,13.9,90.6,Good
PERF_002402,EMP_0201,2025-10-01,419000,8.6,95.0,Good
PERF_002403,EMP_0201,2025-11-01,351000,15.7,91.7,Excellent
PERF_002404,EMP_0201,2025-12-01,252000,15.4,92.2,Good
PERF_002405,EMP_0201,2026-01-01,464000,15.1,100.0,Good
PERF_002406,EMP_0201,2026-02-01,542000,5.2,87.8,Excellent
PERF_002407,EMP_0201,2026-03-01,322000,14.0,100.0,Excellent
PERF_002408,EMP_0201,2026-04-01,386000,9.7,86.9,Good
PERF_002409,EMP_0201,2026-05-01,454000,16.7,98.8,Good
PERF_002410,EMP_0201,2026-06-01,373000,16.6,92.4,Average
PERF_002411,EMP_0201,2026-07-01,343000,15.4,95.6,Good
PERF_002412,EMP_0201,2026-08-01,347000,14.0,99.5,Good
PERF_002413,EMP_0202,2025-09-01,752000,9.1,92.6,Excellent
PERF_002414,EMP_0202,2025-10-01,1157000,3.8,98.6,Good
PERF_002415,EMP_0202,2025-11-01,962000,6.4,91.7,Good
PERF_002416,EMP_0202,2025-12-01,1173000,3.9,86.8,Good
PERF_002417,EMP_0202,2026-01-01,1301000,5.0,91.8,Needs Improvement
PERF_002418,EMP_0202,2026-02-01,851000,3.4,88.7,Average
PERF_002419,EMP_0202,2026-03-01,1416000,16.9,92.6,Good
PERF_002420,EMP_0202,2026-04-01,828000,5.8,94.4,Excellent
PERF_002421,EMP_0202,2026-05-01,1481000,11.3,90.9,Good
PERF_002422,EMP_0202,2026-06-01,592000,5.8,94.7,Average
PERF_002423,EMP_0202,2026-07-01,907000,17.7,93.0,Excellent
PERF_002424,EMP_0202,2026-08-01,628000,12.9,87.5,Good
PERF_002425,EMP_0203,2025-09-01,508000,4.4,90.3,Average
PERF_002426,EMP_0203,2025-10-01,458000,9.2,91.6,Good
PERF_002427,EMP_0203,2025-11-01,599000,11.7,97.9,Excellent
PERF_002428,EMP_0203,2025-12-01,598000,16.1,92.8,Good
PERF_002429,EMP_0203,2026-01-01,381000,2.0,92.9,Good
PERF_002430,EMP_0203,2026-02-01,252000,7.3,84.1,Excellent
PERF_002431,EMP_0203,2026-03-01,315000,14.2,91.4,Good
PERF_002432,EMP_0203,2026-04-01,227000,13.4,94.0,Good
PERF_002433,EMP_0203,2026-05-01,581000,6.0,95.0,Average
PERF_002434,EMP_0203,2026-06-01,240000,4.9,94.7,Good
PERF_002435,EMP_0203,2026-07-01,371000,17.8,96.5,Average
PERF_002436,EMP_0203,2026-08-01,365000,8.1,98.3,Excellent
PERF_002437,EMP_0204,2025-09-01,593000,7.2,96.5,Needs Improvement
PERF_002438,EMP_0204,2025-10-01,1207000,2.4,87.7,Good
PERF_002439,EMP_0204,2025-11-01,737000,14.9,99.7,Good
PERF_002440,EMP_0204,2025-12-01,780000,16.0,92.1,Needs Improvement
PERF_002441,EMP_0204,2026-01-01,1166000,12.1,93.4,Good
PERF_002442,EMP_0204,2026-02-01,1452000,14.2,90.7,Excellent
PERF_002443,EMP_0204,2026-03-01,643000,12.8,93.3,Average
PERF_002444,EMP_0204,2026-04-01,929000,8.2,94.3,Good
PERF_002445,EMP_0204,2026-05-01,554000,6.4,93.1,Excellent
PERF_002446,EMP_0204,2026-06-01,1330000,16.1,100.0,Good
PERF_002447,EMP_0204,2026-07-01,1040000,8.9,88.7,Good
PERF_002448,EMP_0204,2026-08-01,863000,4.9,91.1,Good
PERF_002449,EMP_0205,2025-09-01,545000,12.3,98.3,Good
PERF_002450,EMP_0205,2025-10-01,570000,10.3,95.8,Average
PERF_002451,EMP_0205,2025-11-01,1341000,4.5,98.1,Average
PERF_002452,EMP_0205,2025-12-01,1059000,3.8,94.2,Average
PERF_002453,EMP_0205,2026-01-01,971000,8.3,88.5,Needs Improvement
PERF_002454,EMP_0205,2026-02-01,1404000,17.3,88.1,Needs Improvement
PERF_002455,EMP_0205,2026-03-01,972000,6.9,92.3,Average
PERF_002456,EMP_0205,2026-04-01,976000,11.2,91.5,Good
PERF_002457,EMP_0205,2026-05-01,754000,15.4,95.6,Good
PERF_002458,EMP_0205,2026-06-01,1288000,14.1,94.5,Excellent
PERF_002459,EMP_0205,2026-07-01,998000,14.4,96.8,Good
PERF_002460,EMP_0205,2026-08-01,748000,14.0,91.7,Good
PERF_002461,EMP_0206,2025-09-01,401000,11.0,92.8,Good
PERF_002462,EMP_0206,2025-10-01,382000,17.5,98.6,Good
PERF_002463,EMP_0206,2025-11-01,528000,6.4,94.5,Good
PERF_002464,EMP_0206,2025-12-01,265000,16.7,92.0,Good
PERF_002465,EMP_0206,2026-01-01,463000,15.6,93.0,Needs Improvement
PERF_002466,EMP_0206,2026-02-01,517000,13.2,97.9,Average
PERF_002467,EMP_0206,2026-03-01,235000,10.1,88.5,Excellent
PERF_002468,EMP_0206,2026-04-01,205000,16.7,93.4,Average
PERF_002469,EMP_0206,2026-05-01,589000,3.8,93.4,Excellent
PERF_002470,EMP_0206,2026-06-01,383000,4.6,93.7,Excellent
PERF_002471,EMP_0206,2026-07-01,216000,16.0,89.4,Good
PERF_002472,EMP_0206,2026-08-01,445000,15.2,92.4,Good
PERF_002473,EMP_0207,2025-09-01,255000,13.4,100.0,Excellent
PERF_002474,EMP_0207,2025-10-01,531000,13.8,89.5,Good
PERF_002475,EMP_0207,2025-11-01,419000,4.1,95.5,Excellent
PERF_002476,EMP_0207,2025-12-01,329000,11.5,96.5,Good
PERF_002477,EMP_0207,2026-01-01,334000,11.6,91.9,Average
PERF_002478,EMP_0207,2026-02-01,477000,16.3,90.8,Average
PERF_002479,EMP_0207,2026-03-01,406000,17.7,91.2,Good
PERF_002480,EMP_0207,2026-04-01,276000,12.3,93.4,Good
PERF_002481,EMP_0207,2026-05-01,406000,9.8,99.4,Good
PERF_002482,EMP_0207,2026-06-01,267000,14.9,99.6,Good
PERF_002483,EMP_0207,2026-07-01,304000,5.4,96.9,Good
PERF_002484,EMP_0207,2026-08-01,330000,4.1,100.0,Excellent
PERF_002485,EMP_0208,2025-09-01,442000,3.5,98.9,Good
PERF_002486,EMP_0208,2025-10-01,340000,15.5,97.8,Good
PERF_002487,EMP_0208,2025-11-01,542000,2.8,89.5,Average
PERF_002488,EMP_0208,2025-12-01,425000,6.7,94.5,Excellent
PERF_002489,EMP_0208,2026-01-01,250000,10.2,96.1,Good
PERF_002490,EMP_0208,2026-02-01,333000,3.3,98.2,Average
PERF_002491,EMP_0208,2026-03-01,208000,9.6,93.2,Good
PERF_002492,EMP_0208,2026-04-01,508000,5.0,97.6,Good
PERF_002493,EMP_0208,2026-05-01,358000,4.5,90.4,Excellent
PERF_002494,EMP_0208,2026-06-01,270000,17.1,92.4,Average
PERF_002495,EMP_0208,2026-07-01,482000,10.8,100.0,Excellent
PERF_002496,EMP_0208,2026-08-01,393000,3.8,93.0,Good
PERF_002497,EMP_0209,2025-09-01,1032000,9.8,91.8,Good
PERF_002498,EMP_0209,2025-10-01,634000,10.7,87.7,Average
PERF_002499,EMP_0209,2025-11-01,793000,4.9,94.2,Good
PERF_002500,EMP_0209,2025-12-01,1370000,16.1,88.3,Good
PERF_002501,EMP_0209,2026-01-01,693000,13.3,86.8,Excellent
PERF_002502,EMP_0209,2026-02-01,647000,16.6,88.7,Good
PERF_002503,EMP_0209,2026-03-01,1106000,4.7,95.6,Needs Improvement
PERF_002504,EMP_0209,2026-04-01,1265000,4.5,90.3,Good
PERF_002505,EMP_0209,2026-05-01,1187000,9.3,91.0,Good
PERF_002506,EMP_0209,2026-06-01,1440000,6.8,89.8,Average
PERF_002507,EMP_0209,2026-07-01,1309000,8.0,88.6,Good
PERF_002508,EMP_0209,2026-08-01,876000,16.0,91.3,Good
PERF_002509,EMP_0210,2025-09-01,242000,2.5,98.9,Good
PERF_002510,EMP_0210,2025-10-01,362000,9.1,96.5,Good
PERF_002511,EMP_0210,2025-11-01,289000,8.5,91.2,Good
PERF_002512,EMP_0210,2025-12-01,493000,3.4,91.8,Good
PERF_002513,EMP_0210,2026-01-01,310000,9.5,91.3,Average
PERF_002514,EMP_0210,2026-02-01,466000,3.1,89.3,Average
PERF_002515,EMP_0210,2026-03-01,269000,12.6,92.9,Excellent
PERF_002516,EMP_0210,2026-04-01,433000,4.8,93.4,Good
PERF_002517,EMP_0210,2026-05-01,418000,3.9,91.9,Good
PERF_002518,EMP_0210,2026-06-01,375000,10.8,93.0,Average
PERF_002519,EMP_0210,2026-07-01,399000,10.6,92.2,Excellent
PERF_002520,EMP_0210,2026-08-01,209000,3.3,100.0,Good
PERF_002521,EMP_0211,2025-09-01,442000,9.9,94.3,Average
PERF_002522,EMP_0211,2025-10-01,356000,7.7,90.6,Excellent
PERF_002523,EMP_0211,2025-11-01,450000,15.6,93.9,Average
PERF_002524,EMP_0211,2025-12-01,234000,4.7,93.6,Good
PERF_002525,EMP_0211,2026-01-01,594000,9.5,93.3,Good
PERF_002526,EMP_0211,2026-02-01,334000,12.9,92.0,Average
PERF_002527,EMP_0211,2026-03-01,504000,13.6,90.7,Good
PERF_002528,EMP_0211,2026-04-01,551000,2.7,97.2,Good
PERF_002529,EMP_0211,2026-05-01,519000,13.7,91.7,Good
PERF_002530,EMP_0211,2026-06-01,361000,3.1,83.6,Good
PERF_002531,EMP_0211,2026-07-01,421000,15.0,93.3,Excellent
PERF_002532,EMP_0211,2026-08-01,215000,8.9,91.8,Good
PERF_002533,EMP_0212,2025-09-01,1201000,6.8,93.3,Good
PERF_002534,EMP_0212,2025-10-01,1196000,6.0,96.4,Excellent
PERF_002535,EMP_0212,2025-11-01,1077000,10.7,91.6,Good
PERF_002536,EMP_0212,2025-12-01,1268000,5.4,83.0,Average
PERF_002537,EMP_0212,2026-01-01,1450000,5.7,93.5,Good
PERF_002538,EMP_0212,2026-02-01,661000,15.7,95.3,Good
PERF_002539,EMP_0212,2026-03-01,823000,16.1,89.0,Average
PERF_002540,EMP_0212,2026-04-01,851000,9.6,93.1,Good
PERF_002541,EMP_0212,2026-05-01,683000,11.7,100.0,Excellent
PERF_002542,EMP_0212,2026-06-01,1492000,16.5,88.6,Good
PERF_002543,EMP_0212,2026-07-01,762000,10.6,91.6,Excellent
PERF_002544,EMP_0212,2026-08-01,1267000,4.8,95.5,Needs Improvement
PERF_002545,EMP_0213,2025-09-01,332000,12.2,92.6,Good
PERF_002546,EMP_0213,2025-10-01,314000,15.8,87.9,Good
PERF_002547,EMP_0213,2025-11-01,269000,8.8,91.8,Good
PERF_002548,EMP_0213,2025-12-01,315000,3.3,96.5,Good
PERF_002549,EMP_0213,2026-01-01,246000,3.2,88.5,Good
PERF_002550,EMP_0213,2026-02-01,326000,4.8,89.4,Good
PERF_002551,EMP_0213,2026-03-01,569000,3.7,89.7,Good
PERF_002552,EMP_0213,2026-04-01,492000,10.2,92.6,Excellent
PERF_002553,EMP_0213,2026-05-01,338000,7.9,86.5,Good
PERF_002554,EMP_0213,2026-06-01,397000,7.5,97.7,Excellent
PERF_002555,EMP_0213,2026-07-01,313000,15.5,83.7,Needs Improvement
PERF_002556,EMP_0213,2026-08-01,336000,10.0,93.7,Needs Improvement
PERF_002557,EMP_0214,2025-09-01,312000,13.4,99.1,Good
PERF_002558,EMP_0214,2025-10-01,213000,5.1,89.0,Excellent
PERF_002559,EMP_0214,2025-11-01,387000,7.4,90.7,Good
PERF_002560,EMP_0214,2025-12-01,533000,9.2,98.9,Needs Improvement
PERF_002561,EMP_0214,2026-01-01,488000,10.9,94.8,Good
PERF_002562,EMP_0214,2026-02-01,297000,4.6,90.0,Good
PERF_002563,EMP_0214,2026-03-01,583000,8.7,92.1,Good
PERF_002564,EMP_0214,2026-04-01,428000,11.8,89.7,Average
PERF_002565,EMP_0214,2026-05-01,372000,11.0,91.6,Good
PERF_002566,EMP_0214,2026-06-01,281000,14.1,89.4,Average
PERF_002567,EMP_0214,2026-07-01,495000,15.9,96.6,Average
PERF_002568,EMP_0214,2026-08-01,541000,5.3,91.3,Good
PERF_002569,EMP_0215,2025-09-01,1311000,3.1,95.4,Average
PERF_002570,EMP_0215,2025-10-01,783000,2.0,86.5,Good
PERF_002571,EMP_0215,2025-11-01,592000,17.6,96.7,Needs Improvement
PERF_002572,EMP_0215,2025-12-01,1296000,15.5,95.7,Good
PERF_002573,EMP_0215,2026-01-01,844000,15.7,88.5,Good
PERF_002574,EMP_0215,2026-02-01,581000,9.9,95.4,Excellent
PERF_002575,EMP_0215,2026-03-01,1296000,10.3,89.8,Needs Improvement
PERF_002576,EMP_0215,2026-04-01,1493000,17.5,96.0,Average
PERF_002577,EMP_0215,2026-05-01,1044000,9.9,87.9,Good
PERF_002578,EMP_0215,2026-06-01,815000,5.1,95.6,Excellent
PERF_002579,EMP_0215,2026-07-01,545000,17.2,98.1,Good
PERF_002580,EMP_0215,2026-08-01,855000,3.4,96.2,Excellent
PERF_002581,EMP_0216,2025-09-01,1106000,14.6,90.7,Good
PERF_002582,EMP_0216,2025-10-01,1424000,7.3,94.7,Average
PERF_002583,EMP_0216,2025-11-01,1359000,8.5,89.3,Excellent
PERF_002584,EMP_0216,2025-12-01,1388000,17.9,89.1,Excellent
PERF_002585,EMP_0216,2026-01-01,982000,11.5,85.4,Average
PERF_002586,EMP_0216,2026-02-01,883000,7.2,99.2,Good
PERF_002587,EMP_0216,2026-03-01,1463000,7.1,98.8,Excellent
PERF_002588,EMP_0216,2026-04-01,834000,4.0,97.9,Average
PERF_002589,EMP_0216,2026-05-01,909000,14.3,94.3,Good
PERF_002590,EMP_0216,2026-06-01,1449000,16.2,96.4,Average
PERF_002591,EMP_0216,2026-07-01,1217000,17.8,96.0,Good
PERF_002592,EMP_0216,2026-08-01,721000,8.9,89.1,Excellent
PERF_002593,EMP_0217,2025-09-01,534000,6.8,88.5,Good
PERF_002594,EMP_0217,2025-10-01,257000,4.0,98.0,Average
PERF_002595,EMP_0217,2025-11-01,519000,15.0,96.9,Excellent
PERF_002596,EMP_0217,2025-12-01,208000,5.9,90.1,Good
PERF_002597,EMP_0217,2026-01-01,467000,15.3,96.4,Good
PERF_002598,EMP_0217,2026-02-01,227000,2.7,92.9,Good
PERF_002599,EMP_0217,2026-03-01,356000,4.1,100.0,Average
PERF_002600,EMP_0217,2026-04-01,328000,6.2,95.6,Average
PERF_002601,EMP_0217,2026-05-01,540000,7.1,97.4,Average
PERF_002602,EMP_0217,2026-06-01,320000,6.1,97.1,Good
PERF_002603,EMP_0217,2026-07-01,522000,11.2,99.5,Average
PERF_002604,EMP_0217,2026-08-01,400000,16.2,84.9,Good
PERF_002605,EMP_0218,2025-09-01,921000,4.8,91.7,Needs Improvement
PERF_002606,EMP_0218,2025-10-01,1433000,14.5,92.1,Good
PERF_002607,EMP_0218,2025-11-01,1431000,4.2,95.0,Good
PERF_002608,EMP_0218,2025-12-01,741000,6.2,95.6,Average
PERF_002609,EMP_0218,2026-01-01,1367000,5.3,92.1,Good
PERF_002610,EMP_0218,2026-02-01,567000,6.4,89.4,Good
PERF_002611,EMP_0218,2026-03-01,989000,6.7,92.1,Good
PERF_002612,EMP_0218,2026-04-01,1351000,5.3,85.9,Excellent
PERF_002613,EMP_0218,2026-05-01,1114000,7.6,95.6,Good
PERF_002614,EMP_0218,2026-06-01,1294000,14.2,93.9,Good
PERF_002615,EMP_0218,2026-07-01,1105000,9.8,96.6,Good
PERF_002616,EMP_0218,2026-08-01,822000,11.4,96.9,Needs Improvement
PERF_002617,EMP_0219,2025-09-01,391000,9.8,94.5,Excellent
PERF_002618,EMP_0219,2025-10-01,324000,10.3,93.4,Good
PERF_002619,EMP_0219,2025-11-01,287000,9.5,97.0,Average
PERF_002620,EMP_0219,2025-12-01,383000,13.7,98.7,Excellent
PERF_002621,EMP_0219,2026-01-01,524000,16.6,95.4,Average
PERF_002622,EMP_0219,2026-02-01,279000,6.8,95.3,Average
PERF_002623,EMP_0219,2026-03-01,233000,16.5,98.9,Good
PERF_002624,EMP_0219,2026-04-01,219000,3.0,91.1,Good
PERF_002625,EMP_0219,2026-05-01,474000,12.7,100.0,Good
PERF_002626,EMP_0219,2026-06-01,471000,9.1,95.2,Good
PERF_002627,EMP_0219,2026-07-01,475000,7.6,95.0,Average
PERF_002628,EMP_0219,2026-08-01,533000,2.6,95.0,Good
PERF_002629,EMP_0220,2025-09-01,556000,5.6,87.0,Good
PERF_002630,EMP_0220,2025-10-01,300000,7.7,92.1,Good
PERF_002631,EMP_0220,2025-11-01,400000,14.4,91.8,Average
PERF_002632,EMP_0220,2025-12-01,346000,9.7,91.9,Good
PERF_002633,EMP_0220,2026-01-01,511000,3.8,96.5,Good
PERF_002634,EMP_0220,2026-02-01,418000,5.2,89.9,Average
PERF_002635,EMP_0220,2026-03-01,414000,7.9,85.4,Excellent
PERF_002636,EMP_0220,2026-04-01,574000,7.4,93.9,Good
PERF_002637,EMP_0220,2026-05-01,546000,3.8,89.8,Excellent
PERF_002638,EMP_0220,2026-06-01,322000,10.4,93.8,Good
PERF_002639,EMP_0220,2026-07-01,270000,11.8,90.9,Good
PERF_002640,EMP_0220,2026-08-01,522000,16.2,88.3,Excellent
PERF_002641,EMP_0221,2025-09-01,468000,10.3,99.9,Excellent
PERF_002642,EMP_0221,2025-10-01,404000,5.2,95.8,Needs Improvement
PERF_002643,EMP_0221,2025-11-01,455000,17.4,91.2,Good
PERF_002644,EMP_0221,2025-12-01,230000,7.6,88.7,Good
PERF_002645,EMP_0221,2026-01-01,201000,11.8,92.8,Excellent
PERF_002646,EMP_0221,2026-02-01,432000,7.5,89.4,Good
PERF_002647,EMP_0221,2026-03-01,502000,14.5,94.8,Needs Improvement
PERF_002648,EMP_0221,2026-04-01,337000,2.3,88.5,Average
PERF_002649,EMP_0221,2026-05-01,217000,6.9,93.8,Good
PERF_002650,EMP_0221,2026-06-01,336000,5.3,90.7,Average
PERF_002651,EMP_0221,2026-07-01,544000,15.7,92.6,Average
PERF_002652,EMP_0221,2026-08-01,540000,13.9,98.5,Average
PERF_002653,EMP_0222,2025-09-01,947000,7.7,97.2,Good
PERF_002654,EMP_0222,2025-10-01,1317000,11.1,97.3,Good
PERF_002655,EMP_0222,2025-11-01,642000,10.6,84.2,Excellent
PERF_002656,EMP_0222,2025-12-01,983000,16.7,93.5,Good
PERF_002657,EMP_0222,2026-01-01,634000,11.2,97.2,Excellent
PERF_002658,EMP_0222,2026-02-01,1197000,10.5,90.2,Good
PERF_002659,EMP_0222,2026-03-01,550000,14.1,90.9,Good
PERF_002660,EMP_0222,2026-04-01,510000,15.7,90.1,Good
PERF_002661,EMP_0222,2026-05-01,1077000,8.3,92.5,Good
PERF_002662,EMP_0222,2026-06-01,670000,4.6,95.5,Good
PERF_002663,EMP_0222,2026-07-01,1167000,14.4,90.9,Good
PERF_002664,EMP_0222,2026-08-01,798000,10.8,88.7,Good
PERF_002665,EMP_0223,2025-09-01,1289000,10.2,91.5,Good
PERF_002666,EMP_0223,2025-10-01,975000,5.4,92.5,Excellent
PERF_002667,EMP_0223,2025-11-01,672000,8.3,95.9,Average
PERF_002668,EMP_0223,2025-12-01,1082000,9.7,98.4,Good
PERF_002669,EMP_0223,2026-01-01,775000,10.3,94.1,Good
PERF_002670,EMP_0223,2026-02-01,694000,4.8,97.8,Average
PERF_002671,EMP_0223,2026-03-01,727000,11.4,96.5,Average
PERF_002672,EMP_0223,2026-04-01,1189000,12.3,95.6,Good
PERF_002673,EMP_0223,2026-05-01,1111000,16.1,95.2,Excellent
PERF_002674,EMP_0223,2026-06-01,547000,16.1,94.3,Excellent
PERF_002675,EMP_0223,2026-07-01,668000,11.5,96.2,Average
PERF_002676,EMP_0223,2026-08-01,1301000,12.3,95.8,Good
PERF_002677,EMP_0224,2025-09-01,1277000,3.6,97.6,Excellent
PERF_002678,EMP_0224,2025-10-01,1466000,12.3,94.5,Average
PERF_002679,EMP_0224,2025-11-01,658000,7.8,88.6,Average
PERF_002680,EMP_0224,2025-12-01,832000,6.8,90.0,Good
PERF_002681,EMP_0224,2026-01-01,992000,12.0,96.2,Excellent
PERF_002682,EMP_0224,2026-02-01,593000,10.7,98.6,Good
PERF_002683,EMP_0224,2026-03-01,501000,17.7,91.1,Excellent
PERF_002684,EMP_0224,2026-04-01,846000,9.3,94.0,Good
PERF_002685,EMP_0224,2026-05-01,990000,3.7,89.2,Good
PERF_002686,EMP_0224,2026-06-01,920000,16.4,91.8,Average
PERF_002687,EMP_0224,2026-07-01,1471000,15.6,85.7,Good
PERF_002688,EMP_0224,2026-08-01,1410000,8.9,92.2,Good
PERF_002689,EMP_0225,2025-09-01,1128000,6.5,89.1,Good
PERF_002690,EMP_0225,2025-10-01,572000,5.9,87.9,Good
PERF_002691,EMP_0225,2025-11-01,1200000,7.0,91.0,Good
PERF_002692,EMP_0225,2025-12-01,515000,7.0,94.2,Needs Improvement
PERF_002693,EMP_0225,2026-01-01,1179000,17.4,97.4,Good
PERF_002694,EMP_0225,2026-02-01,1082000,8.3,96.2,Excellent
PERF_002695,EMP_0225,2026-03-01,851000,14.1,94.7,Average
PERF_002696,EMP_0225,2026-04-01,1302000,2.4,90.7,Good
PERF_002697,EMP_0225,2026-05-01,1379000,7.8,84.6,Good
PERF_002698,EMP_0225,2026-06-01,1284000,15.2,97.2,Good
PERF_002699,EMP_0225,2026-07-01,994000,14.2,87.5,Average
PERF_002700,EMP_0225,2026-08-01,1063000,10.0,92.3,Good
PERF_002701,EMP_0226,2025-09-01,598000,5.0,97.8,Needs Improvement
PERF_002702,EMP_0226,2025-10-01,241000,15.3,93.6,Excellent
PERF_002703,EMP_0226,2025-11-01,271000,4.7,95.4,Average
PERF_002704,EMP_0226,2025-12-01,316000,13.9,94.5,Excellent
PERF_002705,EMP_0226,2026-01-01,519000,16.8,91.7,Good
PERF_002706,EMP_0226,2026-02-01,565000,9.4,89.4,Excellent
PERF_002707,EMP_0226,2026-03-01,594000,5.3,97.3,Good
PERF_002708,EMP_0226,2026-04-01,333000,14.8,100.0,Average
PERF_002709,EMP_0226,2026-05-01,297000,8.3,100.0,Good
PERF_002710,EMP_0226,2026-06-01,566000,4.2,92.2,Needs Improvement
PERF_002711,EMP_0226,2026-07-01,336000,15.7,97.6,Excellent
PERF_002712,EMP_0226,2026-08-01,506000,14.6,86.5,Average
PERF_002713,EMP_0227,2025-09-01,532000,12.2,92.4,Good
PERF_002714,EMP_0227,2025-10-01,555000,10.3,95.0,Average
PERF_002715,EMP_0227,2025-11-01,1180000,15.0,94.6,Needs Improvement
PERF_002716,EMP_0227,2025-12-01,1083000,13.8,100.0,Good
PERF_002717,EMP_0227,2026-01-01,779000,6.1,86.2,Excellent
PERF_002718,EMP_0227,2026-02-01,812000,15.1,93.7,Good
PERF_002719,EMP_0227,2026-03-01,952000,12.0,87.1,Average
PERF_002720,EMP_0227,2026-04-01,1368000,11.5,93.4,Good
PERF_002721,EMP_0227,2026-05-01,1048000,7.3,93.5,Average
PERF_002722,EMP_0227,2026-06-01,1453000,9.0,92.5,Excellent
PERF_002723,EMP_0227,2026-07-01,621000,4.1,98.7,Good
PERF_002724,EMP_0227,2026-08-01,1017000,2.7,90.3,Excellent
PERF_002725,EMP_0228,2025-09-01,800000,17.3,100.0,Good
PERF_002726,EMP_0228,2025-10-01,713000,12.5,83.6,Excellent
PERF_002727,EMP_0228,2025-11-01,1344000,11.3,95.6,Good
PERF_002728,EMP_0228,2025-12-01,1062000,10.3,95.8,Good
PERF_002729,EMP_0228,2026-01-01,1422000,5.7,87.7,Good
PERF_002730,EMP_0228,2026-02-01,1364000,4.7,90.7,Average
PERF_002731,EMP_0228,2026-03-01,1476000,9.3,94.8,Good
PERF_002732,EMP_0228,2026-04-01,1006000,4.1,89.1,Good
PERF_002733,EMP_0228,2026-05-01,836000,6.1,94.7,Average
PERF_002734,EMP_0228,2026-06-01,881000,7.0,98.7,Excellent
PERF_002735,EMP_0228,2026-07-01,1216000,3.6,91.1,Good
PERF_002736,EMP_0228,2026-08-01,604000,11.9,89.6,Excellent
PERF_002737,EMP_0229,2025-09-01,369000,3.4,90.3,Good
PERF_002738,EMP_0229,2025-10-01,539000,17.1,92.4,Excellent
PERF_002739,EMP_0229,2025-11-01,514000,4.9,100.0,Good
PERF_002740,EMP_0229,2025-12-01,310000,8.6,88.3,Good
PERF_002741,EMP_0229,2026-01-01,251000,8.4,95.9,Good
PERF_002742,EMP_0229,2026-02-01,501000,15.3,86.3,Average
PERF_002743,EMP_0229,2026-03-01,440000,11.9,97.2,Average
PERF_002744,EMP_0229,2026-04-01,337000,14.2,96.9,Excellent
PERF_002745,EMP_0229,2026-05-01,478000,15.2,91.5,Excellent
PERF_002746,EMP_0229,2026-06-01,360000,5.4,88.8,Good
PERF_002747,EMP_0229,2026-07-01,572000,3.3,98.3,Good
PERF_002748,EMP_0229,2026-08-01,362000,2.9,92.0,Average
PERF_002749,EMP_0230,2025-09-01,476000,12.6,92.3,Excellent
PERF_002750,EMP_0230,2025-10-01,470000,15.5,93.4,Good
PERF_002751,EMP_0230,2025-11-01,347000,9.9,96.3,Average
PERF_002752,EMP_0230,2025-12-01,442000,6.3,95.7,Excellent
PERF_002753,EMP_0230,2026-01-01,350000,8.1,91.1,Average
PERF_002754,EMP_0230,2026-02-01,231000,13.4,94.6,Good
PERF_002755,EMP_0230,2026-03-01,529000,7.4,91.8,Good
PERF_002756,EMP_0230,2026-04-01,562000,13.8,94.0,Average
PERF_002757,EMP_0230,2026-05-01,523000,17.0,92.0,Excellent
PERF_002758,EMP_0230,2026-06-01,396000,11.5,93.5,Needs Improvement
PERF_002759,EMP_0230,2026-07-01,571000,13.6,96.1,Average
PERF_002760,EMP_0230,2026-08-01,240000,13.5,91.5,Excellent
PERF_002761,EMP_0231,2025-09-01,1452000,2.7,100.0,Good
PERF_002762,EMP_0231,2025-10-01,747000,9.8,92.9,Good
PERF_002763,EMP_0231,2025-11-01,771000,5.7,100.0,Average
PERF_002764,EMP_0231,2025-12-01,622000,5.3,89.4,Good
PERF_002765,EMP_0231,2026-01-01,853000,11.8,92.0,Good
PERF_002766,EMP_0231,2026-02-01,572000,4.6,90.7,Average
PERF_002767,EMP_0231,2026-03-01,995000,5.7,90.7,Average
PERF_002768,EMP_0231,2026-04-01,1215000,4.6,90.8,Good
PERF_002769,EMP_0231,2026-05-01,1459000,8.1,94.2,Good
PERF_002770,EMP_0231,2026-06-01,1359000,9.8,98.5,Good
PERF_002771,EMP_0231,2026-07-01,1086000,10.6,95.0,Good
PERF_002772,EMP_0231,2026-08-01,814000,2.7,87.8,Good
PERF_002773,EMP_0232,2025-09-01,568000,12.0,95.1,Good
PERF_002774,EMP_0232,2025-10-01,356000,8.9,88.6,Average
PERF_002775,EMP_0232,2025-11-01,317000,4.5,89.5,Average
PERF_002776,EMP_0232,2025-12-01,359000,2.6,98.4,Good
PERF_002777,EMP_0232,2026-01-01,473000,3.9,93.0,Good
PERF_002778,EMP_0232,2026-02-01,285000,5.5,92.0,Good
PERF_002779,EMP_0232,2026-03-01,554000,5.3,87.7,Good
PERF_002780,EMP_0232,2026-04-01,494000,14.9,94.9,Good
PERF_002781,EMP_0232,2026-05-01,341000,10.1,97.7,Average
PERF_002782,EMP_0232,2026-06-01,569000,12.8,99.7,Average
PERF_002783,EMP_0232,2026-07-01,435000,5.7,98.0,Average
PERF_002784,EMP_0232,2026-08-01,494000,6.1,89.3,Good
PERF_002785,EMP_0233,2025-09-01,289000,4.1,84.3,Good
PERF_002786,EMP_0233,2025-10-01,482000,7.8,95.7,Excellent
PERF_002787,EMP_0233,2025-11-01,571000,6.4,91.9,Good
PERF_002788,EMP_0233,2025-12-01,342000,6.2,94.2,Average
PERF_002789,EMP_0233,2026-01-01,340000,14.5,90.9,Excellent
PERF_002790,EMP_0233,2026-02-01,382000,9.6,99.2,Good
PERF_002791,EMP_0233,2026-03-01,518000,14.0,92.1,Good
PERF_002792,EMP_0233,2026-04-01,519000,4.5,86.2,Excellent
PERF_002793,EMP_0233,2026-05-01,245000,16.5,94.5,Average
PERF_002794,EMP_0233,2026-06-01,351000,12.1,95.4,Excellent
PERF_002795,EMP_0233,2026-07-01,235000,9.8,91.2,Good
PERF_002796,EMP_0233,2026-08-01,566000,13.2,89.6,Good
PERF_002797,EMP_0234,2025-09-01,1208000,3.3,89.9,Needs Improvement
PERF_002798,EMP_0234,2025-10-01,1097000,2.7,89.4,Good
PERF_002799,EMP_0234,2025-11-01,792000,16.8,92.5,Good
PERF_002800,EMP_0234,2025-12-01,1298000,7.1,89.4,Excellent
PERF_002801,EMP_0234,2026-01-01,1104000,12.5,95.1,Excellent
PERF_002802,EMP_0234,2026-02-01,633000,5.6,87.5,Good
PERF_002803,EMP_0234,2026-03-01,934000,3.1,96.6,Average
PERF_002804,EMP_0234,2026-04-01,1156000,14.4,89.5,Good
PERF_002805,EMP_0234,2026-05-01,1088000,14.3,93.1,Good
PERF_002806,EMP_0234,2026-06-01,1476000,11.1,93.7,Good
PERF_002807,EMP_0234,2026-07-01,924000,3.9,90.7,Good
PERF_002808,EMP_0234,2026-08-01,927000,7.8,91.4,Good
PERF_002809,EMP_0235,2025-09-01,854000,2.3,94.6,Excellent
PERF_002810,EMP_0235,2025-10-01,1148000,9.7,94.2,Good
PERF_002811,EMP_0235,2025-11-01,846000,13.8,90.8,Good
PERF_002812,EMP_0235,2025-12-01,532000,16.4,94.1,Good
PERF_002813,EMP_0235,2026-01-01,594000,11.8,83.5,Good
PERF_002814,EMP_0235,2026-02-01,668000,14.2,94.8,Good
PERF_002815,EMP_0235,2026-03-01,1169000,8.7,85.4,Excellent
PERF_002816,EMP_0235,2026-04-01,1043000,11.5,93.8,Excellent
PERF_002817,EMP_0235,2026-05-01,723000,3.8,91.7,Average
PERF_002818,EMP_0235,2026-06-01,1415000,5.1,94.9,Good
PERF_002819,EMP_0235,2026-07-01,671000,14.9,94.5,Good
PERF_002820,EMP_0235,2026-08-01,1087000,5.4,93.4,Average
PERF_002821,EMP_0236,2025-09-01,625000,3.5,90.9,Good
PERF_002822,EMP_0236,2025-10-01,786000,8.8,88.5,Excellent
PERF_002823,EMP_0236,2025-11-01,607000,17.6,91.7,Good
PERF_002824,EMP_0236,2025-12-01,1049000,9.7,88.5,Excellent
PERF_002825,EMP_0236,2026-01-01,684000,9.9,96.8,Average
PERF_002826,EMP_0236,2026-02-01,1159000,10.0,87.3,Excellent
PERF_002827,EMP_0236,2026-03-01,678000,17.6,85.8,Good
PERF_002828,EMP_0236,2026-04-01,836000,7.1,97.5,Needs Improvement
PERF_002829,EMP_0236,2026-05-01,1385000,16.7,85.7,Needs Improvement
PERF_002830,EMP_0236,2026-06-01,1153000,8.4,91.9,Good
PERF_002831,EMP_0236,2026-07-01,1076000,15.5,91.8,Good
PERF_002832,EMP_0236,2026-08-01,525000,7.2,89.9,Excellent
PERF_002833,EMP_0237,2025-09-01,356000,17.8,94.8,Good
PERF_002834,EMP_0237,2025-10-01,548000,3.4,91.5,Average
PERF_002835,EMP_0237,2025-11-01,487000,3.8,96.4,Good
PERF_002836,EMP_0237,2025-12-01,465000,7.5,91.7,Good
PERF_002837,EMP_0237,2026-01-01,217000,16.0,96.4,Good
PERF_002838,EMP_0237,2026-02-01,405000,15.7,91.5,Excellent
PERF_002839,EMP_0237,2026-03-01,491000,11.9,93.2,Excellent
PERF_002840,EMP_0237,2026-04-01,535000,4.0,93.1,Good
PERF_002841,EMP_0237,2026-05-01,265000,14.7,92.1,Excellent
PERF_002842,EMP_0237,2026-06-01,376000,17.2,97.1,Good
PERF_002843,EMP_0237,2026-07-01,441000,3.4,100.0,Good
PERF_002844,EMP_0237,2026-08-01,263000,2.6,93.9,Needs Improvement
PERF_002845,EMP_0238,2025-09-01,1419000,13.3,92.9,Good
PERF_002846,EMP_0238,2025-10-01,856000,10.8,92.1,Good
PERF_002847,EMP_0238,2025-11-01,523000,3.1,92.8,Average
PERF_002848,EMP_0238,2025-12-01,1035000,6.5,92.8,Good
PERF_002849,EMP_0238,2026-01-01,1289000,3.2,91.3,Good
PERF_002850,EMP_0238,2026-02-01,739000,15.9,88.9,Good
PERF_002851,EMP_0238,2026-03-01,1314000,3.0,90.0,Average
PERF_002852,EMP_0238,2026-04-01,655000,2.0,94.2,Average
PERF_002853,EMP_0238,2026-05-01,840000,8.2,99.5,Good
PERF_002854,EMP_0238,2026-06-01,1007000,6.1,91.7,Good
PERF_002855,EMP_0238,2026-07-01,869000,12.8,95.8,Average
PERF_002856,EMP_0238,2026-08-01,970000,11.7,96.2,Needs Improvement
PERF_002857,EMP_0239,2025-09-01,673000,10.5,87.6,Good
PERF_002858,EMP_0239,2025-10-01,1487000,3.9,100.0,Good
PERF_002859,EMP_0239,2025-11-01,619000,13.7,86.2,Average
PERF_002860,EMP_0239,2025-12-01,1314000,11.5,86.1,Good
PERF_002861,EMP_0239,2026-01-01,1072000,8.4,97.1,Good
PERF_002862,EMP_0239,2026-02-01,1347000,13.1,100.0,Average
PERF_002863,EMP_0239,2026-03-01,833000,3.1,90.7,Good
PERF_002864,EMP_0239,2026-04-01,649000,6.0,86.8,Good
PERF_002865,EMP_0239,2026-05-01,1326000,6.4,96.9,Average
PERF_002866,EMP_0239,2026-06-01,1079000,5.2,91.3,Good
PERF_002867,EMP_0239,2026-07-01,1435000,11.1,90.2,Average
PERF_002868,EMP_0239,2026-08-01,1156000,5.2,93.7,Good
PERF_002869,EMP_0240,2025-09-01,292000,11.5,89.3,Good
PERF_002870,EMP_0240,2025-10-01,264000,14.5,85.0,Good
PERF_002871,EMP_0240,2025-11-01,410000,17.9,88.2,Good
PERF_002872,EMP_0240,2025-12-01,514000,4.0,89.8,Good
PERF_002873,EMP_0240,2026-01-01,524000,13.5,89.8,Excellent
PERF_002874,EMP_0240,2026-02-01,301000,9.1,95.6,Average
PERF_002875,EMP_0240,2026-03-01,220000,12.6,97.3,Good
PERF_002876,EMP_0240,2026-04-01,322000,4.1,94.3,Good
PERF_002877,EMP_0240,2026-05-01,308000,13.3,96.8,Excellent
PERF_002878,EMP_0240,2026-06-01,311000,15.4,97.1,Average
PERF_002879,EMP_0240,2026-07-01,384000,9.8,81.1,Good
PERF_002880,EMP_0240,2026-08-01,271000,7.4,94.4,Average
PERF_002881,EMP_0241,2025-09-01,1454000,14.2,82.4,Average
PERF_002882,EMP_0241,2025-10-01,578000,16.5,95.8,Good
PERF_002883,EMP_0241,2025-11-01,897000,2.7,97.3,Average
PERF_002884,EMP_0241,2025-12-01,1161000,10.2,87.9,Good
PERF_002885,EMP_0241,2026-01-01,606000,13.2,88.4,Excellent
PERF_002886,EMP_0241,2026-02-01,787000,12.4,95.7,Good
PERF_002887,EMP_0241,2026-03-01,1418000,13.9,90.4,Good
PERF_002888,EMP_0241,2026-04-01,817000,12.1,89.9,Average
PERF_002889,EMP_0241,2026-05-01,1300000,11.8,92.2,Needs Improvement
PERF_002890,EMP_0241,2026-06-01,514000,2.7,93.4,Average
PERF_002891,EMP_0241,2026-07-01,1156000,5.2,100.0,Average
PERF_002892,EMP_0241,2026-08-01,1144000,8.7,98.9,Excellent
PERF_002893,EMP_0242,2025-09-01,573000,12.1,91.4,Excellent
PERF_002894,EMP_0242,2025-10-01,878000,15.2,95.5,Good
PERF_002895,EMP_0242,2025-11-01,835000,5.8,91.3,Average
PERF_002896,EMP_0242,2025-12-01,868000,13.7,98.6,Good
PERF_002897,EMP_0242,2026-01-01,1464000,14.1,95.6,Excellent
PERF_002898,EMP_0242,2026-02-01,559000,8.6,96.3,Good
PERF_002899,EMP_0242,2026-03-01,614000,5.9,90.9,Average
PERF_002900,EMP_0242,2026-04-01,889000,17.4,95.0,Good
PERF_002901,EMP_0242,2026-05-01,529000,17.4,88.1,Good
PERF_002902,EMP_0242,2026-06-01,662000,17.1,92.8,Average
PERF_002903,EMP_0242,2026-07-01,1247000,13.1,93.8,Excellent
PERF_002904,EMP_0242,2026-08-01,1150000,9.4,90.2,Good
PERF_002905,EMP_0243,2025-09-01,1453000,7.1,92.9,Average
PERF_002906,EMP_0243,2025-10-01,1016000,4.9,89.5,Good
PERF_002907,EMP_0243,2025-11-01,993000,3.0,98.9,Good
PERF_002908,EMP_0243,2025-12-01,701000,11.8,93.6,Good
PERF_002909,EMP_0243,2026-01-01,956000,13.2,95.8,Good
PERF_002910,EMP_0243,2026-02-01,859000,13.9,89.0,Good
PERF_002911,EMP_0243,2026-03-01,1451000,15.8,93.2,Good
PERF_002912,EMP_0243,2026-04-01,713000,7.4,93.1,Good
PERF_002913,EMP_0243,2026-05-01,1325000,8.3,93.6,Good
PERF_002914,EMP_0243,2026-06-01,850000,11.5,92.4,Good
PERF_002915,EMP_0243,2026-07-01,922000,13.0,90.3,Average
PERF_002916,EMP_0243,2026-08-01,574000,8.5,100.0,Average
PERF_002917,EMP_0244,2025-09-01,372000,6.5,91.2,Excellent
PERF_002918,EMP_0244,2025-10-01,299000,6.3,88.4,Excellent
PERF_002919,EMP_0244,2025-11-01,296000,17.7,100.0,Excellent
PERF_002920,EMP_0244,2025-12-01,458000,2.1,95.7,Average
PERF_002921,EMP_0244,2026-01-01,447000,12.9,94.7,Good
PERF_002922,EMP_0244,2026-02-01,459000,4.8,94.3,Good
PERF_002923,EMP_0244,2026-03-01,338000,5.1,93.9,Good
PERF_002924,EMP_0244,2026-04-01,380000,15.5,90.9,Good
PERF_002925,EMP_0244,2026-05-01,360000,7.4,100.0,Excellent
PERF_002926,EMP_0244,2026-06-01,346000,15.7,97.2,Average
PERF_002927,EMP_0244,2026-07-01,436000,14.4,92.7,Good
PERF_002928,EMP_0244,2026-08-01,268000,6.4,94.4,Average
PERF_002929,EMP_0245,2025-09-01,512000,13.7,85.8,Good
PERF_002930,EMP_0245,2025-10-01,204000,14.7,91.4,Average
PERF_002931,EMP_0245,2025-11-01,377000,3.2,93.0,Good
PERF_002932,EMP_0245,2025-12-01,333000,9.1,92.8,Good
PERF_002933,EMP_0245,2026-01-01,339000,7.5,94.0,Good
PERF_002934,EMP_0245,2026-02-01,410000,14.6,90.4,Good
PERF_002935,EMP_0245,2026-03-01,316000,7.5,99.2,Average
PERF_002936,EMP_0245,2026-04-01,593000,7.0,94.7,Good
PERF_002937,EMP_0245,2026-05-01,521000,8.1,97.3,Good
PERF_002938,EMP_0245,2026-06-01,555000,12.4,88.3,Excellent
PERF_002939,EMP_0245,2026-07-01,349000,16.5,90.4,Good
PERF_002940,EMP_0245,2026-08-01,215000,16.3,96.2,Average
PERF_002941,EMP_0246,2025-09-01,576000,6.9,99.6,Average
PERF_002942,EMP_0246,2025-10-01,764000,2.5,90.9,Good
PERF_002943,EMP_0246,2025-11-01,994000,4.7,96.6,Good
PERF_002944,EMP_0246,2025-12-01,524000,11.1,86.3,Excellent
PERF_002945,EMP_0246,2026-01-01,618000,5.7,90.2,Average
PERF_002946,EMP_0246,2026-02-01,843000,7.1,96.7,Excellent
PERF_002947,EMP_0246,2026-03-01,867000,9.6,93.7,Average
PERF_002948,EMP_0246,2026-04-01,782000,17.9,92.5,Good
PERF_002949,EMP_0246,2026-05-01,793000,3.3,93.0,Good
PERF_002950,EMP_0246,2026-06-01,1312000,17.5,94.2,Average
PERF_002951,EMP_0246,2026-07-01,1451000,8.8,88.1,Average
PERF_002952,EMP_0246,2026-08-01,688000,9.0,95.4,Average
PERF_002953,EMP_0247,2025-09-01,212000,9.0,100.0,Excellent
PERF_002954,EMP_0247,2025-10-01,226000,4.5,89.4,Average
PERF_002955,EMP_0247,2025-11-01,337000,10.0,93.7,Average
PERF_002956,EMP_0247,2025-12-01,231000,17.3,97.2,Good
PERF_002957,EMP_0247,2026-01-01,411000,12.2,90.4,Good
PERF_002958,EMP_0247,2026-02-01,240000,9.4,94.5,Good
PERF_002959,EMP_0247,2026-03-01,574000,14.0,95.8,Good
PERF_002960,EMP_0247,2026-04-01,588000,7.2,96.5,Needs Improvement
PERF_002961,EMP_0247,2026-05-01,268000,10.4,98.5,Average
PERF_002962,EMP_0247,2026-06-01,491000,13.2,91.3,Average
PERF_002963,EMP_0247,2026-07-01,261000,16.6,92.6,Good
PERF_002964,EMP_0247,2026-08-01,445000,11.3,97.5,Needs Improvement
PERF_002965,EMP_0248,2025-09-01,1292000,4.8,97.1,Excellent
PERF_002966,EMP_0248,2025-10-01,1320000,6.7,94.9,Good
PERF_002967,EMP_0248,2025-11-01,1307000,3.0,94.7,Good
PERF_002968,EMP_0248,2025-12-01,613000,2.8,86.2,Good
PERF_002969,EMP_0248,2026-01-01,1302000,5.8,98.4,Good
PERF_002970,EMP_0248,2026-02-01,995000,16.6,87.2,Good
PERF_002971,EMP_0248,2026-03-01,1083000,12.6,94.0,Good
PERF_002972,EMP_0248,2026-04-01,1410000,8.5,96.7,Good
PERF_002973,EMP_0248,2026-05-01,1359000,3.4,90.0,Average
PERF_002974,EMP_0248,2026-06-01,1214000,11.2,95.4,Excellent
PERF_002975,EMP_0248,2026-07-01,902000,14.7,100.0,Good
PERF_002976,EMP_0248,2026-08-01,622000,5.4,95.9,Good
PERF_002977,EMP_0249,2025-09-01,318000,5.9,100.0,Good
PERF_002978,EMP_0249,2025-10-01,521000,12.4,90.2,Excellent
PERF_002979,EMP_0249,2025-11-01,487000,17.8,95.5,Average
PERF_002980,EMP_0249,2025-12-01,414000,7.8,97.9,Good
PERF_002981,EMP_0249,2026-01-01,404000,2.8,92.3,Average
PERF_002982,EMP_0249,2026-02-01,291000,3.4,96.7,Excellent
PERF_002983,EMP_0249,2026-03-01,323000,3.5,95.6,Good
PERF_002984,EMP_0249,2026-04-01,340000,12.1,98.0,Good
PERF_002985,EMP_0249,2026-05-01,223000,7.1,90.0,Average
PERF_002986,EMP_0249,2026-06-01,501000,16.8,92.4,Good
PERF_002987,EMP_0249,2026-07-01,289000,17.4,92.2,Excellent
PERF_002988,EMP_0249,2026-08-01,552000,3.0,91.3,Good
PERF_002989,EMP_0250,2025-09-01,498000,15.8,97.0,Excellent
PERF_002990,EMP_0250,2025-10-01,523000,9.4,86.4,Good
PERF_002991,EMP_0250,2025-11-01,266000,13.8,97.9,Average
PERF_002992,EMP_0250,2025-12-01,421000,11.9,91.9,Good
PERF_002993,EMP_0250,2026-01-01,569000,2.0,88.6,Good
PERF_002994,EMP_0250,2026-02-01,416000,4.3,93.5,Good
PERF_002995,EMP_0250,2026-03-01,478000,15.7,89.0,Excellent
PERF_002996,EMP_0250,2026-04-01,477000,16.8,91.9,Good
PERF_002997,EMP_0250,2026-05-01,204000,8.0,84.5,Good
PERF_002998,EMP_0250,2026-06-01,343000,17.7,95.8,Average
PERF_002999,EMP_0250,2026-07-01,285000,14.7,94.4,Good
PERF_003000,EMP_0250,2026-08-01,283000,3.5,100.0,Needs Improvement
PERF_003001,EMP_0251,2025-09-01,1027000,12.5,92.9,Average
PERF_003002,EMP_0251,2025-10-01,690000,10.1,89.7,Excellent
PERF_003003,EMP_0251,2025-11-01,698000,3.3,99.4,Good
PERF_003004,EMP_0251,2025-12-01,994000,7.3,89.7,Average
PERF_003005,EMP_0251,2026-01-01,701000,17.6,97.2,Good
PERF_003006,EMP_0251,2026-02-01,1089000,6.5,92.2,Excellent
PERF_003007,EMP_0251,2026-03-01,587000,6.2,96.8,Good
PERF_003008,EMP_0251,2026-04-01,526000,11.6,93.7,Good
PERF_003009,EMP_0251,2026-05-01,1442000,13.7,99.6,Good
PERF_003010,EMP_0251,2026-06-01,1229000,13.3,95.1,Good
PERF_003011,EMP_0251,2026-07-01,525000,4.0,98.1,Average
PERF_003012,EMP_0251,2026-08-01,1175000,7.7,97.0,Good
PERF_003013,EMP_0252,2025-09-01,568000,6.2,86.0,Average
PERF_003014,EMP_0252,2025-10-01,1187000,17.6,94.2,Good
PERF_003015,EMP_0252,2025-11-01,769000,4.8,92.6,Good
PERF_003016,EMP_0252,2025-12-01,1151000,13.6,87.7,Needs Improvement
PERF_003017,EMP_0252,2026-01-01,718000,6.7,93.0,Good
PERF_003018,EMP_0252,2026-02-01,738000,5.2,95.7,Good
PERF_003019,EMP_0252,2026-03-01,507000,15.0,91.1,Good
PERF_003020,EMP_0252,2026-04-01,659000,2.8,92.9,Good
PERF_003021,EMP_0252,2026-05-01,689000,12.8,87.0,Good
PERF_003022,EMP_0252,2026-06-01,1281000,6.6,89.3,Average
PERF_003023,EMP_0252,2026-07-01,1037000,17.2,90.8,Excellent
PERF_003024,EMP_0252,2026-08-01,1054000,13.9,90.2,Average
PERF_003025,EMP_0253,2025-09-01,494000,7.4,97.2,Excellent
PERF_003026,EMP_0253,2025-10-01,447000,10.6,94.6,Good
PERF_003027,EMP_0253,2025-11-01,320000,10.7,98.0,Average
PERF_003028,EMP_0253,2025-12-01,374000,17.1,89.2,Good
PERF_003029,EMP_0253,2026-01-01,573000,11.5,87.6,Good
PERF_003030,EMP_0253,2026-02-01,423000,9.1,93.3,Average
PERF_003031,EMP_0253,2026-03-01,561000,2.2,86.6,Good
PERF_003032,EMP_0253,2026-04-01,433000,6.1,93.3,Average
PERF_003033,EMP_0253,2026-05-01,493000,12.8,94.7,Good
PERF_003034,EMP_0253,2026-06-01,280000,11.3,91.1,Good
PERF_003035,EMP_0253,2026-07-01,414000,10.5,92.1,Good
PERF_003036,EMP_0253,2026-08-01,325000,12.8,96.0,Average
PERF_003037,EMP_0254,2025-09-01,867000,11.6,95.0,Excellent
PERF_003038,EMP_0254,2025-10-01,696000,2.9,91.5,Excellent
PERF_003039,EMP_0254,2025-11-01,664000,13.2,94.0,Average
PERF_003040,EMP_0254,2025-12-01,1425000,14.5,99.9,Excellent
PERF_003041,EMP_0254,2026-01-01,787000,4.4,94.2,Average
PERF_003042,EMP_0254,2026-02-01,690000,13.9,93.0,Good
PERF_003043,EMP_0254,2026-03-01,593000,3.6,88.1,Good
PERF_003044,EMP_0254,2026-04-01,549000,11.5,86.4,Good
PERF_003045,EMP_0254,2026-05-01,740000,13.3,97.0,Average
PERF_003046,EMP_0254,2026-06-01,867000,3.6,99.3,Excellent
PERF_003047,EMP_0254,2026-07-01,1317000,8.7,81.6,Good
PERF_003048,EMP_0254,2026-08-01,724000,2.6,92.2,Good
PERF_003049,EMP_0255,2025-09-01,297000,2.8,84.8,Good
PERF_003050,EMP_0255,2025-10-01,208000,16.8,92.9,Good
PERF_003051,EMP_0255,2025-11-01,218000,3.9,95.3,Average
PERF_003052,EMP_0255,2025-12-01,224000,12.7,88.2,Average
PERF_003053,EMP_0255,2026-01-01,513000,14.8,92.6,Good
PERF_003054,EMP_0255,2026-02-01,318000,12.4,94.4,Good
PERF_003055,EMP_0255,2026-03-01,504000,4.6,93.1,Excellent
PERF_003056,EMP_0255,2026-04-01,585000,3.1,91.7,Average
PERF_003057,EMP_0255,2026-05-01,269000,15.6,100.0,Good
PERF_003058,EMP_0255,2026-06-01,314000,12.1,87.5,Good
PERF_003059,EMP_0255,2026-07-01,263000,13.5,92.2,Needs Improvement
PERF_003060,EMP_0255,2026-08-01,246000,3.7,92.3,Excellent
PERF_003061,EMP_0256,2025-09-01,263000,14.1,97.6,Average
PERF_003062,EMP_0256,2025-10-01,271000,4.8,97.3,Good
PERF_003063,EMP_0256,2025-11-01,203000,2.1,100.0,Excellent
PERF_003064,EMP_0256,2025-12-01,341000,2.3,98.2,Good
PERF_003065,EMP_0256,2026-01-01,478000,17.3,94.2,Average
PERF_003066,EMP_0256,2026-02-01,419000,10.8,88.2,Good
PERF_003067,EMP_0256,2026-03-01,582000,3.6,90.0,Average
PERF_003068,EMP_0256,2026-04-01,224000,14.4,92.5,Good
PERF_003069,EMP_0256,2026-05-01,559000,15.6,90.3,Excellent
PERF_003070,EMP_0256,2026-06-01,396000,16.0,96.9,Excellent
PERF_003071,EMP_0256,2026-07-01,503000,13.4,88.0,Good
PERF_003072,EMP_0256,2026-08-01,432000,15.9,92.6,Good
PERF_003073,EMP_0257,2025-09-01,305000,11.3,93.6,Good
PERF_003074,EMP_0257,2025-10-01,369000,2.4,94.5,Average
PERF_003075,EMP_0257,2025-11-01,486000,16.2,93.1,Average
PERF_003076,EMP_0257,2025-12-01,311000,9.9,83.8,Average
PERF_003077,EMP_0257,2026-01-01,515000,12.1,97.3,Good
PERF_003078,EMP_0257,2026-02-01,387000,14.1,93.1,Average
PERF_003079,EMP_0257,2026-03-01,485000,9.5,93.1,Good
PERF_003080,EMP_0257,2026-04-01,424000,8.3,98.6,Good
PERF_003081,EMP_0257,2026-05-01,528000,13.9,96.4,Good
PERF_003082,EMP_0257,2026-06-01,265000,3.2,91.0,Average
PERF_003083,EMP_0257,2026-07-01,503000,11.8,93.8,Good
PERF_003084,EMP_0257,2026-08-01,526000,17.5,93.9,Excellent
PERF_003085,EMP_0258,2025-09-01,242000,7.8,100.0,Average
PERF_003086,EMP_0258,2025-10-01,222000,10.4,97.2,Excellent
PERF_003087,EMP_0258,2025-11-01,379000,8.5,98.9,Good
PERF_003088,EMP_0258,2025-12-01,449000,7.5,95.3,Good
PERF_003089,EMP_0258,2026-01-01,413000,8.9,93.6,Excellent
PERF_003090,EMP_0258,2026-02-01,418000,16.2,94.6,Good
PERF_003091,EMP_0258,2026-03-01,212000,2.2,94.9,Good
PERF_003092,EMP_0258,2026-04-01,202000,11.6,91.7,Needs Improvement
PERF_003093,EMP_0258,2026-05-01,522000,10.0,89.5,Good
PERF_003094,EMP_0258,2026-06-01,431000,16.2,96.3,Average
PERF_003095,EMP_0258,2026-07-01,388000,9.7,89.7,Good
PERF_003096,EMP_0258,2026-08-01,344000,12.9,94.5,Good
PERF_003097,EMP_0259,2025-09-01,356000,13.9,99.8,Needs Improvement
PERF_003098,EMP_0259,2025-10-01,319000,11.9,99.7,Needs Improvement
PERF_003099,EMP_0259,2025-11-01,328000,4.2,88.1,Average
PERF_003100,EMP_0259,2025-12-01,287000,3.1,89.2,Excellent
PERF_003101,EMP_0259,2026-01-01,478000,13.0,86.0,Good
PERF_003102,EMP_0259,2026-02-01,547000,16.6,97.7,Good
PERF_003103,EMP_0259,2026-03-01,534000,14.1,91.4,Needs Improvement
PERF_003104,EMP_0259,2026-04-01,235000,5.1,92.4,Good
PERF_003105,EMP_0259,2026-05-01,517000,10.7,93.1,Good
PERF_003106,EMP_0259,2026-06-01,416000,16.8,87.5,Good
PERF_003107,EMP_0259,2026-07-01,412000,3.2,84.5,Good
PERF_003108,EMP_0259,2026-08-01,564000,6.8,89.6,Average
PERF_003109,EMP_0260,2025-09-01,556000,16.2,93.0,Good
PERF_003110,EMP_0260,2025-10-01,882000,6.3,92.8,Good
PERF_003111,EMP_0260,2025-11-01,1416000,3.9,92.2,Average
PERF_003112,EMP_0260,2025-12-01,1211000,8.7,87.5,Excellent
PERF_003113,EMP_0260,2026-01-01,1205000,8.3,99.7,Average
PERF_003114,EMP_0260,2026-02-01,713000,13.1,88.3,Good
PERF_003115,EMP_0260,2026-03-01,936000,2.8,92.5,Good
PERF_003116,EMP_0260,2026-04-01,1021000,9.1,89.6,Good
PERF_003117,EMP_0260,2026-05-01,760000,14.3,92.2,Average
PERF_003118,EMP_0260,2026-06-01,780000,15.1,91.2,Good
PERF_003119,EMP_0260,2026-07-01,1442000,8.9,96.5,Good
PERF_003120,EMP_0260,2026-08-01,1303000,12.4,91.7,Needs Improvement
PERF_003121,EMP_0261,2025-09-01,1266000,4.2,98.2,Excellent
PERF_003122,EMP_0261,2025-10-01,1345000,7.9,88.0,Excellent
PERF_003123,EMP_0261,2025-11-01,676000,11.0,99.6,Good
PERF_003124,EMP_0261,2025-12-01,1331000,17.8,88.6,Good
PERF_003125,EMP_0261,2026-01-01,1399000,10.5,90.4,Average
PERF_003126,EMP_0261,2026-02-01,886000,13.8,93.6,Good
PERF_003127,EMP_0261,2026-03-01,1120000,4.0,100.0,Good
PERF_003128,EMP_0261,2026-04-01,830000,17.0,94.4,Excellent
PERF_003129,EMP_0261,2026-05-01,803000,4.1,89.7,Good
PERF_003130,EMP_0261,2026-06-01,1318000,13.5,95.7,Excellent
PERF_003131,EMP_0261,2026-07-01,936000,2.2,88.7,Excellent
PERF_003132,EMP_0261,2026-08-01,1482000,17.0,94.3,Average
PERF_003133,EMP_0262,2025-09-01,1138000,10.6,86.2,Average
PERF_003134,EMP_0262,2025-10-01,576000,5.2,91.9,Good
PERF_003135,EMP_0262,2025-11-01,1068000,16.9,92.1,Excellent
PERF_003136,EMP_0262,2025-12-01,825000,14.4,89.3,Average
PERF_003137,EMP_0262,2026-01-01,1413000,9.5,90.9,Good
PERF_003138,EMP_0262,2026-02-01,833000,6.4,90.2,Excellent
PERF_003139,EMP_0262,2026-03-01,1122000,9.3,92.4,Needs Improvement
PERF_003140,EMP_0262,2026-04-01,574000,10.9,92.5,Good
PERF_003141,EMP_0262,2026-05-01,1383000,15.2,95.2,Excellent
PERF_003142,EMP_0262,2026-06-01,573000,15.6,96.9,Good
PERF_003143,EMP_0262,2026-07-01,994000,4.9,96.4,Good
PERF_003144,EMP_0262,2026-08-01,1190000,14.6,97.0,Good
PERF_003145,EMP_0263,2025-09-01,577000,12.5,88.3,Excellent
PERF_003146,EMP_0263,2025-10-01,225000,9.5,96.7,Good
PERF_003147,EMP_0263,2025-11-01,407000,11.8,100.0,Good
PERF_003148,EMP_0263,2025-12-01,579000,18.0,92.4,Good
PERF_003149,EMP_0263,2026-01-01,485000,13.6,87.6,Average
PERF_003150,EMP_0263,2026-02-01,425000,16.9,92.9,Good
PERF_003151,EMP_0263,2026-03-01,511000,7.6,87.7,Good
PERF_003152,EMP_0263,2026-04-01,567000,12.7,91.4,Needs Improvement
PERF_003153,EMP_0263,2026-05-01,460000,15.5,91.9,Good
PERF_003154,EMP_0263,2026-06-01,525000,7.2,98.0,Excellent
PERF_003155,EMP_0263,2026-07-01,579000,14.7,94.7,Good
PERF_003156,EMP_0263,2026-08-01,472000,8.5,85.4,Average
PERF_003157,EMP_0264,2025-09-01,402000,3.5,88.4,Average
PERF_003158,EMP_0264,2025-10-01,471000,8.9,98.5,Excellent
PERF_003159,EMP_0264,2025-11-01,493000,8.1,92.4,Excellent
PERF_003160,EMP_0264,2025-12-01,504000,11.7,92.4,Excellent
PERF_003161,EMP_0264,2026-01-01,324000,12.8,93.3,Good
PERF_003162,EMP_0264,2026-02-01,380000,9.6,89.2,Good
PERF_003163,EMP_0264,2026-03-01,210000,3.5,92.1,Average
PERF_003164,EMP_0264,2026-04-01,220000,4.6,97.1,Good
PERF_003165,EMP_0264,2026-05-01,243000,17.7,95.5,Good
PERF_003166,EMP_0264,2026-06-01,492000,6.6,84.7,Average
PERF_003167,EMP_0264,2026-07-01,432000,3.2,92.1,Needs Improvement
PERF_003168,EMP_0264,2026-08-01,459000,4.3,98.1,Average
PERF_003169,EMP_0265,2025-09-01,479000,8.0,97.1,Good
PERF_003170,EMP_0265,2025-10-01,246000,17.9,89.1,Good
PERF_003171,EMP_0265,2025-11-01,481000,3.8,92.5,Good
PERF_003172,EMP_0265,2025-12-01,567000,7.3,91.5,Average
PERF_003173,EMP_0265,2026-01-01,263000,9.8,88.1,Good
PERF_003174,EMP_0265,2026-02-01,389000,11.1,93.5,Average
PERF_003175,EMP_0265,2026-03-01,339000,2.6,91.4,Good
PERF_003176,EMP_0265,2026-04-01,314000,8.3,90.7,Average
PERF_003177,EMP_0265,2026-05-01,277000,6.3,85.9,Good
PERF_003178,EMP_0265,2026-06-01,353000,5.1,94.0,Excellent
PERF_003179,EMP_0265,2026-07-01,325000,14.9,93.2,Excellent
PERF_003180,EMP_0265,2026-08-01,228000,10.8,91.9,Average
PERF_003181,EMP_0266,2025-09-01,957000,11.3,92.3,Average
PERF_003182,EMP_0266,2025-10-01,1391000,13.4,92.6,Excellent
PERF_003183,EMP_0266,2025-11-01,635000,8.6,87.7,Average
PERF_003184,EMP_0266,2025-12-01,1260000,7.5,91.9,Good
PERF_003185,EMP_0266,2026-01-01,530000,13.3,93.3,Excellent
PERF_003186,EMP_0266,2026-02-01,845000,4.9,100.0,Excellent
PERF_003187,EMP_0266,2026-03-01,1039000,13.8,88.0,Average
PERF_003188,EMP_0266,2026-04-01,984000,16.6,95.1,Excellent
PERF_003189,EMP_0266,2026-05-01,1106000,18.0,86.4,Good
PERF_003190,EMP_0266,2026-06-01,1271000,11.9,88.8,Average
PERF_003191,EMP_0266,2026-07-01,1096000,9.6,97.7,Good
PERF_003192,EMP_0266,2026-08-01,823000,15.9,95.7,Good
PERF_003193,EMP_0267,2025-09-01,504000,12.9,91.5,Average
PERF_003194,EMP_0267,2025-10-01,241000,4.0,82.9,Average
PERF_003195,EMP_0267,2025-11-01,201000,3.4,96.5,Good
PERF_003196,EMP_0267,2025-12-01,460000,12.4,93.5,Good
PERF_003197,EMP_0267,2026-01-01,401000,14.6,97.7,Good
PERF_003198,EMP_0267,2026-02-01,494000,6.5,92.8,Excellent
PERF_003199,EMP_0267,2026-03-01,544000,2.8,91.2,Average
PERF_003200,EMP_0267,2026-04-01,582000,13.1,97.7,Good
PERF_003201,EMP_0267,2026-05-01,325000,8.8,92.6,Excellent
PERF_003202,EMP_0267,2026-06-01,356000,7.7,89.7,Excellent
PERF_003203,EMP_0267,2026-07-01,568000,6.6,87.0,Average
PERF_003204,EMP_0267,2026-08-01,337000,9.2,91.1,Good
PERF_003205,EMP_0268,2025-09-01,953000,13.8,91.3,Excellent
PERF_003206,EMP_0268,2025-10-01,857000,2.9,94.1,Excellent
PERF_003207,EMP_0268,2025-11-01,545000,2.6,94.8,Good
PERF_003208,EMP_0268,2025-12-01,722000,2.5,100.0,Good
PERF_003209,EMP_0268,2026-01-01,676000,13.7,94.8,Good
PERF_003210,EMP_0268,2026-02-01,657000,10.4,86.0,Good
PERF_003211,EMP_0268,2026-03-01,1039000,7.8,87.5,Excellent
PERF_003212,EMP_0268,2026-04-01,711000,11.1,100.0,Good
PERF_003213,EMP_0268,2026-05-01,1214000,10.5,89.1,Good
PERF_003214,EMP_0268,2026-06-01,553000,13.9,90.8,Average
PERF_003215,EMP_0268,2026-07-01,1101000,16.8,97.4,Good
PERF_003216,EMP_0268,2026-08-01,648000,11.2,94.5,Good
PERF_003217,EMP_0269,2025-09-01,494000,14.9,89.1,Average
PERF_003218,EMP_0269,2025-10-01,399000,5.4,94.8,Good
PERF_003219,EMP_0269,2025-11-01,445000,11.6,90.4,Needs Improvement
PERF_003220,EMP_0269,2025-12-01,490000,6.0,88.0,Excellent
PERF_003221,EMP_0269,2026-01-01,343000,4.4,90.8,Good
PERF_003222,EMP_0269,2026-02-01,338000,14.9,96.4,Good
PERF_003223,EMP_0269,2026-03-01,470000,3.7,89.6,Average
PERF_003224,EMP_0269,2026-04-01,463000,10.1,93.4,Excellent
PERF_003225,EMP_0269,2026-05-01,251000,10.8,93.3,Needs Improvement
PERF_003226,EMP_0269,2026-06-01,538000,4.5,97.9,Average
PERF_003227,EMP_0269,2026-07-01,564000,10.6,99.0,Needs Improvement
PERF_003228,EMP_0269,2026-08-01,423000,8.5,92.4,Good
PERF_003229,EMP_0270,2025-09-01,1110000,9.2,91.0,Average
PERF_003230,EMP_0270,2025-10-01,1154000,2.5,85.3,Good
PERF_003231,EMP_0270,2025-11-01,1316000,8.5,92.8,Average
PERF_003232,EMP_0270,2025-12-01,988000,3.9,93.2,Good
PERF_003233,EMP_0270,2026-01-01,620000,13.0,86.8,Good
PERF_003234,EMP_0270,2026-02-01,1029000,3.7,95.5,Good
PERF_003235,EMP_0270,2026-03-01,1061000,8.6,97.0,Good
PERF_003236,EMP_0270,2026-04-01,979000,6.9,97.1,Good
PERF_003237,EMP_0270,2026-05-01,1001000,9.4,90.5,Average
PERF_003238,EMP_0270,2026-06-01,848000,3.3,94.7,Good
PERF_003239,EMP_0270,2026-07-01,661000,4.3,92.9,Good
PERF_003240,EMP_0270,2026-08-01,648000,7.2,86.4,Good
PERF_003241,EMP_0271,2025-09-01,312000,9.0,93.3,Excellent
PERF_003242,EMP_0271,2025-10-01,273000,7.9,100.0,Average
PERF_003243,EMP_0271,2025-11-01,560000,4.4,99.7,Good
PERF_003244,EMP_0271,2025-12-01,217000,12.6,93.5,Good
PERF_003245,EMP_0271,2026-01-01,515000,10.0,87.8,Good
PERF_003246,EMP_0271,2026-02-01,231000,12.5,95.8,Good
PERF_003247,EMP_0271,2026-03-01,337000,7.8,94.7,Good
PERF_003248,EMP_0271,2026-04-01,371000,8.1,95.2,Excellent
PERF_003249,EMP_0271,2026-05-01,472000,6.8,89.9,Average
PERF_003250,EMP_0271,2026-06-01,339000,3.2,92.4,Good
PERF_003251,EMP_0271,2026-07-01,280000,7.3,89.4,Good
PERF_003252,EMP_0271,2026-08-01,295000,7.9,97.7,Good
PERF_003253,EMP_0272,2025-09-01,515000,15.7,91.9,Good
PERF_003254,EMP_0272,2025-10-01,233000,14.1,94.0,Excellent
PERF_003255,EMP_0272,2025-11-01,408000,14.8,95.4,Needs Improvement
PERF_003256,EMP_0272,2025-12-01,520000,5.5,89.6,Excellent
PERF_003257,EMP_0272,2026-01-01,345000,5.1,93.1,Good
PERF_003258,EMP_0272,2026-02-01,315000,6.1,88.5,Average
PERF_003259,EMP_0272,2026-03-01,331000,16.8,92.0,Good
PERF_003260,EMP_0272,2026-04-01,300000,11.8,91.0,Good
PERF_003261,EMP_0272,2026-05-01,338000,7.3,95.8,Good
PERF_003262,EMP_0272,2026-06-01,503000,7.7,92.2,Good
PERF_003263,EMP_0272,2026-07-01,256000,6.9,99.4,Average
PERF_003264,EMP_0272,2026-08-01,350000,2.6,97.9,Needs Improvement
PERF_003265,EMP_0273,2025-09-01,1056000,11.6,96.1,Excellent
PERF_003266,EMP_0273,2025-10-01,1418000,15.5,90.3,Excellent
PERF_003267,EMP_0273,2025-11-01,522000,11.4,91.6,Good
PERF_003268,EMP_0273,2025-12-01,859000,6.3,94.6,Good
PERF_003269,EMP_0273,2026-01-01,751000,9.2,94.5,Good
PERF_003270,EMP_0273,2026-02-01,1243000,16.4,89.7,Good
PERF_003271,EMP_0273,2026-03-01,905000,5.0,92.6,Average
PERF_003272,EMP_0273,2026-04-01,590000,13.1,88.8,Average
PERF_003273,EMP_0273,2026-05-01,994000,16.4,100.0,Average
PERF_003274,EMP_0273,2026-06-01,505000,3.1,89.8,Good
PERF_003275,EMP_0273,2026-07-01,675000,14.3,97.9,Needs Improvement
PERF_003276,EMP_0273,2026-08-01,1154000,3.8,94.0,Average
PERF_003277,EMP_0274,2025-09-01,309000,6.7,94.8,Needs Improvement
PERF_003278,EMP_0274,2025-10-01,435000,9.3,87.1,Excellent
PERF_003279,EMP_0274,2025-11-01,422000,7.2,91.8,Excellent
PERF_003280,EMP_0274,2025-12-01,242000,4.4,89.2,Average
PERF_003281,EMP_0274,2026-01-01,289000,13.3,91.4,Average
PERF_003282,EMP_0274,2026-02-01,367000,10.2,97.5,Good
PERF_003283,EMP_0274,2026-03-01,448000,3.1,89.4,Good
PERF_003284,EMP_0274,2026-04-01,520000,15.7,90.9,Good
PERF_003285,EMP_0274,2026-05-01,226000,8.1,95.5,Good
PERF_003286,EMP_0274,2026-06-01,568000,5.4,94.9,Average
PERF_003287,EMP_0274,2026-07-01,434000,7.5,93.4,Good
PERF_003288,EMP_0274,2026-08-01,563000,15.6,86.3,Needs Improvement
PERF_003289,EMP_0275,2025-09-01,817000,7.7,96.1,Needs Improvement
PERF_003290,EMP_0275,2025-10-01,1175000,13.4,86.7,Good
PERF_003291,EMP_0275,2025-11-01,593000,17.5,86.4,Good
PERF_003292,EMP_0275,2025-12-01,803000,7.0,89.5,Excellent
PERF_003293,EMP_0275,2026-01-01,1019000,6.4,98.1,Average
PERF_003294,EMP_0275,2026-02-01,1355000,5.8,89.2,Good
PERF_003295,EMP_0275,2026-03-01,1197000,17.5,90.9,Good
PERF_003296,EMP_0275,2026-04-01,855000,2.1,92.3,Average
PERF_003297,EMP_0275,2026-05-01,1471000,15.6,94.2,Good
PERF_003298,EMP_0275,2026-06-01,1378000,16.0,90.2,Good
PERF_003299,EMP_0275,2026-07-01,852000,9.0,94.4,Average
PERF_003300,EMP_0275,2026-08-01,1361000,15.9,92.6,Good
PERF_003301,EMP_0276,2025-09-01,1484000,17.5,91.2,Excellent
PERF_003302,EMP_0276,2025-10-01,535000,4.4,93.9,Good
PERF_003303,EMP_0276,2025-11-01,768000,14.7,92.5,Good
PERF_003304,EMP_0276,2025-12-01,655000,2.0,98.8,Good
PERF_003305,EMP_0276,2026-01-01,1286000,6.7,94.2,Average
PERF_003306,EMP_0276,2026-02-01,1021000,3.6,98.9,Average
PERF_003307,EMP_0276,2026-03-01,697000,10.7,94.4,Average
PERF_003308,EMP_0276,2026-04-01,945000,12.3,91.8,Average
PERF_003309,EMP_0276,2026-05-01,836000,2.4,94.1,Excellent
PERF_003310,EMP_0276,2026-06-01,1394000,10.8,91.1,Average
PERF_003311,EMP_0276,2026-07-01,1054000,9.6,99.7,Excellent
PERF_003312,EMP_0276,2026-08-01,847000,10.7,90.5,Excellent
PERF_003313,EMP_0277,2025-09-01,434000,10.0,88.6,Excellent
PERF_003314,EMP_0277,2025-10-01,465000,3.2,93.4,Excellent
PERF_003315,EMP_0277,2025-11-01,319000,14.2,90.4,Good
PERF_003316,EMP_0277,2025-12-01,212000,3.1,93.0,Excellent
PERF_003317,EMP_0277,2026-01-01,553000,10.3,93.6,Average
PERF_003318,EMP_0277,2026-02-01,475000,3.2,92.8,Good
PERF_003319,EMP_0277,2026-03-01,442000,15.1,100.0,Good
PERF_003320,EMP_0277,2026-04-01,253000,13.7,91.4,Good
PERF_003321,EMP_0277,2026-05-01,436000,17.2,96.9,Average
PERF_003322,EMP_0277,2026-06-01,230000,15.8,96.5,Good
PERF_003323,EMP_0277,2026-07-01,348000,4.8,95.2,Excellent
PERF_003324,EMP_0277,2026-08-01,425000,12.7,94.9,Excellent
PERF_003325,EMP_0278,2025-09-01,906000,4.1,92.9,Excellent
PERF_003326,EMP_0278,2025-10-01,1202000,5.4,81.8,Good
PERF_003327,EMP_0278,2025-11-01,938000,17.6,93.7,Average
PERF_003328,EMP_0278,2025-12-01,775000,4.0,95.9,Average
PERF_003329,EMP_0278,2026-01-01,660000,13.1,85.6,Average
PERF_003330,EMP_0278,2026-02-01,790000,2.4,95.4,Average
PERF_003331,EMP_0278,2026-03-01,1196000,13.0,99.2,Good
PERF_003332,EMP_0278,2026-04-01,998000,7.9,91.0,Average
PERF_003333,EMP_0278,2026-05-01,522000,17.3,91.0,Excellent
PERF_003334,EMP_0278,2026-06-01,1053000,17.9,96.9,Average
PERF_003335,EMP_0278,2026-07-01,1078000,14.3,90.8,Good
PERF_003336,EMP_0278,2026-08-01,705000,13.8,94.8,Average
PERF_003337,EMP_0279,2025-09-01,1332000,4.3,92.2,Average
PERF_003338,EMP_0279,2025-10-01,1136000,10.5,80.2,Good
PERF_003339,EMP_0279,2025-11-01,1446000,16.8,89.0,Good
PERF_003340,EMP_0279,2025-12-01,1473000,7.7,92.3,Excellent
PERF_003341,EMP_0279,2026-01-01,1152000,9.1,92.1,Good
PERF_003342,EMP_0279,2026-02-01,767000,8.6,91.5,Average
PERF_003343,EMP_0279,2026-03-01,749000,16.3,96.0,Good
PERF_003344,EMP_0279,2026-04-01,945000,5.1,87.3,Good
PERF_003345,EMP_0279,2026-05-01,511000,16.9,100.0,Average
PERF_003346,EMP_0279,2026-06-01,1118000,11.7,95.9,Good
PERF_003347,EMP_0279,2026-07-01,509000,9.3,100.0,Average
PERF_003348,EMP_0279,2026-08-01,1320000,7.8,89.7,Average
PERF_003349,EMP_0280,2025-09-01,286000,2.4,88.6,Good
PERF_003350,EMP_0280,2025-10-01,394000,11.0,87.2,Excellent
PERF_003351,EMP_0280,2025-11-01,536000,15.0,96.7,Good
PERF_003352,EMP_0280,2025-12-01,289000,14.0,88.2,Good
PERF_003353,EMP_0280,2026-01-01,415000,4.6,96.1,Excellent
PERF_003354,EMP_0280,2026-02-01,568000,11.8,88.8,Good
PERF_003355,EMP_0280,2026-03-01,536000,17.7,88.9,Needs Improvement
PERF_003356,EMP_0280,2026-04-01,405000,8.1,95.4,Good
PERF_003357,EMP_0280,2026-05-01,566000,8.4,87.6,Good
PERF_003358,EMP_0280,2026-06-01,284000,16.0,86.0,Excellent
PERF_003359,EMP_0280,2026-07-01,447000,5.0,94.2,Good
PERF_003360,EMP_0280,2026-08-01,512000,11.2,91.7,Good
PERF_003361,EMP_0281,2025-09-01,557000,9.0,92.3,Excellent
PERF_003362,EMP_0281,2025-10-01,348000,3.4,93.1,Good
PERF_003363,EMP_0281,2025-11-01,400000,14.9,93.7,Average
PERF_003364,EMP_0281,2025-12-01,222000,11.8,91.5,Good
PERF_003365,EMP_0281,2026-01-01,242000,5.8,90.5,Excellent
PERF_003366,EMP_0281,2026-02-01,382000,9.6,95.1,Good
PERF_003367,EMP_0281,2026-03-01,435000,14.9,98.7,Good
PERF_003368,EMP_0281,2026-04-01,516000,9.1,91.1,Good
PERF_003369,EMP_0281,2026-05-01,322000,12.8,95.7,Excellent
PERF_003370,EMP_0281,2026-06-01,428000,14.2,90.9,Good
PERF_003371,EMP_0281,2026-07-01,355000,17.0,93.9,Average
PERF_003372,EMP_0281,2026-08-01,570000,2.8,91.0,Good
PERF_003373,EMP_0282,2025-09-01,474000,12.6,92.0,Good
PERF_003374,EMP_0282,2025-10-01,319000,9.4,97.3,Good
PERF_003375,EMP_0282,2025-11-01,539000,7.9,95.7,Good
PERF_003376,EMP_0282,2025-12-01,361000,7.1,94.2,Good
PERF_003377,EMP_0282,2026-01-01,298000,9.1,99.6,Average
PERF_003378,EMP_0282,2026-02-01,304000,3.4,92.6,Good
PERF_003379,EMP_0282,2026-03-01,474000,8.0,91.5,Excellent
PERF_003380,EMP_0282,2026-04-01,380000,14.4,100.0,Excellent
PERF_003381,EMP_0282,2026-05-01,451000,2.8,87.1,Excellent
PERF_003382,EMP_0282,2026-06-01,449000,8.5,91.4,Excellent
PERF_003383,EMP_0282,2026-07-01,353000,16.8,88.9,Good
PERF_003384,EMP_0282,2026-08-01,360000,6.0,87.5,Good
PERF_003385,EMP_0283,2025-09-01,1453000,11.7,91.0,Needs Improvement
PERF_003386,EMP_0283,2025-10-01,1438000,9.2,90.8,Average
PERF_003387,EMP_0283,2025-11-01,1145000,2.8,93.9,Good
PERF_003388,EMP_0283,2025-12-01,944000,13.9,91.7,Excellent
PERF_003389,EMP_0283,2026-01-01,916000,17.4,89.5,Excellent
PERF_003390,EMP_0283,2026-02-01,1483000,17.7,92.1,Good
PERF_003391,EMP_0283,2026-03-01,741000,16.3,97.2,Needs Improvement
PERF_003392,EMP_0283,2026-04-01,1197000,3.9,97.8,Good
PERF_003393,EMP_0283,2026-05-01,1191000,4.3,92.3,Average
PERF_003394,EMP_0283,2026-06-01,1004000,2.1,93.5,Good
PERF_003395,EMP_0283,2026-07-01,1203000,13.7,93.6,Excellent
PERF_003396,EMP_0283,2026-08-01,858000,7.7,89.2,Excellent
PERF_003397,EMP_0284,2025-09-01,725000,6.5,97.1,Good
PERF_003398,EMP_0284,2025-10-01,834000,5.1,93.5,Excellent
PERF_003399,EMP_0284,2025-11-01,1422000,5.1,91.8,Excellent
PERF_003400,EMP_0284,2025-12-01,583000,9.4,95.4,Good
PERF_003401,EMP_0284,2026-01-01,680000,6.4,91.5,Good
PERF_003402,EMP_0284,2026-02-01,1199000,13.4,95.2,Excellent
PERF_003403,EMP_0284,2026-03-01,975000,10.8,92.4,Good
PERF_003404,EMP_0284,2026-04-01,807000,12.6,92.4,Average
PERF_003405,EMP_0284,2026-05-01,1333000,7.1,95.3,Good
PERF_003406,EMP_0284,2026-06-01,715000,6.1,99.7,Average
PERF_003407,EMP_0284,2026-07-01,1158000,3.9,94.1,Needs Improvement
PERF_003408,EMP_0284,2026-08-01,678000,11.7,94.1,Excellent
PERF_003409,EMP_0285,2025-09-01,228000,8.2,89.4,Good
PERF_003410,EMP_0285,2025-10-01,527000,17.5,90.9,Good
PERF_003411,EMP_0285,2025-11-01,437000,9.5,100.0,Average
PERF_003412,EMP_0285,2025-12-01,218000,5.1,95.1,Excellent
PERF_003413,EMP_0285,2026-01-01,484000,10.4,90.6,Good
PERF_003414,EMP_0285,2026-02-01,493000,4.3,93.2,Average
PERF_003415,EMP_0285,2026-03-01,313000,3.4,92.9,Excellent
PERF_003416,EMP_0285,2026-04-01,357000,11.4,91.8,Average
PERF_003417,EMP_0285,2026-05-01,252000,5.4,88.2,Good
PERF_003418,EMP_0285,2026-06-01,514000,12.3,91.3,Average
PERF_003419,EMP_0285,2026-07-01,356000,13.8,95.3,Excellent
PERF_003420,EMP_0285,2026-08-01,579000,9.8,92.7,Good
PERF_003421,EMP_0286,2025-09-01,415000,2.2,95.5,Average
PERF_003422,EMP_0286,2025-10-01,340000,16.1,85.4,Excellent
PERF_003423,EMP_0286,2025-11-01,343000,6.4,91.6,Excellent
PERF_003424,EMP_0286,2025-12-01,376000,15.1,85.4,Good
PERF_003425,EMP_0286,2026-01-01,510000,3.2,90.9,Good
PERF_003426,EMP_0286,2026-02-01,419000,8.4,92.0,Average
PERF_003427,EMP_0286,2026-03-01,475000,12.2,93.9,Average
PERF_003428,EMP_0286,2026-04-01,588000,5.6,94.2,Good
PERF_003429,EMP_0286,2026-05-01,277000,14.1,94.3,Good
PERF_003430,EMP_0286,2026-06-01,598000,5.7,91.5,Excellent
PERF_003431,EMP_0286,2026-07-01,516000,3.2,89.6,Good
PERF_003432,EMP_0286,2026-08-01,222000,12.9,91.5,Excellent
PERF_003433,EMP_0287,2025-09-01,513000,6.7,97.2,Average
PERF_003434,EMP_0287,2025-10-01,515000,6.5,86.7,Average
PERF_003435,EMP_0287,2025-11-01,347000,9.8,93.8,Good
PERF_003436,EMP_0287,2025-12-01,373000,4.9,96.5,Excellent
PERF_003437,EMP_0287,2026-01-01,243000,6.3,90.7,Good
PERF_003438,EMP_0287,2026-02-01,516000,8.6,98.0,Good
PERF_003439,EMP_0287,2026-03-01,329000,10.9,100.0,Average
PERF_003440,EMP_0287,2026-04-01,491000,16.3,88.0,Good
PERF_003441,EMP_0287,2026-05-01,308000,15.8,97.6,Good
PERF_003442,EMP_0287,2026-06-01,433000,16.0,92.5,Good
PERF_003443,EMP_0287,2026-07-01,477000,14.4,86.5,Average
PERF_003444,EMP_0287,2026-08-01,488000,7.2,90.8,Average
PERF_003445,EMP_0288,2025-09-01,215000,2.1,88.2,Good
PERF_003446,EMP_0288,2025-10-01,203000,3.2,85.3,Good
PERF_003447,EMP_0288,2025-11-01,550000,6.1,98.8,Average
PERF_003448,EMP_0288,2025-12-01,597000,16.5,91.6,Excellent
PERF_003449,EMP_0288,2026-01-01,230000,3.7,95.0,Good
PERF_003450,EMP_0288,2026-02-01,270000,13.5,95.5,Good
PERF_003451,EMP_0288,2026-03-01,582000,3.9,94.5,Average
PERF_003452,EMP_0288,2026-04-01,476000,3.4,88.3,Good
PERF_003453,EMP_0288,2026-05-01,569000,3.7,88.0,Good
PERF_003454,EMP_0288,2026-06-01,316000,3.7,89.4,Average
PERF_003455,EMP_0288,2026-07-01,287000,15.5,89.2,Average
PERF_003456,EMP_0288,2026-08-01,370000,16.6,91.9,Good
PERF_003457,EMP_0289,2025-09-01,581000,4.8,94.3,Excellent
PERF_003458,EMP_0289,2025-10-01,1468000,7.0,91.6,Excellent
PERF_003459,EMP_0289,2025-11-01,785000,11.3,92.0,Excellent
PERF_003460,EMP_0289,2025-12-01,804000,8.4,91.1,Good
PERF_003461,EMP_0289,2026-01-01,848000,16.0,92.1,Good
PERF_003462,EMP_0289,2026-02-01,1483000,13.6,95.4,Excellent
PERF_003463,EMP_0289,2026-03-01,1189000,17.7,96.6,Good
PERF_003464,EMP_0289,2026-04-01,1007000,13.6,94.4,Excellent
PERF_003465,EMP_0289,2026-05-01,879000,4.3,91.5,Good
PERF_003466,EMP_0289,2026-06-01,1216000,11.3,93.8,Good
PERF_003467,EMP_0289,2026-07-01,1313000,12.2,99.7,Excellent
PERF_003468,EMP_0289,2026-08-01,1307000,12.6,94.4,Excellent
PERF_003469,EMP_0290,2025-09-01,1003000,12.1,95.3,Good
PERF_003470,EMP_0290,2025-10-01,582000,15.7,90.8,Good
PERF_003471,EMP_0290,2025-11-01,1150000,7.3,93.3,Good
PERF_003472,EMP_0290,2025-12-01,856000,6.0,95.9,Good
PERF_003473,EMP_0290,2026-01-01,960000,4.5,90.0,Good
PERF_003474,EMP_0290,2026-02-01,761000,16.2,97.1,Good
PERF_003475,EMP_0290,2026-03-01,1439000,3.3,89.0,Good
PERF_003476,EMP_0290,2026-04-01,1157000,10.5,100.0,Average
PERF_003477,EMP_0290,2026-05-01,934000,5.8,92.0,Good
PERF_003478,EMP_0290,2026-06-01,1176000,3.9,92.5,Good
PERF_003479,EMP_0290,2026-07-01,972000,17.5,96.2,Good
PERF_003480,EMP_0290,2026-08-01,518000,7.2,87.6,Excellent
PERF_003481,EMP_0291,2025-09-01,567000,5.1,95.8,Average
PERF_003482,EMP_0291,2025-10-01,596000,17.1,86.9,Excellent
PERF_003483,EMP_0291,2025-11-01,577000,17.8,96.5,Good
PERF_003484,EMP_0291,2025-12-01,388000,4.2,88.5,Good
PERF_003485,EMP_0291,2026-01-01,456000,13.8,91.2,Excellent
PERF_003486,EMP_0291,2026-02-01,307000,4.1,96.7,Average
PERF_003487,EMP_0291,2026-03-01,568000,8.6,97.6,Good
PERF_003488,EMP_0291,2026-04-01,339000,2.1,100.0,Good
PERF_003489,EMP_0291,2026-05-01,519000,4.9,91.5,Average
PERF_003490,EMP_0291,2026-06-01,466000,9.3,86.4,Average
PERF_003491,EMP_0291,2026-07-01,389000,6.7,100.0,Average
PERF_003492,EMP_0291,2026-08-01,526000,17.2,93.3,Good
PERF_003493,EMP_0292,2025-09-01,215000,8.1,99.3,Good
PERF_003494,EMP_0292,2025-10-01,484000,8.3,100.0,Good
PERF_003495,EMP_0292,2025-11-01,284000,15.3,91.9,Average
PERF_003496,EMP_0292,2025-12-01,417000,4.7,90.2,Good
PERF_003497,EMP_0292,2026-01-01,266000,2.7,92.8,Good
PERF_003498,EMP_0292,2026-02-01,240000,7.3,88.8,Good
PERF_003499,EMP_0292,2026-03-01,520000,15.1,95.4,Good
PERF_003500,EMP_0292,2026-04-01,451000,13.8,93.0,Good
PERF_003501,EMP_0292,2026-05-01,576000,9.3,89.9,Excellent
PERF_003502,EMP_0292,2026-06-01,593000,3.2,92.5,Good
PERF_003503,EMP_0292,2026-07-01,584000,13.2,97.0,Good
PERF_003504,EMP_0292,2026-08-01,466000,15.1,97.7,Good
PERF_003505,EMP_0293,2025-09-01,501000,3.0,92.7,Excellent
PERF_003506,EMP_0293,2025-10-01,581000,8.3,87.3,Good
PERF_003507,EMP_0293,2025-11-01,242000,12.6,92.1,Excellent
PERF_003508,EMP_0293,2025-12-01,350000,15.9,94.1,Good
PERF_003509,EMP_0293,2026-01-01,498000,5.1,96.0,Good
PERF_003510,EMP_0293,2026-02-01,206000,3.7,95.4,Average
PERF_003511,EMP_0293,2026-03-01,449000,15.6,99.7,Good
PERF_003512,EMP_0293,2026-04-01,515000,3.4,93.4,Good
PERF_003513,EMP_0293,2026-05-01,297000,3.3,98.6,Good
PERF_003514,EMP_0293,2026-06-01,267000,3.8,91.0,Excellent
PERF_003515,EMP_0293,2026-07-01,525000,3.9,86.4,Average
PERF_003516,EMP_0293,2026-08-01,242000,14.1,88.7,Good
PERF_003517,EMP_0294,2025-09-01,282000,16.3,92.1,Good
PERF_003518,EMP_0294,2025-10-01,567000,15.6,96.7,Average
PERF_003519,EMP_0294,2025-11-01,223000,2.2,91.2,Good
PERF_003520,EMP_0294,2025-12-01,257000,8.6,97.7,Good
PERF_003521,EMP_0294,2026-01-01,268000,12.6,95.1,Excellent
PERF_003522,EMP_0294,2026-02-01,307000,2.0,87.0,Needs Improvement
PERF_003523,EMP_0294,2026-03-01,268000,17.2,86.8,Excellent
PERF_003524,EMP_0294,2026-04-01,398000,11.5,88.5,Good
PERF_003525,EMP_0294,2026-05-01,487000,17.1,92.0,Good
PERF_003526,EMP_0294,2026-06-01,493000,13.5,92.8,Good
PERF_003527,EMP_0294,2026-07-01,562000,15.7,93.2,Good
PERF_003528,EMP_0294,2026-08-01,577000,8.8,94.1,Good
PERF_003529,EMP_0295,2025-09-01,370000,10.2,92.6,Average
PERF_003530,EMP_0295,2025-10-01,475000,13.3,92.8,Excellent
PERF_003531,EMP_0295,2025-11-01,395000,5.0,84.2,Good
PERF_003532,EMP_0295,2025-12-01,578000,13.2,93.2,Excellent
PERF_003533,EMP_0295,2026-01-01,531000,14.9,94.9,Good
PERF_003534,EMP_0295,2026-02-01,212000,9.6,96.2,Good
PERF_003535,EMP_0295,2026-03-01,508000,7.6,95.0,Average
PERF_003536,EMP_0295,2026-04-01,202000,4.0,93.3,Good
PERF_003537,EMP_0295,2026-05-01,462000,6.8,96.0,Average
PERF_003538,EMP_0295,2026-06-01,472000,8.6,95.2,Good
PERF_003539,EMP_0295,2026-07-01,408000,4.4,94.5,Good
PERF_003540,EMP_0295,2026-08-01,595000,4.3,91.0,Good
PERF_003541,EMP_0296,2025-09-01,1464000,8.3,96.5,Average
PERF_003542,EMP_0296,2025-10-01,555000,15.4,94.4,Good
PERF_003543,EMP_0296,2025-11-01,894000,6.4,88.8,Good
PERF_003544,EMP_0296,2025-12-01,1113000,2.2,93.1,Good
PERF_003545,EMP_0296,2026-01-01,613000,10.2,87.5,Excellent
PERF_003546,EMP_0296,2026-02-01,1262000,17.3,89.5,Average
PERF_003547,EMP_0296,2026-03-01,1075000,15.8,89.0,Needs Improvement
PERF_003548,EMP_0296,2026-04-01,685000,11.6,100.0,Good
PERF_003549,EMP_0296,2026-05-01,818000,5.3,94.4,Average
PERF_003550,EMP_0296,2026-06-01,691000,16.6,94.0,Good
PERF_003551,EMP_0296,2026-07-01,1138000,2.1,100.0,Good
PERF_003552,EMP_0296,2026-08-01,931000,8.2,95.1,Good
PERF_003553,EMP_0297,2025-09-01,1372000,14.0,90.8,Average
PERF_003554,EMP_0297,2025-10-01,871000,2.3,93.5,Good
PERF_003555,EMP_0297,2025-11-01,980000,9.5,88.3,Average
PERF_003556,EMP_0297,2025-12-01,1358000,12.7,98.1,Excellent
PERF_003557,EMP_0297,2026-01-01,1038000,4.8,88.6,Good
PERF_003558,EMP_0297,2026-02-01,966000,10.1,87.5,Good
PERF_003559,EMP_0297,2026-03-01,920000,9.7,93.5,Good
PERF_003560,EMP_0297,2026-04-01,818000,4.6,87.2,Needs Improvement
PERF_003561,EMP_0297,2026-05-01,1251000,2.1,94.7,Excellent
PERF_003562,EMP_0297,2026-06-01,1417000,9.8,93.0,Good
PERF_003563,EMP_0297,2026-07-01,578000,15.2,97.0,Good
PERF_003564,EMP_0297,2026-08-01,613000,2.8,100.0,Good
PERF_003565,EMP_0298,2025-09-01,1425000,17.1,94.3,Average
PERF_003566,EMP_0298,2025-10-01,652000,3.0,90.7,Average
PERF_003567,EMP_0298,2025-11-01,1371000,16.8,95.3,Good
PERF_003568,EMP_0298,2025-12-01,1353000,14.7,97.0,Good
PERF_003569,EMP_0298,2026-01-01,733000,2.6,87.4,Good
PERF_003570,EMP_0298,2026-02-01,1275000,8.4,85.9,Needs Improvement
PERF_003571,EMP_0298,2026-03-01,1308000,12.8,88.5,Good
PERF_003572,EMP_0298,2026-04-01,1303000,15.9,96.6,Good
PERF_003573,EMP_0298,2026-05-01,1105000,4.9,87.8,Excellent
PERF_003574,EMP_0298,2026-06-01,795000,11.9,96.6,Good
PERF_003575,EMP_0298,2026-07-01,1149000,8.7,81.7,Excellent
PERF_003576,EMP_0298,2026-08-01,935000,12.0,88.4,Average
PERF_003577,EMP_0299,2025-09-01,425000,9.5,95.9,Good
PERF_003578,EMP_0299,2025-10-01,207000,15.3,93.5,Average
PERF_003579,EMP_0299,2025-11-01,241000,5.4,89.3,Good
PERF_003580,EMP_0299,2025-12-01,490000,12.7,93.3,Good
PERF_003581,EMP_0299,2026-01-01,409000,10.6,100.0,Good
PERF_003582,EMP_0299,2026-02-01,260000,17.5,100.0,Excellent
PERF_003583,EMP_0299,2026-03-01,214000,4.7,87.0,Good
PERF_003584,EMP_0299,2026-04-01,233000,8.6,94.8,Average
PERF_003585,EMP_0299,2026-05-01,307000,13.3,84.9,Good
PERF_003586,EMP_0299,2026-06-01,293000,9.2,93.0,Good
PERF_003587,EMP_0299,2026-07-01,229000,8.7,100.0,Average
PERF_003588,EMP_0299,2026-08-01,313000,17.6,99.2,Good
PERF_003589,EMP_0300,2025-09-01,782000,8.4,91.7,Good
PERF_003590,EMP_0300,2025-10-01,1043000,6.1,87.5,Good
PERF_003591,EMP_0300,2025-11-01,1205000,16.5,89.8,Good
PERF_003592,EMP_0300,2025-12-01,1374000,14.3,88.6,Good
PERF_003593,EMP_0300,2026-01-01,653000,7.1,90.9,Good
PERF_003594,EMP_0300,2026-02-01,1467000,10.9,89.6,Average
PERF_003595,EMP_0300,2026-03-01,583000,17.6,92.7,Good
PERF_003596,EMP_0300,2026-04-01,677000,14.2,94.2,Excellent
PERF_003597,EMP_0300,2026-05-01,1043000,4.4,91.7,Good
PERF_003598,EMP_0300,2026-06-01,585000,5.4,97.2,Good
PERF_003599,EMP_0300,2026-07-01,1270000,11.3,96.8,Good
PERF_003600,EMP_0300,2026-08-01,732000,15.2,83.5,Good
PERF_003601,EMP_0301,2025-09-01,459000,9.2,99.5,Good
PERF_003602,EMP_0301,2025-10-01,229000,6.1,95.1,Good
PERF_003603,EMP_0301,2025-11-01,446000,16.6,94.2,Good
PERF_003604,EMP_0301,2025-12-01,535000,2.1,95.1,Average
PERF_003605,EMP_0301,2026-01-01,563000,8.9,98.7,Excellent
PERF_003606,EMP_0301,2026-02-01,259000,7.0,91.9,Average
PERF_003607,EMP_0301,2026-03-01,410000,7.0,100.0,Good
PERF_003608,EMP_0301,2026-04-01,509000,8.6,92.8,Needs Improvement
PERF_003609,EMP_0301,2026-05-01,252000,4.2,90.7,Good
PERF_003610,EMP_0301,2026-06-01,483000,4.6,89.8,Average
PERF_003611,EMP_0301,2026-07-01,377000,14.2,85.9,Excellent
PERF_003612,EMP_0301,2026-08-01,443000,3.3,89.5,Good
PERF_003613,EMP_0302,2025-09-01,391000,10.3,84.0,Excellent
PERF_003614,EMP_0302,2025-10-01,207000,9.1,91.5,Good
PERF_003615,EMP_0302,2025-11-01,574000,13.9,94.0,Good
PERF_003616,EMP_0302,2025-12-01,528000,12.4,96.0,Average
PERF_003617,EMP_0302,2026-01-01,459000,2.2,93.3,Good
PERF_003618,EMP_0302,2026-02-01,485000,8.7,96.8,Good
PERF_003619,EMP_0302,2026-03-01,219000,15.4,95.9,Excellent
PERF_003620,EMP_0302,2026-04-01,490000,16.8,92.0,Average
PERF_003621,EMP_0302,2026-05-01,525000,16.2,94.8,Good
PERF_003622,EMP_0302,2026-06-01,257000,15.2,93.0,Good
PERF_003623,EMP_0302,2026-07-01,476000,8.5,87.0,Good
PERF_003624,EMP_0302,2026-08-01,491000,3.7,88.9,Good
PERF_003625,EMP_0303,2025-09-01,392000,14.8,95.4,Good
PERF_003626,EMP_0303,2025-10-01,340000,14.5,97.1,Good
PERF_003627,EMP_0303,2025-11-01,244000,4.9,99.5,Needs Improvement
PERF_003628,EMP_0303,2025-12-01,279000,5.5,91.8,Good
PERF_003629,EMP_0303,2026-01-01,476000,6.3,89.9,Good
PERF_003630,EMP_0303,2026-02-01,455000,7.6,97.5,Excellent
PERF_003631,EMP_0303,2026-03-01,458000,4.1,91.4,Good
PERF_003632,EMP_0303,2026-04-01,428000,16.6,95.3,Excellent
PERF_003633,EMP_0303,2026-05-01,419000,3.6,100.0,Needs Improvement
PERF_003634,EMP_0303,2026-06-01,431000,14.2,87.5,Average
PERF_003635,EMP_0303,2026-07-01,251000,4.1,91.0,Good
PERF_003636,EMP_0303,2026-08-01,449000,14.4,90.7,Good
PERF_003637,EMP_0304,2025-09-01,508000,11.1,100.0,Good
PERF_003638,EMP_0304,2025-10-01,846000,10.7,95.1,Good
PERF_003639,EMP_0304,2025-11-01,907000,16.9,89.7,Needs Improvement
PERF_003640,EMP_0304,2025-12-01,996000,13.3,99.0,Good
PERF_003641,EMP_0304,2026-01-01,1031000,4.1,93.2,Average
PERF_003642,EMP_0304,2026-02-01,727000,12.3,91.6,Excellent
PERF_003643,EMP_0304,2026-03-01,1036000,4.3,90.3,Average
PERF_003644,EMP_0304,2026-04-01,1400000,11.0,96.6,Average
PERF_003645,EMP_0304,2026-05-01,930000,14.5,95.2,Average
PERF_003646,EMP_0304,2026-06-01,505000,17.8,93.3,Good
PERF_003647,EMP_0304,2026-07-01,1135000,2.9,91.9,Good
PERF_003648,EMP_0304,2026-08-01,1156000,15.8,98.3,Average
PERF_003649,EMP_0305,2025-09-01,594000,15.8,96.4,Excellent
PERF_003650,EMP_0305,2025-10-01,512000,2.8,98.4,Excellent
PERF_003651,EMP_0305,2025-11-01,452000,3.5,90.6,Good
PERF_003652,EMP_0305,2025-12-01,522000,7.4,96.5,Good
PERF_003653,EMP_0305,2026-01-01,509000,11.2,94.8,Excellent
PERF_003654,EMP_0305,2026-02-01,532000,14.9,90.7,Good
PERF_003655,EMP_0305,2026-03-01,237000,8.7,97.7,Average
PERF_003656,EMP_0305,2026-04-01,342000,9.9,100.0,Good
PERF_003657,EMP_0305,2026-05-01,237000,17.0,86.0,Average
PERF_003658,EMP_0305,2026-06-01,502000,7.8,92.1,Good
PERF_003659,EMP_0305,2026-07-01,490000,7.2,92.8,Needs Improvement
PERF_003660,EMP_0305,2026-08-01,420000,16.1,91.2,Average
PERF_003661,EMP_0306,2025-09-01,1393000,6.9,89.0,Excellent
PERF_003662,EMP_0306,2025-10-01,1074000,9.2,88.6,Good
PERF_003663,EMP_0306,2025-11-01,1119000,7.4,91.0,Good
PERF_003664,EMP_0306,2025-12-01,752000,4.5,96.7,Good
PERF_003665,EMP_0306,2026-01-01,1304000,9.1,94.1,Excellent
PERF_003666,EMP_0306,2026-02-01,962000,9.5,88.4,Good
PERF_003667,EMP_0306,2026-03-01,550000,8.1,98.4,Good
PERF_003668,EMP_0306,2026-04-01,936000,3.7,88.9,Excellent
PERF_003669,EMP_0306,2026-05-01,1076000,9.0,91.3,Good
PERF_003670,EMP_0306,2026-06-01,1002000,13.7,95.3,Good
PERF_003671,EMP_0306,2026-07-01,1421000,4.5,97.9,Good
PERF_003672,EMP_0306,2026-08-01,743000,17.6,92.5,Good
PERF_003673,EMP_0307,2025-09-01,471000,9.7,90.5,Average
PERF_003674,EMP_0307,2025-10-01,351000,15.8,92.9,Excellent
PERF_003675,EMP_0307,2025-11-01,433000,5.1,92.9,Good
PERF_003676,EMP_0307,2025-12-01,248000,6.1,98.1,Good
PERF_003677,EMP_0307,2026-01-01,510000,13.8,86.4,Average
PERF_003678,EMP_0307,2026-02-01,272000,7.2,96.9,Good
PERF_003679,EMP_0307,2026-03-01,273000,11.8,97.7,Average
PERF_003680,EMP_0307,2026-04-01,434000,4.8,89.3,Good
PERF_003681,EMP_0307,2026-05-01,390000,13.1,98.0,Good
PERF_003682,EMP_0307,2026-06-01,209000,3.8,92.3,Excellent
PERF_003683,EMP_0307,2026-07-01,404000,6.2,99.5,Average
PERF_003684,EMP_0307,2026-08-01,405000,14.2,92.5,Good
PERF_003685,EMP_0308,2025-09-01,233000,14.6,92.6,Good
PERF_003686,EMP_0308,2025-10-01,488000,15.5,94.7,Good
PERF_003687,EMP_0308,2025-11-01,340000,5.9,99.6,Excellent
PERF_003688,EMP_0308,2025-12-01,504000,13.3,82.5,Good
PERF_003689,EMP_0308,2026-01-01,261000,6.5,93.6,Average
PERF_003690,EMP_0308,2026-02-01,372000,10.2,93.0,Good
PERF_003691,EMP_0308,2026-03-01,378000,11.0,94.9,Average
PERF_003692,EMP_0308,2026-04-01,394000,13.0,92.2,Excellent
PERF_003693,EMP_0308,2026-05-01,564000,2.6,94.5,Average
PERF_003694,EMP_0308,2026-06-01,267000,10.9,96.6,Good
PERF_003695,EMP_0308,2026-07-01,412000,4.4,92.3,Good
PERF_003696,EMP_0308,2026-08-01,431000,16.3,96.6,Good
PERF_003697,EMP_0309,2025-09-01,348000,5.6,99.4,Good
PERF_003698,EMP_0309,2025-10-01,503000,11.8,92.2,Average
PERF_003699,EMP_0309,2025-11-01,290000,10.5,85.4,Good
PERF_003700,EMP_0309,2025-12-01,349000,14.2,91.6,Good
PERF_003701,EMP_0309,2026-01-01,281000,4.0,94.7,Good
PERF_003702,EMP_0309,2026-02-01,322000,10.5,99.0,Good
PERF_003703,EMP_0309,2026-03-01,258000,3.8,92.0,Average
PERF_003704,EMP_0309,2026-04-01,270000,11.6,93.6,Average
PERF_003705,EMP_0309,2026-05-01,436000,4.1,95.3,Needs Improvement
PERF_003706,EMP_0309,2026-06-01,291000,5.1,89.6,Average
PERF_003707,EMP_0309,2026-07-01,472000,11.3,97.5,Excellent
PERF_003708,EMP_0309,2026-08-01,308000,7.0,90.6,Average
PERF_003709,EMP_0310,2025-09-01,1145000,14.1,89.2,Excellent
PERF_003710,EMP_0310,2025-10-01,1248000,13.5,95.3,Average
PERF_003711,EMP_0310,2025-11-01,1002000,7.7,86.3,Good
PERF_003712,EMP_0310,2025-12-01,640000,17.2,97.6,Good
PERF_003713,EMP_0310,2026-01-01,874000,8.8,90.8,Good
PERF_003714,EMP_0310,2026-02-01,863000,13.4,94.3,Average
PERF_003715,EMP_0310,2026-03-01,527000,15.0,83.7,Good
PERF_003716,EMP_0310,2026-04-01,841000,7.1,89.5,Good
PERF_003717,EMP_0310,2026-05-01,957000,6.9,94.9,Good
PERF_003718,EMP_0310,2026-06-01,1349000,6.3,93.3,Good
PERF_003719,EMP_0310,2026-07-01,897000,7.5,92.6,Average
PERF_003720,EMP_0310,2026-08-01,1494000,3.8,93.7,Average
PERF_003721,EMP_0311,2025-09-01,1151000,15.1,92.2,Excellent
PERF_003722,EMP_0311,2025-10-01,578000,16.8,99.4,Excellent
PERF_003723,EMP_0311,2025-11-01,806000,3.7,88.5,Excellent
PERF_003724,EMP_0311,2025-12-01,968000,17.7,94.1,Average
PERF_003725,EMP_0311,2026-01-01,758000,14.6,89.3,Needs Improvement
PERF_003726,EMP_0311,2026-02-01,1478000,14.6,93.6,Excellent
PERF_003727,EMP_0311,2026-03-01,988000,15.6,88.9,Good
PERF_003728,EMP_0311,2026-04-01,1414000,12.5,96.3,Good
PERF_003729,EMP_0311,2026-05-01,1285000,3.9,93.8,Average
PERF_003730,EMP_0311,2026-06-01,1069000,13.0,93.4,Good
PERF_003731,EMP_0311,2026-07-01,1150000,5.7,98.8,Excellent
PERF_003732,EMP_0311,2026-08-01,791000,17.2,93.3,Good
PERF_003733,EMP_0312,2025-09-01,1178000,5.3,93.4,Average
PERF_003734,EMP_0312,2025-10-01,537000,10.1,93.6,Excellent
PERF_003735,EMP_0312,2025-11-01,506000,4.5,98.1,Good
PERF_003736,EMP_0312,2025-12-01,824000,3.4,93.9,Good
PERF_003737,EMP_0312,2026-01-01,1208000,5.9,94.4,Good
PERF_003738,EMP_0312,2026-02-01,564000,12.6,96.4,Excellent
PERF_003739,EMP_0312,2026-03-01,1114000,14.8,89.0,Excellent
PERF_003740,EMP_0312,2026-04-01,919000,13.7,92.5,Average
PERF_003741,EMP_0312,2026-05-01,952000,14.7,92.6,Good
PERF_003742,EMP_0312,2026-06-01,1339000,11.9,100.0,Good
PERF_003743,EMP_0312,2026-07-01,965000,12.3,93.9,Good
PERF_003744,EMP_0312,2026-08-01,1275000,16.6,96.8,Good
PERF_003745,EMP_0313,2025-09-01,845000,2.4,97.2,Excellent
PERF_003746,EMP_0313,2025-10-01,554000,7.9,94.4,Average
PERF_003747,EMP_0313,2025-11-01,742000,9.7,91.2,Good
PERF_003748,EMP_0313,2025-12-01,549000,2.7,98.5,Excellent
PERF_003749,EMP_0313,2026-01-01,882000,6.3,92.0,Average
PERF_003750,EMP_0313,2026-02-01,553000,16.1,93.6,Good
PERF_003751,EMP_0313,2026-03-01,1181000,7.2,100.0,Good
PERF_003752,EMP_0313,2026-04-01,1416000,9.9,89.6,Average
PERF_003753,EMP_0313,2026-05-01,1406000,9.3,88.5,Excellent
PERF_003754,EMP_0313,2026-06-01,1247000,11.0,90.5,Excellent
PERF_003755,EMP_0313,2026-07-01,1277000,4.7,87.8,Good
PERF_003756,EMP_0313,2026-08-01,761000,2.6,97.2,Good
PERF_003757,EMP_0314,2025-09-01,1397000,13.4,97.0,Excellent
PERF_003758,EMP_0314,2025-10-01,830000,3.7,88.4,Good
PERF_003759,EMP_0314,2025-11-01,767000,5.8,92.4,Average
PERF_003760,EMP_0314,2025-12-01,977000,16.6,97.9,Good
PERF_003761,EMP_0314,2026-01-01,688000,12.8,93.5,Excellent
PERF_003762,EMP_0314,2026-02-01,610000,17.7,94.1,Good
PERF_003763,EMP_0314,2026-03-01,1101000,17.5,92.9,Good
PERF_003764,EMP_0314,2026-04-01,752000,11.3,82.6,Good
PERF_003765,EMP_0314,2026-05-01,1405000,15.5,94.7,Excellent
PERF_003766,EMP_0314,2026-06-01,1258000,4.3,94.1,Excellent
PERF_003767,EMP_0314,2026-07-01,1250000,16.1,91.6,Good
PERF_003768,EMP_0314,2026-08-01,921000,15.4,93.9,Average
PERF_003769,EMP_0315,2025-09-01,901000,5.7,90.5,Good
PERF_003770,EMP_0315,2025-10-01,830000,15.1,91.1,Good
PERF_003771,EMP_0315,2025-11-01,935000,6.9,95.6,Good
PERF_003772,EMP_0315,2025-12-01,826000,9.2,87.3,Good
PERF_003773,EMP_0315,2026-01-01,561000,3.1,92.1,Excellent
PERF_003774,EMP_0315,2026-02-01,1246000,2.3,95.1,Average
PERF_003775,EMP_0315,2026-03-01,944000,4.0,93.6,Excellent
PERF_003776,EMP_0315,2026-04-01,1465000,10.7,98.5,Good
PERF_003777,EMP_0315,2026-05-01,1297000,11.8,93.4,Average
PERF_003778,EMP_0315,2026-06-01,954000,11.7,91.8,Good
PERF_003779,EMP_0315,2026-07-01,1018000,14.4,95.2,Good
PERF_003780,EMP_0315,2026-08-01,569000,4.7,92.1,Excellent
PERF_003781,EMP_0316,2025-09-01,530000,4.9,99.7,Good
PERF_003782,EMP_0316,2025-10-01,223000,12.3,94.5,Good
PERF_003783,EMP_0316,2025-11-01,419000,11.2,97.6,Good
PERF_003784,EMP_0316,2025-12-01,562000,14.8,94.0,Excellent
PERF_003785,EMP_0316,2026-01-01,402000,10.2,93.8,Good
PERF_003786,EMP_0316,2026-02-01,591000,15.5,92.1,Good
PERF_003787,EMP_0316,2026-03-01,229000,9.9,94.2,Good
PERF_003788,EMP_0316,2026-04-01,258000,11.5,88.9,Needs Improvement
PERF_003789,EMP_0316,2026-05-01,373000,13.4,96.9,Good
PERF_003790,EMP_0316,2026-06-01,593000,16.7,91.4,Excellent
PERF_003791,EMP_0316,2026-07-01,540000,11.5,92.5,Good
PERF_003792,EMP_0316,2026-08-01,417000,11.2,100.0,Excellent
PERF_003793,EMP_0317,2025-09-01,564000,15.4,89.0,Good
PERF_003794,EMP_0317,2025-10-01,543000,7.6,93.1,Excellent
PERF_003795,EMP_0317,2025-11-01,472000,3.8,92.3,Excellent
PERF_003796,EMP_0317,2025-12-01,416000,5.6,100.0,Excellent
PERF_003797,EMP_0317,2026-01-01,215000,2.6,90.4,Excellent
PERF_003798,EMP_0317,2026-02-01,480000,6.0,91.1,Good
PERF_003799,EMP_0317,2026-03-01,441000,17.7,92.2,Excellent
PERF_003800,EMP_0317,2026-04-01,420000,11.3,88.1,Good
PERF_003801,EMP_0317,2026-05-01,428000,17.6,98.5,Good
PERF_003802,EMP_0317,2026-06-01,419000,3.1,86.0,Average
PERF_003803,EMP_0317,2026-07-01,241000,10.4,87.3,Good
PERF_003804,EMP_0317,2026-08-01,323000,7.6,91.4,Needs Improvement
PERF_003805,EMP_0318,2025-09-01,490000,14.2,98.1,Needs Improvement
PERF_003806,EMP_0318,2025-10-01,383000,17.0,93.1,Good
PERF_003807,EMP_0318,2025-11-01,535000,8.3,93.4,Good
PERF_003808,EMP_0318,2025-12-01,360000,6.3,90.2,Average
PERF_003809,EMP_0318,2026-01-01,279000,15.5,94.1,Needs Improvement
PERF_003810,EMP_0318,2026-02-01,302000,16.1,95.9,Average
PERF_003811,EMP_0318,2026-03-01,256000,8.3,87.6,Excellent
PERF_003812,EMP_0318,2026-04-01,260000,10.1,95.9,Excellent
PERF_003813,EMP_0318,2026-05-01,524000,11.6,95.6,Excellent
PERF_003814,EMP_0318,2026-06-01,577000,8.8,92.8,Good
PERF_003815,EMP_0318,2026-07-01,395000,11.8,92.7,Good
PERF_003816,EMP_0318,2026-08-01,367000,8.4,94.4,Average
PERF_003817,EMP_0319,2025-09-01,246000,10.2,94.1,Needs Improvement
PERF_003818,EMP_0319,2025-10-01,494000,4.6,90.2,Average
PERF_003819,EMP_0319,2025-11-01,509000,11.3,94.2,Average
PERF_003820,EMP_0319,2025-12-01,209000,16.4,94.6,Good
PERF_003821,EMP_0319,2026-01-01,378000,2.8,96.5,Good
PERF_003822,EMP_0319,2026-02-01,473000,12.1,95.0,Good
PERF_003823,EMP_0319,2026-03-01,321000,13.3,90.2,Average
PERF_003824,EMP_0319,2026-04-01,529000,17.0,96.0,Average
PERF_003825,EMP_0319,2026-05-01,569000,3.1,89.5,Good
PERF_003826,EMP_0319,2026-06-01,453000,15.1,92.9,Good
PERF_003827,EMP_0319,2026-07-01,355000,15.9,99.3,Good
PERF_003828,EMP_0319,2026-08-01,305000,14.5,90.2,Average
PERF_003829,EMP_0320,2025-09-01,1421000,13.6,91.5,Good
PERF_003830,EMP_0320,2025-10-01,887000,15.0,94.3,Good
PERF_003831,EMP_0320,2025-11-01,1371000,7.2,91.0,Excellent
PERF_003832,EMP_0320,2025-12-01,542000,3.5,99.1,Good
PERF_003833,EMP_0320,2026-01-01,525000,17.2,86.7,Average
PERF_003834,EMP_0320,2026-02-01,1123000,6.7,89.1,Good
PERF_003835,EMP_0320,2026-03-01,1352000,9.4,92.9,Good
PERF_003836,EMP_0320,2026-04-01,531000,8.6,83.6,Excellent
PERF_003837,EMP_0320,2026-05-01,990000,3.5,98.2,Needs Improvement
PERF_003838,EMP_0320,2026-06-01,802000,14.4,93.8,Excellent
PERF_003839,EMP_0320,2026-07-01,784000,3.5,97.7,Average
PERF_003840,EMP_0320,2026-08-01,700000,4.7,90.1,Good
PERF_003841,EMP_0321,2025-09-01,1472000,7.5,96.2,Good
PERF_003842,EMP_0321,2025-10-01,740000,16.3,100.0,Good
PERF_003843,EMP_0321,2025-11-01,1163000,16.4,96.8,Good
PERF_003844,EMP_0321,2025-12-01,727000,2.2,86.1,Excellent
PERF_003845,EMP_0321,2026-01-01,513000,8.3,100.0,Average
PERF_003846,EMP_0321,2026-02-01,522000,4.2,94.6,Good
PERF_003847,EMP_0321,2026-03-01,1333000,10.3,91.0,Average
PERF_003848,EMP_0321,2026-04-01,975000,8.3,91.2,Good
PERF_003849,EMP_0321,2026-05-01,1153000,8.5,94.2,Average
PERF_003850,EMP_0321,2026-06-01,1103000,17.4,88.8,Average
PERF_003851,EMP_0321,2026-07-01,1344000,10.9,90.7,Good
PERF_003852,EMP_0321,2026-08-01,661000,13.8,88.2,Good
PERF_003853,EMP_0322,2025-09-01,308000,4.4,98.6,Good
PERF_003854,EMP_0322,2025-10-01,511000,3.2,88.4,Good
PERF_003855,EMP_0322,2025-11-01,413000,2.3,96.1,Good
PERF_003856,EMP_0322,2025-12-01,226000,5.5,86.5,Excellent
PERF_003857,EMP_0322,2026-01-01,479000,15.9,94.1,Good
PERF_003858,EMP_0322,2026-02-01,278000,8.3,82.9,Average
PERF_003859,EMP_0322,2026-03-01,293000,12.7,90.9,Average
PERF_003860,EMP_0322,2026-04-01,345000,9.8,94.0,Average
PERF_003861,EMP_0322,2026-05-01,417000,6.7,98.7,Average
PERF_003862,EMP_0322,2026-06-01,541000,13.9,92.9,Good
PERF_003863,EMP_0322,2026-07-01,415000,7.7,85.5,Good
PERF_003864,EMP_0322,2026-08-01,446000,7.5,93.0,Good
PERF_003865,EMP_0323,2025-09-01,543000,12.0,96.2,Good
PERF_003866,EMP_0323,2025-10-01,570000,2.3,93.8,Excellent
PERF_003867,EMP_0323,2025-11-01,542000,15.4,96.6,Average
PERF_003868,EMP_0323,2025-12-01,496000,11.8,95.3,Excellent
PERF_003869,EMP_0323,2026-01-01,496000,8.7,90.7,Average
PERF_003870,EMP_0323,2026-02-01,378000,15.7,99.6,Average
PERF_003871,EMP_0323,2026-03-01,514000,9.2,93.7,Good
PERF_003872,EMP_0323,2026-04-01,213000,15.4,90.4,Good
PERF_003873,EMP_0323,2026-05-01,327000,7.2,95.0,Excellent
PERF_003874,EMP_0323,2026-06-01,392000,10.9,97.5,Excellent
PERF_003875,EMP_0323,2026-07-01,366000,15.5,91.8,Good
PERF_003876,EMP_0323,2026-08-01,280000,11.4,86.6,Excellent
PERF_003877,EMP_0324,2025-09-01,654000,6.3,96.0,Average
PERF_003878,EMP_0324,2025-10-01,1318000,2.8,89.9,Average
PERF_003879,EMP_0324,2025-11-01,817000,9.3,95.1,Good
PERF_003880,EMP_0324,2025-12-01,896000,3.6,93.6,Good
PERF_003881,EMP_0324,2026-01-01,824000,16.2,97.2,Good
PERF_003882,EMP_0324,2026-02-01,1489000,5.4,95.0,Good
PERF_003883,EMP_0324,2026-03-01,1379000,3.0,86.0,Needs Improvement
PERF_003884,EMP_0324,2026-04-01,1053000,14.1,91.3,Excellent
PERF_003885,EMP_0324,2026-05-01,1004000,12.3,95.5,Needs Improvement
PERF_003886,EMP_0324,2026-06-01,965000,17.6,96.7,Good
PERF_003887,EMP_0324,2026-07-01,1145000,6.3,90.8,Average
PERF_003888,EMP_0324,2026-08-01,834000,4.2,94.7,Good
PERF_003889,EMP_0325,2025-09-01,1165000,2.0,87.1,Good
PERF_003890,EMP_0325,2025-10-01,1489000,12.6,99.5,Good
PERF_003891,EMP_0325,2025-11-01,1056000,5.5,93.0,Good
PERF_003892,EMP_0325,2025-12-01,1204000,15.7,86.1,Average
PERF_003893,EMP_0325,2026-01-01,1409000,13.8,89.2,Good
PERF_003894,EMP_0325,2026-02-01,1049000,12.3,92.5,Average
PERF_003895,EMP_0325,2026-03-01,1037000,11.3,88.9,Good
PERF_003896,EMP_0325,2026-04-01,1031000,9.1,87.3,Good
PERF_003897,EMP_0325,2026-05-01,1133000,15.2,88.4,Excellent
PERF_003898,EMP_0325,2026-06-01,1371000,3.1,88.9,Good
PERF_003899,EMP_0325,2026-07-01,1329000,5.8,87.8,Excellent
PERF_003900,EMP_0325,2026-08-01,591000,5.7,100.0,Average
PERF_003901,EMP_0326,2025-09-01,331000,17.9,89.4,Average
PERF_003902,EMP_0326,2025-10-01,454000,15.3,98.5,Needs Improvement
PERF_003903,EMP_0326,2025-11-01,435000,6.8,89.7,Good
PERF_003904,EMP_0326,2025-12-01,528000,6.6,94.9,Good
PERF_003905,EMP_0326,2026-01-01,482000,10.2,90.6,Good
PERF_003906,EMP_0326,2026-02-01,431000,8.7,94.2,Good
PERF_003907,EMP_0326,2026-03-01,387000,8.2,96.7,Excellent
PERF_003908,EMP_0326,2026-04-01,268000,8.5,94.3,Excellent
PERF_003909,EMP_0326,2026-05-01,213000,7.1,83.1,Average
PERF_003910,EMP_0326,2026-06-01,283000,7.1,98.3,Average
PERF_003911,EMP_0326,2026-07-01,553000,4.3,99.0,Excellent
PERF_003912,EMP_0326,2026-08-01,219000,16.6,83.7,Good
PERF_003913,EMP_0327,2025-09-01,761000,7.3,88.7,Good
PERF_003914,EMP_0327,2025-10-01,685000,16.2,92.2,Good
PERF_003915,EMP_0327,2025-11-01,1266000,4.3,98.7,Excellent
PERF_003916,EMP_0327,2025-12-01,859000,15.0,93.9,Good
PERF_003917,EMP_0327,2026-01-01,962000,2.2,92.9,Needs Improvement
PERF_003918,EMP_0327,2026-02-01,928000,15.4,86.2,Good
PERF_003919,EMP_0327,2026-03-01,1008000,17.9,100.0,Good
PERF_003920,EMP_0327,2026-04-01,708000,2.7,94.5,Good
PERF_003921,EMP_0327,2026-05-01,742000,13.4,90.1,Good
PERF_003922,EMP_0327,2026-06-01,833000,15.7,92.7,Good
PERF_003923,EMP_0327,2026-07-01,1014000,2.8,96.9,Excellent
PERF_003924,EMP_0327,2026-08-01,1483000,4.3,92.3,Excellent
PERF_003925,EMP_0328,2025-09-01,1467000,2.8,92.6,Average
PERF_003926,EMP_0328,2025-10-01,1421000,4.9,92.2,Average
PERF_003927,EMP_0328,2025-11-01,578000,2.2,93.9,Good
PERF_003928,EMP_0328,2025-12-01,823000,11.2,93.1,Excellent
PERF_003929,EMP_0328,2026-01-01,604000,5.0,92.0,Good
PERF_003930,EMP_0328,2026-02-01,547000,3.8,93.5,Good
PERF_003931,EMP_0328,2026-03-01,647000,9.3,87.4,Excellent
PERF_003932,EMP_0328,2026-04-01,703000,11.1,83.8,Good
PERF_003933,EMP_0328,2026-05-01,1306000,12.2,88.7,Excellent
PERF_003934,EMP_0328,2026-06-01,1137000,3.2,92.3,Good
PERF_003935,EMP_0328,2026-07-01,1192000,15.6,97.2,Average
PERF_003936,EMP_0328,2026-08-01,1379000,8.9,89.7,Good
PERF_003937,EMP_0329,2025-09-01,450000,8.3,98.1,Excellent
PERF_003938,EMP_0329,2025-10-01,302000,10.9,100.0,Needs Improvement
PERF_003939,EMP_0329,2025-11-01,264000,6.8,94.3,Good
PERF_003940,EMP_0329,2025-12-01,439000,10.7,91.1,Good
PERF_003941,EMP_0329,2026-01-01,284000,17.7,95.1,Excellent
PERF_003942,EMP_0329,2026-02-01,231000,6.8,91.0,Good
PERF_003943,EMP_0329,2026-03-01,550000,5.7,86.4,Excellent
PERF_003944,EMP_0329,2026-04-01,388000,15.8,94.7,Needs Improvement
PERF_003945,EMP_0329,2026-05-01,583000,10.1,88.5,Good
PERF_003946,EMP_0329,2026-06-01,224000,8.8,95.9,Good
PERF_003947,EMP_0329,2026-07-01,247000,3.5,96.8,Good
PERF_003948,EMP_0329,2026-08-01,453000,11.0,88.3,Good
PERF_003949,EMP_0330,2025-09-01,517000,3.4,87.8,Average
PERF_003950,EMP_0330,2025-10-01,944000,14.1,91.5,Needs Improvement
PERF_003951,EMP_0330,2025-11-01,541000,12.0,96.7,Good
PERF_003952,EMP_0330,2025-12-01,1491000,10.9,98.4,Good
PERF_003953,EMP_0330,2026-01-01,573000,11.6,90.7,Good
PERF_003954,EMP_0330,2026-02-01,1209000,14.5,90.3,Good
PERF_003955,EMP_0330,2026-03-01,1109000,10.7,95.6,Good
PERF_003956,EMP_0330,2026-04-01,779000,11.5,100.0,Excellent
PERF_003957,EMP_0330,2026-05-01,633000,5.0,98.5,Average
PERF_003958,EMP_0330,2026-06-01,624000,14.8,100.0,Good
PERF_003959,EMP_0330,2026-07-01,873000,17.7,92.2,Needs Improvement
PERF_003960,EMP_0330,2026-08-01,1288000,15.7,96.6,Good
PERF_003961,EMP_0331,2025-09-01,320000,11.3,100.0,Good
PERF_003962,EMP_0331,2025-10-01,452000,17.4,90.3,Good
PERF_003963,EMP_0331,2025-11-01,471000,10.7,95.1,Good
PERF_003964,EMP_0331,2025-12-01,491000,15.1,96.5,Good
PERF_003965,EMP_0331,2026-01-01,306000,3.9,97.1,Good
PERF_003966,EMP_0331,2026-02-01,236000,14.3,91.7,Average
PERF_003967,EMP_0331,2026-03-01,379000,4.9,98.5,Average
PERF_003968,EMP_0331,2026-04-01,206000,12.1,88.8,Average
PERF_003969,EMP_0331,2026-05-01,493000,4.5,94.6,Good
PERF_003970,EMP_0331,2026-06-01,541000,14.9,88.5,Needs Improvement
PERF_003971,EMP_0331,2026-07-01,400000,7.5,92.8,Good
PERF_003972,EMP_0331,2026-08-01,205000,3.5,79.8,Excellent
PERF_003973,EMP_0332,2025-09-01,203000,2.6,93.3,Good
PERF_003974,EMP_0332,2025-10-01,528000,4.9,99.4,Average
PERF_003975,EMP_0332,2025-11-01,376000,15.3,91.0,Excellent
PERF_003976,EMP_0332,2025-12-01,545000,11.3,93.3,Excellent
PERF_003977,EMP_0332,2026-01-01,529000,15.0,94.3,Good
PERF_003978,EMP_0332,2026-02-01,406000,13.8,95.4,Average
PERF_003979,EMP_0332,2026-03-01,532000,16.7,93.5,Good
PERF_003980,EMP_0332,2026-04-01,536000,12.6,96.9,Good
PERF_003981,EMP_0332,2026-05-01,413000,4.1,93.8,Good
PERF_003982,EMP_0332,2026-06-01,456000,14.9,92.8,Excellent
PERF_003983,EMP_0332,2026-07-01,267000,6.6,96.7,Good
PERF_003984,EMP_0332,2026-08-01,472000,10.8,100.0,Good
PERF_003985,EMP_0333,2025-09-01,748000,13.4,94.1,Average
PERF_003986,EMP_0333,2025-10-01,700000,16.5,91.8,Average
PERF_003987,EMP_0333,2025-11-01,574000,13.2,90.9,Good
PERF_003988,EMP_0333,2025-12-01,768000,4.2,91.9,Good
PERF_003989,EMP_0333,2026-01-01,946000,10.6,86.8,Average
PERF_003990,EMP_0333,2026-02-01,835000,12.7,93.7,Good
PERF_003991,EMP_0333,2026-03-01,933000,13.2,94.3,Excellent
PERF_003992,EMP_0333,2026-04-01,743000,2.1,97.6,Good
PERF_003993,EMP_0333,2026-05-01,1486000,9.2,93.8,Good
PERF_003994,EMP_0333,2026-06-01,1359000,5.0,90.9,Excellent
PERF_003995,EMP_0333,2026-07-01,1016000,12.3,95.3,Average
PERF_003996,EMP_0333,2026-08-01,903000,16.5,91.9,Good
PERF_003997,EMP_0334,2025-09-01,477000,7.8,94.7,Good
PERF_003998,EMP_0334,2025-10-01,392000,6.8,95.3,Good
PERF_003999,EMP_0334,2025-11-01,394000,14.8,95.0,Good
PERF_004000,EMP_0334,2025-12-01,507000,11.3,90.9,Average
PERF_004001,EMP_0334,2026-01-01,332000,5.7,93.8,Excellent
PERF_004002,EMP_0334,2026-02-01,503000,9.3,90.8,Good
PERF_004003,EMP_0334,2026-03-01,275000,12.3,92.2,Good
PERF_004004,EMP_0334,2026-04-01,205000,5.2,89.0,Average
PERF_004005,EMP_0334,2026-05-01,484000,14.1,100.0,Average
PERF_004006,EMP_0334,2026-06-01,476000,15.5,93.2,Good
PERF_004007,EMP_0334,2026-07-01,401000,6.9,89.7,Good
PERF_004008,EMP_0334,2026-08-01,524000,6.1,92.4,Average
PERF_004009,EMP_0335,2025-09-01,564000,11.4,96.9,Good
PERF_004010,EMP_0335,2025-10-01,474000,5.0,97.3,Excellent
PERF_004011,EMP_0335,2025-11-01,209000,15.4,89.5,Good
PERF_004012,EMP_0335,2025-12-01,404000,7.5,92.4,Good
PERF_004013,EMP_0335,2026-01-01,544000,13.3,93.5,Good
PERF_004014,EMP_0335,2026-02-01,291000,3.0,94.7,Good
PERF_004015,EMP_0335,2026-03-01,593000,3.9,92.7,Excellent
PERF_004016,EMP_0335,2026-04-01,310000,8.4,89.3,Good
PERF_004017,EMP_0335,2026-05-01,459000,3.3,90.8,Good
PERF_004018,EMP_0335,2026-06-01,594000,10.4,92.0,Good
PERF_004019,EMP_0335,2026-07-01,336000,8.6,91.0,Good
PERF_004020,EMP_0335,2026-08-01,277000,3.7,91.9,Average
PERF_004021,EMP_0336,2025-09-01,582000,3.8,98.5,Excellent
PERF_004022,EMP_0336,2025-10-01,238000,9.3,87.6,Good
PERF_004023,EMP_0336,2025-11-01,272000,2.3,94.4,Excellent
PERF_004024,EMP_0336,2025-12-01,303000,12.7,84.4,Average
PERF_004025,EMP_0336,2026-01-01,522000,16.4,100.0,Excellent
PERF_004026,EMP_0336,2026-02-01,211000,7.3,93.2,Good
PERF_004027,EMP_0336,2026-03-01,365000,4.8,93.9,Average
PERF_004028,EMP_0336,2026-04-01,377000,17.6,91.2,Good
PERF_004029,EMP_0336,2026-05-01,470000,2.5,95.5,Average
PERF_004030,EMP_0336,2026-06-01,417000,2.9,92.9,Excellent
PERF_004031,EMP_0336,2026-07-01,286000,7.7,93.5,Good
PERF_004032,EMP_0336,2026-08-01,568000,9.3,100.0,Average
PERF_004033,EMP_0337,2025-09-01,1383000,15.1,98.2,Good
PERF_004034,EMP_0337,2025-10-01,1173000,15.5,96.4,Average
PERF_004035,EMP_0337,2025-11-01,1026000,15.5,95.3,Average
PERF_004036,EMP_0337,2025-12-01,1197000,3.6,89.1,Good
PERF_004037,EMP_0337,2026-01-01,823000,14.6,94.4,Good
PERF_004038,EMP_0337,2026-02-01,660000,10.7,95.8,Good
PERF_004039,EMP_0337,2026-03-01,1093000,16.6,94.6,Good
PERF_004040,EMP_0337,2026-04-01,925000,9.3,91.3,Excellent
PERF_004041,EMP_0337,2026-05-01,1372000,13.0,87.7,Needs Improvement
PERF_004042,EMP_0337,2026-06-01,1472000,17.8,89.6,Good
PERF_004043,EMP_0337,2026-07-01,973000,11.4,83.4,Excellent
PERF_004044,EMP_0337,2026-08-01,823000,16.1,97.0,Excellent
PERF_004045,EMP_0338,2025-09-01,1455000,7.4,89.4,Needs Improvement
PERF_004046,EMP_0338,2025-10-01,964000,16.6,93.8,Needs Improvement
PERF_004047,EMP_0338,2025-11-01,881000,3.8,84.4,Good
PERF_004048,EMP_0338,2025-12-01,1492000,6.6,100.0,Excellent
PERF_004049,EMP_0338,2026-01-01,518000,11.5,94.3,Excellent
PERF_004050,EMP_0338,2026-02-01,861000,16.7,96.2,Good
PERF_004051,EMP_0338,2026-03-01,912000,17.0,86.8,Good
PERF_004052,EMP_0338,2026-04-01,1208000,5.8,92.9,Good
PERF_004053,EMP_0338,2026-05-01,1330000,13.4,88.8,Excellent
PERF_004054,EMP_0338,2026-06-01,1373000,13.1,99.0,Good
PERF_004055,EMP_0338,2026-07-01,966000,3.6,90.1,Good
PERF_004056,EMP_0338,2026-08-01,763000,7.0,90.6,Average
PERF_004057,EMP_0339,2025-09-01,350000,7.4,88.4,Average
PERF_004058,EMP_0339,2025-10-01,430000,11.3,97.9,Good
PERF_004059,EMP_0339,2025-11-01,591000,14.9,96.2,Average
PERF_004060,EMP_0339,2025-12-01,433000,11.3,91.7,Average
PERF_004061,EMP_0339,2026-01-01,454000,17.1,92.9,Excellent
PERF_004062,EMP_0339,2026-02-01,563000,7.9,99.5,Good
PERF_004063,EMP_0339,2026-03-01,362000,16.0,98.6,Good
PERF_004064,EMP_0339,2026-04-01,246000,13.1,96.0,Good
PERF_004065,EMP_0339,2026-05-01,294000,10.4,94.2,Average
PERF_004066,EMP_0339,2026-06-01,556000,5.8,93.8,Excellent
PERF_004067,EMP_0339,2026-07-01,343000,8.9,94.7,Good
PERF_004068,EMP_0339,2026-08-01,529000,9.4,95.1,Average
PERF_004069,EMP_0340,2025-09-01,870000,7.3,92.3,Good
PERF_004070,EMP_0340,2025-10-01,634000,14.2,95.1,Good
PERF_004071,EMP_0340,2025-11-01,706000,12.8,93.6,Average
PERF_004072,EMP_0340,2025-12-01,1040000,6.3,98.2,Good
PERF_004073,EMP_0340,2026-01-01,1271000,7.3,95.7,Average
PERF_004074,EMP_0340,2026-02-01,594000,11.6,91.3,Good
PERF_004075,EMP_0340,2026-03-01,628000,4.2,94.7,Excellent
PERF_004076,EMP_0340,2026-04-01,1491000,4.2,99.4,Good
PERF_004077,EMP_0340,2026-05-01,984000,17.2,100.0,Good
PERF_004078,EMP_0340,2026-06-01,1175000,2.9,92.2,Good
PERF_004079,EMP_0340,2026-07-01,1148000,9.7,95.9,Excellent
PERF_004080,EMP_0340,2026-08-01,1037000,6.8,96.0,Good
PERF_004081,EMP_0341,2025-09-01,240000,17.7,89.1,Good
PERF_004082,EMP_0341,2025-10-01,339000,5.1,86.4,Good
PERF_004083,EMP_0341,2025-11-01,547000,4.3,100.0,Average
PERF_004084,EMP_0341,2025-12-01,587000,14.6,93.3,Excellent
PERF_004085,EMP_0341,2026-01-01,531000,3.6,87.5,Average
PERF_004086,EMP_0341,2026-02-01,239000,16.1,92.6,Average
PERF_004087,EMP_0341,2026-03-01,248000,14.2,92.7,Average
PERF_004088,EMP_0341,2026-04-01,214000,9.3,96.0,Good
PERF_004089,EMP_0341,2026-05-01,521000,15.2,99.6,Good
PERF_004090,EMP_0341,2026-06-01,482000,5.6,93.6,Good
PERF_004091,EMP_0341,2026-07-01,344000,14.0,93.2,Good
PERF_004092,EMP_0341,2026-08-01,565000,13.9,91.1,Average
PERF_004093,EMP_0342,2025-09-01,1335000,17.6,95.9,Average
PERF_004094,EMP_0342,2025-10-01,730000,13.4,98.1,Good
PERF_004095,EMP_0342,2025-11-01,1289000,4.3,95.4,Good
PERF_004096,EMP_0342,2025-12-01,1374000,8.3,100.0,Good
PERF_004097,EMP_0342,2026-01-01,638000,6.9,92.3,Average
PERF_004098,EMP_0342,2026-02-01,799000,10.9,91.7,Good
PERF_004099,EMP_0342,2026-03-01,1194000,2.1,98.3,Good
PERF_004100,EMP_0342,2026-04-01,1207000,8.9,95.7,Good
PERF_004101,EMP_0342,2026-05-01,1024000,8.4,90.4,Excellent
PERF_004102,EMP_0342,2026-06-01,1258000,15.9,100.0,Excellent
PERF_004103,EMP_0342,2026-07-01,1158000,8.9,86.5,Good
PERF_004104,EMP_0342,2026-08-01,857000,2.8,87.2,Excellent
PERF_004105,EMP_0343,2025-09-01,446000,14.3,88.2,Good
PERF_004106,EMP_0343,2025-10-01,340000,6.8,93.2,Needs Improvement
PERF_004107,EMP_0343,2025-11-01,228000,12.6,94.8,Good
PERF_004108,EMP_0343,2025-12-01,372000,6.2,88.1,Good
PERF_004109,EMP_0343,2026-01-01,335000,4.9,90.3,Excellent
PERF_004110,EMP_0343,2026-02-01,373000,4.3,89.4,Good
PERF_004111,EMP_0343,2026-03-01,511000,9.1,96.8,Average
PERF_004112,EMP_0343,2026-04-01,328000,15.9,92.0,Excellent
PERF_004113,EMP_0343,2026-05-01,584000,3.7,93.9,Good
PERF_004114,EMP_0343,2026-06-01,319000,2.9,90.0,Excellent
PERF_004115,EMP_0343,2026-07-01,371000,5.3,96.5,Good
PERF_004116,EMP_0343,2026-08-01,300000,17.8,94.8,Excellent
PERF_004117,EMP_0344,2025-09-01,311000,14.6,97.1,Average
PERF_004118,EMP_0344,2025-10-01,217000,7.5,92.6,Excellent
PERF_004119,EMP_0344,2025-11-01,255000,10.3,99.3,Average
PERF_004120,EMP_0344,2025-12-01,581000,2.8,95.2,Average
PERF_004121,EMP_0344,2026-01-01,385000,6.5,100.0,Excellent
PERF_004122,EMP_0344,2026-02-01,378000,11.1,93.5,Needs Improvement
PERF_004123,EMP_0344,2026-03-01,524000,11.8,84.9,Excellent
PERF_004124,EMP_0344,2026-04-01,480000,12.8,95.5,Average
PERF_004125,EMP_0344,2026-05-01,236000,9.0,92.7,Good
PERF_004126,EMP_0344,2026-06-01,472000,15.8,92.7,Average
PERF_004127,EMP_0344,2026-07-01,325000,6.5,90.2,Excellent
PERF_004128,EMP_0344,2026-08-01,382000,12.0,92.3,Needs Improvement
PERF_004129,EMP_0345,2025-09-01,1119000,12.4,88.3,Excellent
PERF_004130,EMP_0345,2025-10-01,1293000,6.9,90.0,Good
PERF_004131,EMP_0345,2025-11-01,734000,18.0,87.4,Good
PERF_004132,EMP_0345,2025-12-01,1407000,10.8,99.3,Excellent
PERF_004133,EMP_0345,2026-01-01,643000,9.9,90.7,Excellent
PERF_004134,EMP_0345,2026-02-01,933000,3.5,91.9,Excellent
PERF_004135,EMP_0345,2026-03-01,1144000,11.1,100.0,Average
PERF_004136,EMP_0345,2026-04-01,1080000,17.5,91.3,Good
PERF_004137,EMP_0345,2026-05-01,1136000,7.1,87.3,Good
PERF_004138,EMP_0345,2026-06-01,945000,12.7,96.3,Average
PERF_004139,EMP_0345,2026-07-01,868000,6.6,86.1,Needs Improvement
PERF_004140,EMP_0345,2026-08-01,871000,17.5,96.7,Excellent
PERF_004141,EMP_0346,2025-09-01,1009000,10.0,91.1,Good
PERF_004142,EMP_0346,2025-10-01,1453000,13.5,94.4,Average
PERF_004143,EMP_0346,2025-11-01,1118000,8.0,92.4,Excellent
PERF_004144,EMP_0346,2025-12-01,1024000,4.5,90.3,Good
PERF_004145,EMP_0346,2026-01-01,564000,7.1,91.5,Good
PERF_004146,EMP_0346,2026-02-01,1396000,12.3,91.8,Average
PERF_004147,EMP_0346,2026-03-01,941000,4.2,92.3,Average
PERF_004148,EMP_0346,2026-04-01,1032000,14.1,94.2,Needs Improvement
PERF_004149,EMP_0346,2026-05-01,680000,7.5,93.7,Excellent
PERF_004150,EMP_0346,2026-06-01,1314000,9.8,93.6,Good
PERF_004151,EMP_0346,2026-07-01,700000,14.9,90.6,Needs Improvement
PERF_004152,EMP_0346,2026-08-01,1202000,11.6,93.3,Good
PERF_004153,EMP_0347,2025-09-01,554000,15.6,89.7,Average
PERF_004154,EMP_0347,2025-10-01,595000,7.9,93.9,Good
PERF_004155,EMP_0347,2025-11-01,264000,13.9,96.2,Needs Improvement
PERF_004156,EMP_0347,2025-12-01,382000,17.4,96.0,Good
PERF_004157,EMP_0347,2026-01-01,425000,2.2,94.3,Good
PERF_004158,EMP_0347,2026-02-01,597000,2.8,96.5,Average
PERF_004159,EMP_0347,2026-03-01,534000,17.1,91.8,Average
PERF_004160,EMP_0347,2026-04-01,499000,3.8,89.9,Excellent
PERF_004161,EMP_0347,2026-05-01,282000,4.5,98.3,Average
PERF_004162,EMP_0347,2026-06-01,282000,10.9,93.8,Average
PERF_004163,EMP_0347,2026-07-01,548000,13.9,89.0,Good
PERF_004164,EMP_0347,2026-08-01,321000,2.7,98.5,Average
PERF_004165,EMP_0348,2025-09-01,571000,10.2,92.2,Good
PERF_004166,EMP_0348,2025-10-01,326000,17.8,93.7,Average
PERF_004167,EMP_0348,2025-11-01,249000,4.2,92.4,Good
PERF_004168,EMP_0348,2025-12-01,592000,8.5,86.5,Good
PERF_004169,EMP_0348,2026-01-01,394000,11.7,96.8,Good
PERF_004170,EMP_0348,2026-02-01,274000,2.5,97.2,Excellent
PERF_004171,EMP_0348,2026-03-01,596000,12.4,91.5,Good
PERF_004172,EMP_0348,2026-04-01,436000,13.6,94.1,Excellent
PERF_004173,EMP_0348,2026-05-01,467000,4.1,95.0,Good
PERF_004174,EMP_0348,2026-06-01,405000,8.9,96.9,Good
PERF_004175,EMP_0348,2026-07-01,571000,14.6,95.9,Average
PERF_004176,EMP_0348,2026-08-01,244000,4.2,91.6,Excellent
PERF_004177,EMP_0349,2025-09-01,916000,15.0,94.6,Good
PERF_004178,EMP_0349,2025-10-01,594000,16.9,93.2,Good
PERF_004179,EMP_0349,2025-11-01,1095000,2.6,93.3,Average
PERF_004180,EMP_0349,2025-12-01,1313000,9.4,93.9,Good
PERF_004181,EMP_0349,2026-01-01,519000,15.9,93.3,Good
PERF_004182,EMP_0349,2026-02-01,784000,14.8,95.9,Good
PERF_004183,EMP_0349,2026-03-01,1124000,14.0,89.1,Good
PERF_004184,EMP_0349,2026-04-01,904000,13.4,94.4,Excellent
PERF_004185,EMP_0349,2026-05-01,1332000,5.7,96.0,Average
PERF_004186,EMP_0349,2026-06-01,818000,17.4,95.3,Average
PERF_004187,EMP_0349,2026-07-01,668000,2.3,90.6,Good
PERF_004188,EMP_0349,2026-08-01,1480000,14.4,90.7,Good
PERF_004189,EMP_0350,2025-09-01,513000,15.5,93.0,Needs Improvement
PERF_004190,EMP_0350,2025-10-01,520000,3.9,94.1,Average
PERF_004191,EMP_0350,2025-11-01,506000,2.4,89.8,Good
PERF_004192,EMP_0350,2025-12-01,294000,3.7,89.3,Good
PERF_004193,EMP_0350,2026-01-01,384000,17.4,94.3,Good
PERF_004194,EMP_0350,2026-02-01,344000,10.1,93.6,Average
PERF_004195,EMP_0350,2026-03-01,534000,16.3,97.8,Needs Improvement
PERF_004196,EMP_0350,2026-04-01,581000,7.0,86.8,Good
PERF_004197,EMP_0350,2026-05-01,475000,15.1,90.4,Excellent
PERF_004198,EMP_0350,2026-06-01,270000,11.0,95.5,Good
PERF_004199,EMP_0350,2026-07-01,559000,16.8,89.8,Excellent
PERF_004200,EMP_0350,2026-08-01,502000,6.6,98.2,Average
PERF_004201,EMP_0351,2025-09-01,1411000,12.3,86.6,Good
PERF_004202,EMP_0351,2025-10-01,532000,5.1,96.7,Good
PERF_004203,EMP_0351,2025-11-01,636000,15.1,85.9,Good
PERF_004204,EMP_0351,2025-12-01,1282000,7.9,95.8,Average
PERF_004205,EMP_0351,2026-01-01,835000,15.6,95.6,Good
PERF_004206,EMP_0351,2026-02-01,1281000,5.5,88.0,Needs Improvement
PERF_004207,EMP_0351,2026-03-01,1189000,2.4,98.4,Good
PERF_004208,EMP_0351,2026-04-01,1388000,8.0,95.5,Good
PERF_004209,EMP_0351,2026-05-01,967000,13.7,96.6,Good
PERF_004210,EMP_0351,2026-06-01,1475000,8.3,92.2,Excellent
PERF_004211,EMP_0351,2026-07-01,1115000,7.0,90.6,Good
PERF_004212,EMP_0351,2026-08-01,799000,13.9,96.6,Good
PERF_004213,EMP_0352,2025-09-01,435000,12.6,94.1,Average
PERF_004214,EMP_0352,2025-10-01,412000,6.8,88.4,Good
PERF_004215,EMP_0352,2025-11-01,530000,4.4,90.6,Average
PERF_004216,EMP_0352,2025-12-01,458000,5.2,94.0,Average
PERF_004217,EMP_0352,2026-01-01,541000,7.9,95.5,Excellent
PERF_004218,EMP_0352,2026-02-01,403000,11.1,100.0,Average
PERF_004219,EMP_0352,2026-03-01,287000,7.6,97.5,Excellent
PERF_004220,EMP_0352,2026-04-01,339000,16.5,99.9,Good
PERF_004221,EMP_0352,2026-05-01,253000,16.5,92.6,Excellent
PERF_004222,EMP_0352,2026-06-01,582000,14.9,89.3,Good
PERF_004223,EMP_0352,2026-07-01,464000,2.3,99.0,Excellent
PERF_004224,EMP_0352,2026-08-01,595000,9.3,98.4,Good
PERF_004225,EMP_0353,2025-09-01,523000,3.2,89.2,Good
PERF_004226,EMP_0353,2025-10-01,322000,4.3,95.5,Good
PERF_004227,EMP_0353,2025-11-01,353000,3.5,89.7,Average
PERF_004228,EMP_0353,2025-12-01,444000,16.1,94.5,Average
PERF_004229,EMP_0353,2026-01-01,545000,5.7,93.4,Excellent
PERF_004230,EMP_0353,2026-02-01,420000,11.8,94.3,Good
PERF_004231,EMP_0353,2026-03-01,437000,14.6,86.0,Good
PERF_004232,EMP_0353,2026-04-01,363000,14.6,92.1,Excellent
PERF_004233,EMP_0353,2026-05-01,245000,13.1,93.7,Good
PERF_004234,EMP_0353,2026-06-01,277000,9.3,85.2,Good
PERF_004235,EMP_0353,2026-07-01,248000,2.3,92.8,Good
PERF_004236,EMP_0353,2026-08-01,498000,3.6,99.4,Good
PERF_004237,EMP_0354,2025-09-01,1438000,4.4,95.1,Excellent
PERF_004238,EMP_0354,2025-10-01,551000,5.0,100.0,Good
PERF_004239,EMP_0354,2025-11-01,1326000,15.7,85.9,Average
PERF_004240,EMP_0354,2025-12-01,657000,14.9,89.3,Good
PERF_004241,EMP_0354,2026-01-01,993000,10.7,94.4,Excellent
PERF_004242,EMP_0354,2026-02-01,953000,16.8,88.5,Excellent
PERF_004243,EMP_0354,2026-03-01,806000,8.2,92.6,Average
PERF_004244,EMP_0354,2026-04-01,750000,9.6,92.3,Excellent
PERF_004245,EMP_0354,2026-05-01,634000,8.3,97.7,Good
PERF_004246,EMP_0354,2026-06-01,921000,3.8,100.0,Good
PERF_004247,EMP_0354,2026-07-01,764000,9.1,92.7,Good
PERF_004248,EMP_0354,2026-08-01,650000,4.5,91.9,Needs Improvement
PERF_004249,EMP_0355,2025-09-01,1213000,13.4,91.9,Excellent
PERF_004250,EMP_0355,2025-10-01,1075000,4.5,95.4,Average
PERF_004251,EMP_0355,2025-11-01,683000,8.3,96.1,Good
PERF_004252,EMP_0355,2025-12-01,993000,2.8,90.1,Average
PERF_004253,EMP_0355,2026-01-01,1340000,8.8,94.0,Good
PERF_004254,EMP_0355,2026-02-01,682000,8.3,91.7,Good
PERF_004255,EMP_0355,2026-03-01,1495000,9.7,96.3,Good
PERF_004256,EMP_0355,2026-04-01,1447000,6.5,92.6,Good
PERF_004257,EMP_0355,2026-05-01,1020000,12.3,94.6,Good
PERF_004258,EMP_0355,2026-06-01,535000,13.1,88.9,Good
PERF_004259,EMP_0355,2026-07-01,1483000,14.2,100.0,Good
PERF_004260,EMP_0355,2026-08-01,938000,3.5,96.8,Good
PERF_004261,EMP_0356,2025-09-01,220000,4.3,95.4,Good
PERF_004262,EMP_0356,2025-10-01,442000,10.2,97.3,Good
PERF_004263,EMP_0356,2025-11-01,523000,17.1,93.1,Good
PERF_004264,EMP_0356,2025-12-01,532000,9.1,89.4,Average
PERF_004265,EMP_0356,2026-01-01,496000,16.5,98.0,Good
PERF_004266,EMP_0356,2026-02-01,442000,5.4,89.8,Excellent
PERF_004267,EMP_0356,2026-03-01,257000,7.9,88.1,Good
PERF_004268,EMP_0356,2026-04-01,277000,5.7,99.8,Good
PERF_004269,EMP_0356,2026-05-01,426000,5.7,89.7,Good
PERF_004270,EMP_0356,2026-06-01,414000,17.7,93.1,Good
PERF_004271,EMP_0356,2026-07-01,487000,8.0,93.8,Excellent
PERF_004272,EMP_0356,2026-08-01,340000,17.3,95.4,Good
PERF_004273,EMP_0357,2025-09-01,987000,3.0,91.9,Excellent
PERF_004274,EMP_0357,2025-10-01,904000,9.9,95.3,Average
PERF_004275,EMP_0357,2025-11-01,983000,9.1,87.3,Needs Improvement
PERF_004276,EMP_0357,2025-12-01,822000,13.8,91.3,Good
PERF_004277,EMP_0357,2026-01-01,1251000,3.0,94.4,Excellent
PERF_004278,EMP_0357,2026-02-01,874000,15.9,92.6,Good
PERF_004279,EMP_0357,2026-03-01,1332000,9.0,96.4,Good
PERF_004280,EMP_0357,2026-04-01,1466000,5.9,91.6,Good
PERF_004281,EMP_0357,2026-05-01,789000,5.1,87.5,Good
PERF_004282,EMP_0357,2026-06-01,1208000,2.3,100.0,Good
PERF_004283,EMP_0357,2026-07-01,595000,12.8,96.7,Good
PERF_004284,EMP_0357,2026-08-01,777000,3.3,92.8,Needs Improvement
PERF_004285,EMP_0358,2025-09-01,1458000,16.9,89.3,Average
PERF_004286,EMP_0358,2025-10-01,583000,14.7,94.7,Average
PERF_004287,EMP_0358,2025-11-01,538000,5.3,92.5,Average
PERF_004288,EMP_0358,2025-12-01,1318000,9.2,86.1,Average
PERF_004289,EMP_0358,2026-01-01,1021000,9.6,91.2,Good
PERF_004290,EMP_0358,2026-02-01,647000,12.4,91.3,Average
PERF_004291,EMP_0358,2026-03-01,872000,9.6,84.5,Excellent
PERF_004292,EMP_0358,2026-04-01,1123000,6.9,92.5,Good
PERF_004293,EMP_0358,2026-05-01,1452000,17.4,96.1,Average
PERF_004294,EMP_0358,2026-06-01,604000,2.9,91.5,Average
PERF_004295,EMP_0358,2026-07-01,1110000,10.8,95.5,Good
PERF_004296,EMP_0358,2026-08-01,1200000,15.2,91.9,Good
PERF_004297,EMP_0359,2025-09-01,466000,17.1,90.3,Average
PERF_004298,EMP_0359,2025-10-01,571000,5.0,94.6,Excellent
PERF_004299,EMP_0359,2025-11-01,287000,17.8,91.2,Needs Improvement
PERF_004300,EMP_0359,2025-12-01,290000,5.9,84.5,Average
PERF_004301,EMP_0359,2026-01-01,457000,9.2,86.7,Good
PERF_004302,EMP_0359,2026-02-01,324000,12.7,94.0,Good
PERF_004303,EMP_0359,2026-03-01,519000,7.8,83.9,Average
PERF_004304,EMP_0359,2026-04-01,497000,7.4,99.1,Average
PERF_004305,EMP_0359,2026-05-01,309000,6.1,96.1,Average
PERF_004306,EMP_0359,2026-06-01,365000,14.5,97.5,Good
PERF_004307,EMP_0359,2026-07-01,340000,17.8,94.7,Average
PERF_004308,EMP_0359,2026-08-01,427000,8.8,91.3,Average
PERF_004309,EMP_0360,2025-09-01,386000,15.2,89.7,Good
PERF_004310,EMP_0360,2025-10-01,396000,10.0,88.0,Good
PERF_004311,EMP_0360,2025-11-01,263000,14.7,87.2,Average
PERF_004312,EMP_0360,2025-12-01,527000,10.0,95.4,Good
PERF_004313,EMP_0360,2026-01-01,497000,2.2,95.3,Good
PERF_004314,EMP_0360,2026-02-01,543000,15.1,90.1,Good
PERF_004315,EMP_0360,2026-03-01,524000,11.0,94.7,Excellent
PERF_004316,EMP_0360,2026-04-01,469000,7.6,92.1,Good
PERF_004317,EMP_0360,2026-05-01,554000,7.6,95.0,Good
PERF_004318,EMP_0360,2026-06-01,217000,5.8,97.6,Good
PERF_004319,EMP_0360,2026-07-01,242000,5.5,91.6,Average
PERF_004320,EMP_0360,2026-08-01,353000,5.1,95.1,Good
PERF_004321,EMP_0361,2025-09-01,1464000,11.0,92.2,Excellent
PERF_004322,EMP_0361,2025-10-01,908000,11.9,94.1,Good
PERF_004323,EMP_0361,2025-11-01,612000,4.7,97.4,Good
PERF_004324,EMP_0361,2025-12-01,1253000,7.7,92.7,Excellent
PERF_004325,EMP_0361,2026-01-01,946000,15.4,90.1,Good
PERF_004326,EMP_0361,2026-02-01,863000,9.3,91.7,Needs Improvement
PERF_004327,EMP_0361,2026-03-01,1342000,7.6,94.8,Good
PERF_004328,EMP_0361,2026-04-01,1190000,11.3,86.8,Good
PERF_004329,EMP_0361,2026-05-01,1075000,13.6,94.7,Good
PERF_004330,EMP_0361,2026-06-01,1001000,17.5,87.7,Good
PERF_004331,EMP_0361,2026-07-01,516000,11.2,94.1,Good
PERF_004332,EMP_0361,2026-08-01,1457000,15.0,93.8,Average
PERF_004333,EMP_0362,2025-09-01,1234000,4.3,87.5,Good
PERF_004334,EMP_0362,2025-10-01,521000,10.6,88.8,Excellent
PERF_004335,EMP_0362,2025-11-01,721000,6.6,90.1,Good
PERF_004336,EMP_0362,2025-12-01,1012000,3.5,92.9,Excellent
PERF_004337,EMP_0362,2026-01-01,1410000,14.8,89.1,Good
PERF_004338,EMP_0362,2026-02-01,1470000,5.0,98.4,Average
PERF_004339,EMP_0362,2026-03-01,1031000,4.5,94.7,Average
PERF_004340,EMP_0362,2026-04-01,1498000,3.2,93.1,Good
PERF_004341,EMP_0362,2026-05-01,1043000,17.8,91.7,Excellent
PERF_004342,EMP_0362,2026-06-01,933000,2.5,94.7,Good
PERF_004343,EMP_0362,2026-07-01,895000,7.9,91.9,Good
PERF_004344,EMP_0362,2026-08-01,1398000,2.6,97.0,Average
PERF_004345,EMP_0363,2025-09-01,358000,3.0,95.9,Average
PERF_004346,EMP_0363,2025-10-01,338000,8.2,95.2,Good
PERF_004347,EMP_0363,2025-11-01,284000,6.6,86.1,Good
PERF_004348,EMP_0363,2025-12-01,342000,14.1,87.9,Good
PERF_004349,EMP_0363,2026-01-01,443000,14.2,94.2,Average
PERF_004350,EMP_0363,2026-02-01,245000,4.7,96.8,Good
PERF_004351,EMP_0363,2026-03-01,223000,8.0,92.1,Average
PERF_004352,EMP_0363,2026-04-01,559000,17.9,89.2,Average
PERF_004353,EMP_0363,2026-05-01,512000,10.3,87.0,Average
PERF_004354,EMP_0363,2026-06-01,297000,12.8,91.0,Excellent
PERF_004355,EMP_0363,2026-07-01,539000,15.3,91.0,Good
PERF_004356,EMP_0363,2026-08-01,245000,13.7,91.7,Good
PERF_004357,EMP_0364,2025-09-01,246000,15.8,97.0,Average
PERF_004358,EMP_0364,2025-10-01,526000,17.8,92.7,Good
PERF_004359,EMP_0364,2025-11-01,270000,16.4,94.1,Average
PERF_004360,EMP_0364,2025-12-01,385000,13.3,93.1,Average
PERF_004361,EMP_0364,2026-01-01,405000,2.3,93.9,Excellent
PERF_004362,EMP_0364,2026-02-01,579000,16.9,100.0,Good
PERF_004363,EMP_0364,2026-03-01,529000,8.1,91.7,Good
PERF_004364,EMP_0364,2026-04-01,267000,15.4,96.9,Good
PERF_004365,EMP_0364,2026-05-01,393000,8.5,95.0,Excellent
PERF_004366,EMP_0364,2026-06-01,542000,12.7,91.0,Good
PERF_004367,EMP_0364,2026-07-01,326000,14.9,93.1,Good
PERF_004368,EMP_0364,2026-08-01,393000,2.0,91.4,Average
PERF_004369,EMP_0365,2025-09-01,490000,9.3,97.6,Average
PERF_004370,EMP_0365,2025-10-01,237000,2.7,90.2,Good
PERF_004371,EMP_0365,2025-11-01,512000,13.9,87.9,Average
PERF_004372,EMP_0365,2025-12-01,369000,3.7,100.0,Good
PERF_004373,EMP_0365,2026-01-01,389000,16.7,90.3,Average
PERF_004374,EMP_0365,2026-02-01,362000,7.9,93.4,Good
PERF_004375,EMP_0365,2026-03-01,241000,7.8,91.9,Average
PERF_004376,EMP_0365,2026-04-01,520000,16.6,91.3,Needs Improvement
PERF_004377,EMP_0365,2026-05-01,227000,4.9,93.7,Average
PERF_004378,EMP_0365,2026-06-01,545000,11.2,88.4,Good
PERF_004379,EMP_0365,2026-07-01,420000,5.6,87.6,Excellent
PERF_004380,EMP_0365,2026-08-01,266000,12.1,99.0,Excellent
PERF_004381,EMP_0366,2025-09-01,1335000,4.4,90.7,Good
PERF_004382,EMP_0366,2025-10-01,1125000,11.8,86.0,Average
PERF_004383,EMP_0366,2025-11-01,1130000,5.6,93.3,Good
PERF_004384,EMP_0366,2025-12-01,1011000,2.3,91.0,Average
PERF_004385,EMP_0366,2026-01-01,1081000,9.1,94.1,Good
PERF_004386,EMP_0366,2026-02-01,595000,4.3,88.9,Good
PERF_004387,EMP_0366,2026-03-01,559000,2.0,86.7,Excellent
PERF_004388,EMP_0366,2026-04-01,1418000,14.0,95.3,Average
PERF_004389,EMP_0366,2026-05-01,1412000,12.1,95.1,Good
PERF_004390,EMP_0366,2026-06-01,619000,17.6,95.2,Average
PERF_004391,EMP_0366,2026-07-01,1390000,6.9,100.0,Needs Improvement
PERF_004392,EMP_0366,2026-08-01,1210000,9.3,91.3,Excellent
PERF_004393,EMP_0367,2025-09-01,461000,9.8,95.6,Excellent
PERF_004394,EMP_0367,2025-10-01,510000,5.8,100.0,Average
PERF_004395,EMP_0367,2025-11-01,244000,11.8,95.4,Good
PERF_004396,EMP_0367,2025-12-01,405000,13.8,92.4,Good
PERF_004397,EMP_0367,2026-01-01,383000,4.9,95.3,Good
PERF_004398,EMP_0367,2026-02-01,272000,5.8,91.7,Good
PERF_004399,EMP_0367,2026-03-01,530000,6.1,88.9,Good
PERF_004400,EMP_0367,2026-04-01,498000,10.4,92.1,Average
PERF_004401,EMP_0367,2026-05-01,508000,13.5,94.4,Good
PERF_004402,EMP_0367,2026-06-01,445000,11.7,91.5,Good
PERF_004403,EMP_0367,2026-07-01,486000,16.4,95.9,Good
PERF_004404,EMP_0367,2026-08-01,225000,10.0,93.1,Average
PERF_004405,EMP_0368,2025-09-01,267000,3.1,100.0,Average
PERF_004406,EMP_0368,2025-10-01,562000,14.4,87.0,Excellent
PERF_004407,EMP_0368,2025-11-01,432000,2.6,91.9,Excellent
PERF_004408,EMP_0368,2025-12-01,423000,3.4,94.4,Good
PERF_004409,EMP_0368,2026-01-01,371000,7.2,96.8,Good
PERF_004410,EMP_0368,2026-02-01,442000,5.6,90.2,Good
PERF_004411,EMP_0368,2026-03-01,369000,15.6,92.9,Good
PERF_004412,EMP_0368,2026-04-01,580000,7.4,89.0,Good
PERF_004413,EMP_0368,2026-05-01,553000,14.4,87.7,Average
PERF_004414,EMP_0368,2026-06-01,305000,5.6,92.0,Good
PERF_004415,EMP_0368,2026-07-01,593000,15.4,94.0,Average
PERF_004416,EMP_0368,2026-08-01,361000,10.8,90.8,Average
PERF_004417,EMP_0369,2025-09-01,578000,14.4,92.1,Good
PERF_004418,EMP_0369,2025-10-01,542000,6.9,96.0,Excellent
PERF_004419,EMP_0369,2025-11-01,210000,5.6,93.0,Good
PERF_004420,EMP_0369,2025-12-01,503000,6.8,99.8,Good
PERF_004421,EMP_0369,2026-01-01,338000,11.0,97.2,Good
PERF_004422,EMP_0369,2026-02-01,536000,7.2,88.9,Good
PERF_004423,EMP_0369,2026-03-01,422000,9.4,96.0,Excellent
PERF_004424,EMP_0369,2026-04-01,411000,4.0,91.2,Average
PERF_004425,EMP_0369,2026-05-01,522000,3.2,87.3,Excellent
PERF_004426,EMP_0369,2026-06-01,259000,7.0,88.5,Needs Improvement
PERF_004427,EMP_0369,2026-07-01,479000,3.6,91.9,Good
PERF_004428,EMP_0369,2026-08-01,383000,15.8,95.5,Excellent
PERF_004429,EMP_0370,2025-09-01,673000,8.2,98.8,Good
PERF_004430,EMP_0370,2025-10-01,559000,3.4,95.8,Excellent
PERF_004431,EMP_0370,2025-11-01,1415000,4.2,93.0,Excellent
PERF_004432,EMP_0370,2025-12-01,1438000,12.8,92.4,Average
PERF_004433,EMP_0370,2026-01-01,944000,5.4,90.8,Excellent
PERF_004434,EMP_0370,2026-02-01,659000,9.9,93.3,Average
PERF_004435,EMP_0370,2026-03-01,645000,3.7,95.5,Good
PERF_004436,EMP_0370,2026-04-01,1101000,5.2,92.1,Excellent
PERF_004437,EMP_0370,2026-05-01,815000,5.4,91.1,Good
PERF_004438,EMP_0370,2026-06-01,1328000,13.8,92.0,Good
PERF_004439,EMP_0370,2026-07-01,1431000,5.9,91.9,Excellent
PERF_004440,EMP_0370,2026-08-01,646000,13.4,92.8,Good
PERF_004441,EMP_0371,2025-09-01,547000,7.0,94.3,Good
PERF_004442,EMP_0371,2025-10-01,1211000,13.9,96.8,Average
PERF_004443,EMP_0371,2025-11-01,1398000,9.4,91.1,Good
PERF_004444,EMP_0371,2025-12-01,882000,16.6,84.4,Good
PERF_004445,EMP_0371,2026-01-01,1349000,8.8,94.6,Excellent
PERF_004446,EMP_0371,2026-02-01,884000,15.5,96.9,Excellent
PERF_004447,EMP_0371,2026-03-01,1095000,10.8,89.6,Needs Improvement
PERF_004448,EMP_0371,2026-04-01,942000,4.7,87.8,Good
PERF_004449,EMP_0371,2026-05-01,741000,11.2,96.0,Good
PERF_004450,EMP_0371,2026-06-01,1179000,7.5,90.2,Average
PERF_004451,EMP_0371,2026-07-01,1221000,16.9,95.6,Average
PERF_004452,EMP_0371,2026-08-01,624000,13.9,95.1,Good
PERF_004453,EMP_0372,2025-09-01,446000,17.0,98.3,Average
PERF_004454,EMP_0372,2025-10-01,299000,17.6,85.1,Good
PERF_004455,EMP_0372,2025-11-01,423000,9.1,92.4,Good
PERF_004456,EMP_0372,2025-12-01,392000,5.2,94.6,Good
PERF_004457,EMP_0372,2026-01-01,529000,10.7,88.1,Average
PERF_004458,EMP_0372,2026-02-01,418000,8.3,88.9,Good
PERF_004459,EMP_0372,2026-03-01,473000,9.4,90.6,Average
PERF_004460,EMP_0372,2026-04-01,334000,16.8,90.0,Average
PERF_004461,EMP_0372,2026-05-01,313000,17.9,90.2,Excellent
PERF_004462,EMP_0372,2026-06-01,412000,6.4,95.2,Average
PERF_004463,EMP_0372,2026-07-01,333000,13.3,97.5,Excellent
PERF_004464,EMP_0372,2026-08-01,584000,4.2,94.1,Good
PERF_004465,EMP_0373,2025-09-01,323000,14.7,95.3,Good
PERF_004466,EMP_0373,2025-10-01,339000,13.5,91.9,Average
PERF_004467,EMP_0373,2025-11-01,267000,6.9,94.5,Good
PERF_004468,EMP_0373,2025-12-01,364000,5.0,92.3,Average
PERF_004469,EMP_0373,2026-01-01,246000,11.0,95.2,Good
PERF_004470,EMP_0373,2026-02-01,509000,12.5,96.6,Good
PERF_004471,EMP_0373,2026-03-01,553000,15.5,99.6,Average
PERF_004472,EMP_0373,2026-04-01,430000,6.1,99.6,Good
PERF_004473,EMP_0373,2026-05-01,542000,6.5,93.2,Average
PERF_004474,EMP_0373,2026-06-01,544000,8.0,95.4,Good
PERF_004475,EMP_0373,2026-07-01,498000,12.2,90.7,Needs Improvement
PERF_004476,EMP_0373,2026-08-01,435000,17.7,95.4,Good
PERF_004477,EMP_0374,2025-09-01,494000,12.1,100.0,Good
PERF_004478,EMP_0374,2025-10-01,460000,14.4,90.7,Good
PERF_004479,EMP_0374,2025-11-01,414000,10.3,100.0,Good
PERF_004480,EMP_0374,2025-12-01,505000,11.2,90.2,Good
PERF_004481,EMP_0374,2026-01-01,444000,17.3,88.4,Good
PERF_004482,EMP_0374,2026-02-01,400000,5.0,86.1,Average
PERF_004483,EMP_0374,2026-03-01,402000,15.3,90.3,Average
PERF_004484,EMP_0374,2026-04-01,334000,15.2,86.2,Good
PERF_004485,EMP_0374,2026-05-01,447000,12.3,95.5,Good
PERF_004486,EMP_0374,2026-06-01,584000,9.3,96.2,Good
PERF_004487,EMP_0374,2026-07-01,399000,6.2,96.6,Good
PERF_004488,EMP_0374,2026-08-01,528000,14.2,92.8,Excellent
PERF_004489,EMP_0375,2025-09-01,1020000,6.2,91.5,Good
PERF_004490,EMP_0375,2025-10-01,659000,3.9,92.0,Excellent
PERF_004491,EMP_0375,2025-11-01,598000,13.5,100.0,Needs Improvement
PERF_004492,EMP_0375,2025-12-01,1088000,3.4,96.8,Average
PERF_004493,EMP_0375,2026-01-01,892000,7.0,95.1,Average
PERF_004494,EMP_0375,2026-02-01,1160000,9.9,96.3,Good
PERF_004495,EMP_0375,2026-03-01,684000,5.3,98.2,Good
PERF_004496,EMP_0375,2026-04-01,1483000,17.5,88.0,Good
PERF_004497,EMP_0375,2026-05-01,744000,4.1,91.1,Good
PERF_004498,EMP_0375,2026-06-01,979000,6.6,89.6,Good
PERF_004499,EMP_0375,2026-07-01,549000,13.4,98.5,Average
PERF_004500,EMP_0375,2026-08-01,1225000,10.0,92.1,Good
PERF_004501,EMP_0376,2025-09-01,880000,6.6,92.2,Good
PERF_004502,EMP_0376,2025-10-01,754000,6.5,90.9,Needs Improvement
PERF_004503,EMP_0376,2025-11-01,1295000,8.6,94.5,Excellent
PERF_004504,EMP_0376,2025-12-01,1227000,9.9,96.8,Excellent
PERF_004505,EMP_0376,2026-01-01,1218000,16.9,100.0,Good
PERF_004506,EMP_0376,2026-02-01,614000,7.5,88.4,Average
PERF_004507,EMP_0376,2026-03-01,1219000,17.7,91.8,Good
PERF_004508,EMP_0376,2026-04-01,1049000,3.3,95.8,Good
PERF_004509,EMP_0376,2026-05-01,592000,8.0,90.3,Good
PERF_004510,EMP_0376,2026-06-01,1312000,7.3,95.6,Good
PERF_004511,EMP_0376,2026-07-01,636000,6.4,91.7,Excellent
PERF_004512,EMP_0376,2026-08-01,1310000,7.5,92.6,Excellent
PERF_004513,EMP_0377,2025-09-01,494000,10.3,94.7,Good
PERF_004514,EMP_0377,2025-10-01,212000,10.7,97.6,Good
PERF_004515,EMP_0377,2025-11-01,345000,4.7,88.0,Excellent
PERF_004516,EMP_0377,2025-12-01,492000,8.0,84.0,Excellent
PERF_004517,EMP_0377,2026-01-01,303000,5.6,91.2,Excellent
PERF_004518,EMP_0377,2026-02-01,458000,12.0,95.8,Excellent
PERF_004519,EMP_0377,2026-03-01,512000,2.8,90.5,Needs Improvement
PERF_004520,EMP_0377,2026-04-01,259000,12.0,94.3,Good
PERF_004521,EMP_0377,2026-05-01,310000,6.1,91.2,Good
PERF_004522,EMP_0377,2026-06-01,303000,16.6,95.4,Good
PERF_004523,EMP_0377,2026-07-01,486000,2.5,96.2,Average
PERF_004524,EMP_0377,2026-08-01,353000,5.5,99.6,Good
PERF_004525,EMP_0378,2025-09-01,398000,14.6,94.9,Excellent
PERF_004526,EMP_0378,2025-10-01,404000,5.0,93.4,Average
PERF_004527,EMP_0378,2025-11-01,363000,14.0,94.6,Good
PERF_004528,EMP_0378,2025-12-01,488000,9.6,92.0,Excellent
PERF_004529,EMP_0378,2026-01-01,345000,4.6,95.9,Average
PERF_004530,EMP_0378,2026-02-01,243000,15.7,97.5,Good
PERF_004531,EMP_0378,2026-03-01,217000,15.1,95.9,Good
PERF_004532,EMP_0378,2026-04-01,258000,10.9,95.9,Good
PERF_004533,EMP_0378,2026-05-01,442000,16.0,100.0,Average
PERF_004534,EMP_0378,2026-06-01,540000,11.2,86.5,Good
PERF_004535,EMP_0378,2026-07-01,399000,2.4,90.3,Good
PERF_004536,EMP_0378,2026-08-01,417000,6.9,100.0,Good
PERF_004537,EMP_0379,2025-09-01,210000,12.3,92.5,Average
PERF_004538,EMP_0379,2025-10-01,508000,17.9,92.1,Good
PERF_004539,EMP_0379,2025-11-01,232000,5.9,92.9,Average
PERF_004540,EMP_0379,2025-12-01,390000,3.9,94.0,Good
PERF_004541,EMP_0379,2026-01-01,447000,5.2,95.2,Good
PERF_004542,EMP_0379,2026-02-01,577000,2.1,100.0,Average
PERF_004543,EMP_0379,2026-03-01,532000,15.5,93.2,Excellent
PERF_004544,EMP_0379,2026-04-01,529000,11.6,95.5,Good
PERF_004545,EMP_0379,2026-05-01,385000,3.8,95.8,Good
PERF_004546,EMP_0379,2026-06-01,502000,16.9,93.8,Good
PERF_004547,EMP_0379,2026-07-01,396000,5.3,91.6,Needs Improvement
PERF_004548,EMP_0379,2026-08-01,281000,13.5,95.5,Average
PERF_004549,EMP_0380,2025-09-01,375000,7.1,91.6,Good
PERF_004550,EMP_0380,2025-10-01,536000,14.8,91.3,Good
PERF_004551,EMP_0380,2025-11-01,420000,15.3,89.3,Excellent
PERF_004552,EMP_0380,2025-12-01,544000,8.4,97.3,Excellent
PERF_004553,EMP_0380,2026-01-01,210000,16.9,98.3,Good
PERF_004554,EMP_0380,2026-02-01,253000,3.4,88.3,Good
PERF_004555,EMP_0380,2026-03-01,219000,16.6,90.8,Excellent
PERF_004556,EMP_0380,2026-04-01,242000,7.0,92.2,Good
PERF_004557,EMP_0380,2026-05-01,331000,13.7,97.8,Average
PERF_004558,EMP_0380,2026-06-01,487000,9.0,95.3,Good
PERF_004559,EMP_0380,2026-07-01,409000,5.0,98.6,Good
PERF_004560,EMP_0380,2026-08-01,427000,3.8,98.0,Good
PERF_004561,EMP_0381,2025-09-01,336000,3.2,89.5,Good
PERF_004562,EMP_0381,2025-10-01,549000,3.5,85.1,Good
PERF_004563,EMP_0381,2025-11-01,417000,16.1,86.3,Good
PERF_004564,EMP_0381,2025-12-01,486000,3.7,94.0,Good
PERF_004565,EMP_0381,2026-01-01,547000,17.3,93.5,Good
PERF_004566,EMP_0381,2026-02-01,500000,6.5,88.6,Good
PERF_004567,EMP_0381,2026-03-01,314000,10.6,92.3,Good
PERF_004568,EMP_0381,2026-04-01,286000,14.9,96.7,Average
PERF_004569,EMP_0381,2026-05-01,593000,14.7,94.0,Average
PERF_004570,EMP_0381,2026-06-01,388000,5.5,90.5,Good
PERF_004571,EMP_0381,2026-07-01,302000,17.4,87.4,Good
PERF_004572,EMP_0381,2026-08-01,366000,2.9,94.6,Excellent
PERF_004573,EMP_0382,2025-09-01,335000,11.0,92.4,Good
PERF_004574,EMP_0382,2025-10-01,456000,11.4,100.0,Good
PERF_004575,EMP_0382,2025-11-01,386000,8.3,85.2,Average
PERF_004576,EMP_0382,2025-12-01,575000,9.9,100.0,Average
PERF_004577,EMP_0382,2026-01-01,202000,17.0,89.7,Good
PERF_004578,EMP_0382,2026-02-01,560000,7.9,99.6,Good
PERF_004579,EMP_0382,2026-03-01,261000,12.9,94.5,Excellent
PERF_004580,EMP_0382,2026-04-01,435000,10.0,94.1,Good
PERF_004581,EMP_0382,2026-05-01,493000,13.3,93.8,Good
PERF_004582,EMP_0382,2026-06-01,345000,9.3,96.4,Good
PERF_004583,EMP_0382,2026-07-01,350000,5.1,88.3,Excellent
PERF_004584,EMP_0382,2026-08-01,564000,16.2,92.6,Good
PERF_004585,EMP_0383,2025-09-01,332000,12.1,88.6,Good
PERF_004586,EMP_0383,2025-10-01,280000,6.3,100.0,Good
PERF_004587,EMP_0383,2025-11-01,485000,9.8,85.8,Excellent
PERF_004588,EMP_0383,2025-12-01,504000,14.2,86.3,Excellent
PERF_004589,EMP_0383,2026-01-01,450000,4.2,98.1,Excellent
PERF_004590,EMP_0383,2026-02-01,426000,14.4,90.6,Excellent
PERF_004591,EMP_0383,2026-03-01,565000,3.6,90.3,Excellent
PERF_004592,EMP_0383,2026-04-01,440000,14.4,89.3,Excellent
PERF_004593,EMP_0383,2026-05-01,259000,4.9,87.0,Average
PERF_004594,EMP_0383,2026-06-01,371000,12.8,93.3,Needs Improvement
PERF_004595,EMP_0383,2026-07-01,413000,5.8,87.4,Good
PERF_004596,EMP_0383,2026-08-01,369000,3.8,94.4,Excellent
PERF_004597,EMP_0384,2025-09-01,585000,5.9,96.4,Good
PERF_004598,EMP_0384,2025-10-01,215000,9.8,92.7,Average
PERF_004599,EMP_0384,2025-11-01,305000,17.8,96.6,Excellent
PERF_004600,EMP_0384,2025-12-01,409000,4.4,96.7,Average
PERF_004601,EMP_0384,2026-01-01,456000,14.3,96.6,Average
PERF_004602,EMP_0384,2026-02-01,332000,11.8,97.6,Average
PERF_004603,EMP_0384,2026-03-01,286000,9.7,93.5,Good
PERF_004604,EMP_0384,2026-04-01,358000,7.5,87.6,Good
PERF_004605,EMP_0384,2026-05-01,418000,10.9,94.2,Good
PERF_004606,EMP_0384,2026-06-01,280000,12.2,93.9,Excellent
PERF_004607,EMP_0384,2026-07-01,501000,2.5,100.0,Good
PERF_004608,EMP_0384,2026-08-01,306000,4.2,90.5,Good
PERF_004609,EMP_0385,2025-09-01,1134000,5.1,91.7,Good
PERF_004610,EMP_0385,2025-10-01,634000,6.2,90.4,Good
PERF_004611,EMP_0385,2025-11-01,505000,7.9,85.9,Excellent
PERF_004612,EMP_0385,2025-12-01,1292000,16.0,92.7,Good
PERF_004613,EMP_0385,2026-01-01,1499000,2.5,88.2,Average
PERF_004614,EMP_0385,2026-02-01,1304000,9.8,89.0,Good
PERF_004615,EMP_0385,2026-03-01,552000,12.9,93.7,Good
PERF_004616,EMP_0385,2026-04-01,981000,16.0,94.8,Good
PERF_004617,EMP_0385,2026-05-01,1410000,9.7,89.6,Average
PERF_004618,EMP_0385,2026-06-01,895000,17.1,88.3,Excellent
PERF_004619,EMP_0385,2026-07-01,938000,6.4,95.9,Good
PERF_004620,EMP_0385,2026-08-01,810000,17.6,89.3,Average
PERF_004621,EMP_0386,2025-09-01,886000,2.4,91.8,Good
PERF_004622,EMP_0386,2025-10-01,624000,6.4,91.7,Good
PERF_004623,EMP_0386,2025-11-01,1370000,13.5,92.5,Needs Improvement
PERF_004624,EMP_0386,2025-12-01,1273000,12.5,87.8,Good
PERF_004625,EMP_0386,2026-01-01,749000,9.3,86.1,Good
PERF_004626,EMP_0386,2026-02-01,1161000,2.2,97.2,Good
PERF_004627,EMP_0386,2026-03-01,829000,14.3,97.1,Average
PERF_004628,EMP_0386,2026-04-01,851000,5.9,92.4,Good
PERF_004629,EMP_0386,2026-05-01,946000,15.4,95.8,Average
PERF_004630,EMP_0386,2026-06-01,1278000,14.0,92.1,Good
PERF_004631,EMP_0386,2026-07-01,724000,5.8,86.9,Excellent
PERF_004632,EMP_0386,2026-08-01,853000,12.2,90.6,Good
PERF_004633,EMP_0387,2025-09-01,532000,9.0,93.7,Average
PERF_004634,EMP_0387,2025-10-01,372000,16.0,97.2,Excellent
PERF_004635,EMP_0387,2025-11-01,218000,10.1,98.5,Good
PERF_004636,EMP_0387,2025-12-01,465000,3.4,96.9,Good
PERF_004637,EMP_0387,2026-01-01,306000,8.4,93.7,Average
PERF_004638,EMP_0387,2026-02-01,391000,6.3,87.9,Average
PERF_004639,EMP_0387,2026-03-01,491000,8.8,92.9,Excellent
PERF_004640,EMP_0387,2026-04-01,248000,13.3,92.0,Excellent
PERF_004641,EMP_0387,2026-05-01,282000,11.1,92.3,Needs Improvement
PERF_004642,EMP_0387,2026-06-01,203000,15.6,92.1,Average
PERF_004643,EMP_0387,2026-07-01,506000,14.7,88.4,Good
PERF_004644,EMP_0387,2026-08-01,357000,14.4,91.5,Good
PERF_004645,EMP_0388,2025-09-01,505000,8.9,94.3,Good
PERF_004646,EMP_0388,2025-10-01,655000,12.9,93.8,Average
PERF_004647,EMP_0388,2025-11-01,1186000,14.8,98.6,Good
PERF_004648,EMP_0388,2025-12-01,1270000,16.1,94.7,Good
PERF_004649,EMP_0388,2026-01-01,1159000,9.0,93.0,Good
PERF_004650,EMP_0388,2026-02-01,1098000,4.4,88.7,Good
PERF_004651,EMP_0388,2026-03-01,828000,5.0,90.1,Excellent
PERF_004652,EMP_0388,2026-04-01,971000,8.2,92.8,Good
PERF_004653,EMP_0388,2026-05-01,1221000,5.9,100.0,Good
PERF_004654,EMP_0388,2026-06-01,670000,10.8,94.7,Excellent
PERF_004655,EMP_0388,2026-07-01,1275000,15.6,91.7,Excellent
PERF_004656,EMP_0388,2026-08-01,1198000,6.3,94.2,Excellent
PERF_004657,EMP_0389,2025-09-01,270000,14.2,91.1,Good
PERF_004658,EMP_0389,2025-10-01,555000,17.0,90.3,Excellent
PERF_004659,EMP_0389,2025-11-01,376000,11.8,95.0,Needs Improvement
PERF_004660,EMP_0389,2025-12-01,294000,11.2,91.9,Good
PERF_004661,EMP_0389,2026-01-01,400000,2.8,91.7,Good
PERF_004662,EMP_0389,2026-02-01,520000,8.8,88.3,Good
PERF_004663,EMP_0389,2026-03-01,367000,3.1,91.3,Average
PERF_004664,EMP_0389,2026-04-01,556000,5.7,89.4,Excellent
PERF_004665,EMP_0389,2026-05-01,532000,3.3,99.5,Good
PERF_004666,EMP_0389,2026-06-01,481000,7.0,95.1,Good
PERF_004667,EMP_0389,2026-07-01,568000,10.7,95.3,Average
PERF_004668,EMP_0389,2026-08-01,342000,5.6,90.7,Excellent
PERF_004669,EMP_0390,2025-09-01,923000,7.8,94.0,Good
PERF_004670,EMP_0390,2025-10-01,690000,10.8,95.7,Good
PERF_004671,EMP_0390,2025-11-01,1002000,2.1,92.9,Good
PERF_004672,EMP_0390,2025-12-01,1346000,8.8,92.5,Good
PERF_004673,EMP_0390,2026-01-01,1291000,4.8,94.9,Excellent
PERF_004674,EMP_0390,2026-02-01,1487000,10.0,90.6,Good
PERF_004675,EMP_0390,2026-03-01,1321000,5.9,94.3,Average
PERF_004676,EMP_0390,2026-04-01,799000,3.8,93.0,Good
PERF_004677,EMP_0390,2026-05-01,1335000,12.0,90.8,Excellent
PERF_004678,EMP_0390,2026-06-01,1338000,7.5,93.7,Good
PERF_004679,EMP_0390,2026-07-01,1210000,2.4,100.0,Good
PERF_004680,EMP_0390,2026-08-01,1140000,3.1,96.3,Good
PERF_004681,EMP_0391,2025-09-01,759000,11.1,92.5,Good
PERF_004682,EMP_0391,2025-10-01,889000,16.0,95.1,Average
PERF_004683,EMP_0391,2025-11-01,617000,5.8,92.4,Excellent
PERF_004684,EMP_0391,2025-12-01,1047000,3.7,96.4,Good
PERF_004685,EMP_0391,2026-01-01,1112000,4.7,84.0,Average
PERF_004686,EMP_0391,2026-02-01,532000,8.7,89.6,Excellent
PERF_004687,EMP_0391,2026-03-01,1198000,11.9,94.9,Good
PERF_004688,EMP_0391,2026-04-01,1364000,2.6,85.4,Average
PERF_004689,EMP_0391,2026-05-01,942000,13.3,94.4,Average
PERF_004690,EMP_0391,2026-06-01,1216000,9.1,99.9,Excellent
PERF_004691,EMP_0391,2026-07-01,1403000,18.0,93.4,Good
PERF_004692,EMP_0391,2026-08-01,599000,17.7,88.4,Average
PERF_004693,EMP_0392,2025-09-01,522000,16.4,89.7,Good
PERF_004694,EMP_0392,2025-10-01,433000,17.6,91.3,Good
PERF_004695,EMP_0392,2025-11-01,280000,16.6,92.8,Good
PERF_004696,EMP_0392,2025-12-01,333000,7.8,90.2,Average
PERF_004697,EMP_0392,2026-01-01,310000,10.1,91.7,Average
PERF_004698,EMP_0392,2026-02-01,288000,16.1,96.1,Excellent
PERF_004699,EMP_0392,2026-03-01,531000,3.6,88.0,Good
PERF_004700,EMP_0392,2026-04-01,456000,13.7,92.8,Good
PERF_004701,EMP_0392,2026-05-01,388000,6.4,91.0,Good
PERF_004702,EMP_0392,2026-06-01,535000,6.1,83.6,Good
PERF_004703,EMP_0392,2026-07-01,415000,12.9,88.7,Good
PERF_004704,EMP_0392,2026-08-01,408000,6.2,99.3,Good
PERF_004705,EMP_0393,2025-09-01,425000,6.8,94.4,Average
PERF_004706,EMP_0393,2025-10-01,321000,14.1,91.8,Good
PERF_004707,EMP_0393,2025-11-01,488000,5.5,91.9,Average
PERF_004708,EMP_0393,2025-12-01,570000,16.1,85.7,Good
PERF_004709,EMP_0393,2026-01-01,404000,8.6,98.8,Good
PERF_004710,EMP_0393,2026-02-01,396000,14.9,87.9,Average
PERF_004711,EMP_0393,2026-03-01,391000,9.7,97.7,Good
PERF_004712,EMP_0393,2026-04-01,421000,15.4,93.2,Good
PERF_004713,EMP_0393,2026-05-01,317000,12.7,94.5,Good
PERF_004714,EMP_0393,2026-06-01,427000,2.7,93.5,Good
PERF_004715,EMP_0393,2026-07-01,583000,4.8,95.0,Average
PERF_004716,EMP_0393,2026-08-01,450000,6.2,89.6,Good
PERF_004717,EMP_0394,2025-09-01,1309000,5.8,96.8,Good
PERF_004718,EMP_0394,2025-10-01,763000,10.1,94.0,Needs Improvement
PERF_004719,EMP_0394,2025-11-01,1442000,3.3,95.6,Excellent
PERF_004720,EMP_0394,2025-12-01,1337000,14.4,87.6,Good
PERF_004721,EMP_0394,2026-01-01,1235000,7.9,94.1,Good
PERF_004722,EMP_0394,2026-02-01,1124000,11.2,89.7,Good
PERF_004723,EMP_0394,2026-03-01,993000,10.6,94.2,Good
PERF_004724,EMP_0394,2026-04-01,780000,14.3,92.2,Good
PERF_004725,EMP_0394,2026-05-01,724000,3.4,88.5,Average
PERF_004726,EMP_0394,2026-06-01,1338000,2.6,89.3,Good
PERF_004727,EMP_0394,2026-07-01,1458000,15.2,99.2,Average
PERF_004728,EMP_0394,2026-08-01,1292000,8.0,97.3,Average
PERF_004729,EMP_0395,2025-09-01,1252000,15.9,93.3,Good
PERF_004730,EMP_0395,2025-10-01,1500000,15.1,96.1,Good
PERF_004731,EMP_0395,2025-11-01,1016000,10.9,95.4,Good
PERF_004732,EMP_0395,2025-12-01,781000,17.1,93.7,Average
PERF_004733,EMP_0395,2026-01-01,918000,12.2,100.0,Average
PERF_004734,EMP_0395,2026-02-01,1293000,11.7,87.7,Excellent
PERF_004735,EMP_0395,2026-03-01,1395000,15.4,93.4,Average
PERF_004736,EMP_0395,2026-04-01,782000,4.5,90.0,Good
PERF_004737,EMP_0395,2026-05-01,554000,5.0,91.8,Excellent
PERF_004738,EMP_0395,2026-06-01,1023000,10.2,85.6,Average
PERF_004739,EMP_0395,2026-07-01,713000,16.5,91.3,Excellent
PERF_004740,EMP_0395,2026-08-01,877000,5.8,91.1,Excellent
PERF_004741,EMP_0396,2025-09-01,964000,14.1,93.8,Good
PERF_004742,EMP_0396,2025-10-01,1466000,11.3,93.6,Excellent
PERF_004743,EMP_0396,2025-11-01,1133000,13.9,91.5,Good
PERF_004744,EMP_0396,2025-12-01,679000,5.4,97.9,Average
PERF_004745,EMP_0396,2026-01-01,1435000,17.3,91.9,Excellent
PERF_004746,EMP_0396,2026-02-01,873000,12.8,91.8,Needs Improvement
PERF_004747,EMP_0396,2026-03-01,667000,16.6,92.6,Excellent
PERF_004748,EMP_0396,2026-04-01,1149000,17.9,95.4,Needs Improvement
PERF_004749,EMP_0396,2026-05-01,1200000,12.2,100.0,Good
PERF_004750,EMP_0396,2026-06-01,735000,12.7,94.7,Needs Improvement
PERF_004751,EMP_0396,2026-07-01,1177000,5.2,90.7,Average
PERF_004752,EMP_0396,2026-08-01,941000,17.0,97.2,Good
PERF_004753,EMP_0397,2025-09-01,510000,7.4,94.9,Good
PERF_004754,EMP_0397,2025-10-01,393000,8.7,86.1,Good
PERF_004755,EMP_0397,2025-11-01,579000,7.6,93.5,Good
PERF_004756,EMP_0397,2025-12-01,508000,7.5,89.6,Good
PERF_004757,EMP_0397,2026-01-01,216000,16.1,92.9,Good
PERF_004758,EMP_0397,2026-02-01,497000,16.5,89.5,Good
PERF_004759,EMP_0397,2026-03-01,392000,15.6,92.7,Good
PERF_004760,EMP_0397,2026-04-01,550000,5.0,89.0,Average
PERF_004761,EMP_0397,2026-05-01,293000,11.9,92.4,Average
PERF_004762,EMP_0397,2026-06-01,394000,6.3,88.0,Good
PERF_004763,EMP_0397,2026-07-01,430000,3.4,98.7,Average
PERF_004764,EMP_0397,2026-08-01,203000,17.0,92.5,Average
PERF_004765,EMP_0398,2025-09-01,559000,4.7,93.1,Excellent
PERF_004766,EMP_0398,2025-10-01,349000,14.0,96.6,Average
PERF_004767,EMP_0398,2025-11-01,432000,16.1,91.4,Good
PERF_004768,EMP_0398,2025-12-01,514000,4.2,88.6,Good
PERF_004769,EMP_0398,2026-01-01,215000,10.6,92.3,Average
PERF_004770,EMP_0398,2026-02-01,432000,5.8,91.9,Good
PERF_004771,EMP_0398,2026-03-01,580000,7.9,92.1,Excellent
PERF_004772,EMP_0398,2026-04-01,384000,2.3,96.8,Good
PERF_004773,EMP_0398,2026-05-01,388000,3.4,89.8,Excellent
PERF_004774,EMP_0398,2026-06-01,412000,11.7,98.3,Average
PERF_004775,EMP_0398,2026-07-01,202000,12.2,97.6,Excellent
PERF_004776,EMP_0398,2026-08-01,441000,15.3,94.8,Excellent
PERF_004777,EMP_0399,2025-09-01,530000,12.5,96.9,Average
PERF_004778,EMP_0399,2025-10-01,283000,10.0,93.3,Good
PERF_004779,EMP_0399,2025-11-01,306000,7.0,94.3,Good
PERF_004780,EMP_0399,2025-12-01,475000,16.9,93.6,Good
PERF_004781,EMP_0399,2026-01-01,521000,11.8,93.9,Good
PERF_004782,EMP_0399,2026-02-01,373000,17.4,93.1,Good
PERF_004783,EMP_0399,2026-03-01,588000,15.9,83.2,Needs Improvement
PERF_004784,EMP_0399,2026-04-01,355000,9.4,90.5,Needs Improvement
PERF_004785,EMP_0399,2026-05-01,274000,8.2,96.6,Excellent
PERF_004786,EMP_0399,2026-06-01,391000,5.2,84.0,Good
PERF_004787,EMP_0399,2026-07-01,488000,16.2,90.8,Average
PERF_004788,EMP_0399,2026-08-01,297000,4.4,100.0,Excellent
PERF_004789,EMP_0400,2025-09-01,567000,13.6,91.9,Good
PERF_004790,EMP_0400,2025-10-01,1186000,6.3,96.4,Average
PERF_004791,EMP_0400,2025-11-01,1327000,7.4,89.0,Average
PERF_004792,EMP_0400,2025-12-01,1291000,17.4,98.1,Good
PERF_004793,EMP_0400,2026-01-01,1008000,8.4,90.7,Average
PERF_004794,EMP_0400,2026-02-01,1479000,8.2,92.2,Good
PERF_004795,EMP_0400,2026-03-01,1489000,15.0,89.0,Excellent
PERF_004796,EMP_0400,2026-04-01,1460000,6.0,90.0,Good
PERF_004797,EMP_0400,2026-05-01,969000,5.8,93.1,Excellent
PERF_004798,EMP_0400,2026-06-01,853000,3.6,87.7,Excellent
PERF_004799,EMP_0400,2026-07-01,1461000,8.9,88.7,Average
PERF_004800,EMP_0400,2026-08-01,840000,13.8,88.0,Good
PERF_004801,EMP_0401,2025-09-01,356000,13.3,91.9,Good
PERF_004802,EMP_0401,2025-10-01,308000,11.0,94.4,Average
PERF_004803,EMP_0401,2025-11-01,560000,17.7,93.5,Good
PERF_004804,EMP_0401,2025-12-01,257000,15.1,93.9,Good
PERF_004805,EMP_0401,2026-01-01,323000,11.1,85.5,Good
PERF_004806,EMP_0401,2026-02-01,288000,11.8,91.5,Excellent
PERF_004807,EMP_0401,2026-03-01,265000,14.9,92.7,Good
PERF_004808,EMP_0401,2026-04-01,462000,14.3,92.2,Good
PERF_004809,EMP_0401,2026-05-01,261000,15.3,96.7,Needs Improvement
PERF_004810,EMP_0401,2026-06-01,308000,13.3,96.0,Excellent
PERF_004811,EMP_0401,2026-07-01,349000,14.3,90.4,Good
PERF_004812,EMP_0401,2026-08-01,272000,17.4,91.7,Good
PERF_004813,EMP_0402,2025-09-01,366000,7.9,92.5,Good
PERF_004814,EMP_0402,2025-10-01,215000,8.6,89.6,Average
PERF_004815,EMP_0402,2025-11-01,596000,2.9,97.9,Good
PERF_004816,EMP_0402,2025-12-01,403000,14.3,100.0,Average
PERF_004817,EMP_0402,2026-01-01,229000,14.0,91.0,Good
PERF_004818,EMP_0402,2026-02-01,286000,11.4,94.3,Good
PERF_004819,EMP_0402,2026-03-01,418000,2.8,99.3,Good
PERF_004820,EMP_0402,2026-04-01,547000,7.5,95.0,Average
PERF_004821,EMP_0402,2026-05-01,504000,5.4,88.3,Good
PERF_004822,EMP_0402,2026-06-01,440000,8.3,95.2,Good
PERF_004823,EMP_0402,2026-07-01,499000,2.3,94.4,Excellent
PERF_004824,EMP_0402,2026-08-01,251000,15.0,88.9,Good
PERF_004825,EMP_0403,2025-09-01,200000,13.2,95.5,Average
PERF_004826,EMP_0403,2025-10-01,598000,15.6,92.8,Good
PERF_004827,EMP_0403,2025-11-01,536000,2.6,96.4,Good
PERF_004828,EMP_0403,2025-12-01,288000,6.6,97.4,Average
PERF_004829,EMP_0403,2026-01-01,526000,8.7,92.3,Good
PERF_004830,EMP_0403,2026-02-01,241000,17.8,94.1,Needs Improvement
PERF_004831,EMP_0403,2026-03-01,564000,10.7,94.2,Good
PERF_004832,EMP_0403,2026-04-01,570000,15.2,86.1,Needs Improvement
PERF_004833,EMP_0403,2026-05-01,232000,16.2,93.4,Good
PERF_004834,EMP_0403,2026-06-01,466000,14.0,90.9,Excellent
PERF_004835,EMP_0403,2026-07-01,263000,13.2,98.7,Good
PERF_004836,EMP_0403,2026-08-01,581000,2.6,86.5,Average
PERF_004837,EMP_0404,2025-09-01,1374000,11.8,97.1,Good
PERF_004838,EMP_0404,2025-10-01,1373000,8.9,87.7,Good
PERF_004839,EMP_0404,2025-11-01,509000,7.3,87.1,Good
PERF_004840,EMP_0404,2025-12-01,885000,14.9,94.9,Excellent
PERF_004841,EMP_0404,2026-01-01,606000,10.8,95.9,Good
PERF_004842,EMP_0404,2026-02-01,1094000,7.6,90.1,Average
PERF_004843,EMP_0404,2026-03-01,1165000,16.9,93.3,Excellent
PERF_004844,EMP_0404,2026-04-01,1184000,11.0,95.2,Good
PERF_004845,EMP_0404,2026-05-01,950000,10.1,98.4,Good
PERF_004846,EMP_0404,2026-06-01,1108000,11.7,89.8,Average
PERF_004847,EMP_0404,2026-07-01,1319000,4.1,94.4,Good
PERF_004848,EMP_0404,2026-08-01,1330000,2.2,96.3,Average
PERF_004849,EMP_0405,2025-09-01,551000,4.1,92.1,Excellent
PERF_004850,EMP_0405,2025-10-01,1158000,15.5,92.9,Average
PERF_004851,EMP_0405,2025-11-01,1331000,15.2,91.2,Good
PERF_004852,EMP_0405,2025-12-01,1199000,8.2,94.3,Good
PERF_004853,EMP_0405,2026-01-01,792000,7.2,86.8,Good
PERF_004854,EMP_0405,2026-02-01,910000,6.1,82.0,Average
PERF_004855,EMP_0405,2026-03-01,957000,9.4,94.8,Needs Improvement
PERF_004856,EMP_0405,2026-04-01,1062000,6.5,85.4,Good
PERF_004857,EMP_0405,2026-05-01,898000,3.2,93.0,Good
PERF_004858,EMP_0405,2026-06-01,968000,4.0,98.9,Good
PERF_004859,EMP_0405,2026-07-01,622000,15.3,93.1,Good
PERF_004860,EMP_0405,2026-08-01,639000,15.9,93.1,Needs Improvement
PERF_004861,EMP_0406,2025-09-01,945000,2.5,100.0,Good
PERF_004862,EMP_0406,2025-10-01,1140000,3.8,89.6,Needs Improvement
PERF_004863,EMP_0406,2025-11-01,1335000,15.4,90.0,Average
PERF_004864,EMP_0406,2025-12-01,1483000,8.0,91.0,Needs Improvement
PERF_004865,EMP_0406,2026-01-01,1265000,6.1,98.2,Average
PERF_004866,EMP_0406,2026-02-01,1148000,5.9,93.3,Good
PERF_004867,EMP_0406,2026-03-01,681000,12.2,95.4,Good
PERF_004868,EMP_0406,2026-04-01,1052000,11.4,96.2,Excellent
PERF_004869,EMP_0406,2026-05-01,807000,3.8,97.4,Good
PERF_004870,EMP_0406,2026-06-01,685000,17.2,98.5,Good
PERF_004871,EMP_0406,2026-07-01,1159000,16.8,92.9,Good
PERF_004872,EMP_0406,2026-08-01,952000,2.8,97.6,Good
PERF_004873,EMP_0407,2025-09-01,854000,12.3,100.0,Needs Improvement
PERF_004874,EMP_0407,2025-10-01,856000,14.0,91.6,Good
PERF_004875,EMP_0407,2025-11-01,1209000,9.0,99.2,Needs Improvement
PERF_004876,EMP_0407,2025-12-01,826000,5.5,97.6,Needs Improvement
PERF_004877,EMP_0407,2026-01-01,888000,6.9,96.2,Good
PERF_004878,EMP_0407,2026-02-01,1032000,7.9,93.8,Excellent
PERF_004879,EMP_0407,2026-03-01,1454000,13.0,95.6,Excellent
PERF_004880,EMP_0407,2026-04-01,817000,8.9,92.4,Average
PERF_004881,EMP_0407,2026-05-01,539000,5.2,91.1,Good
PERF_004882,EMP_0407,2026-06-01,586000,7.6,91.6,Good
PERF_004883,EMP_0407,2026-07-01,531000,12.6,96.1,Good
PERF_004884,EMP_0407,2026-08-01,511000,16.7,89.2,Excellent
PERF_004885,EMP_0408,2025-09-01,536000,8.0,89.1,Good
PERF_004886,EMP_0408,2025-10-01,566000,16.1,91.1,Excellent
PERF_004887,EMP_0408,2025-11-01,420000,13.3,86.5,Excellent
PERF_004888,EMP_0408,2025-12-01,569000,9.5,95.2,Good
PERF_004889,EMP_0408,2026-01-01,252000,15.0,85.4,Good
PERF_004890,EMP_0408,2026-02-01,455000,9.9,87.3,Average
PERF_004891,EMP_0408,2026-03-01,586000,6.2,96.0,Good
PERF_004892,EMP_0408,2026-04-01,488000,14.1,88.6,Good
PERF_004893,EMP_0408,2026-05-01,583000,12.1,91.5,Average
PERF_004894,EMP_0408,2026-06-01,369000,15.3,95.3,Average
PERF_004895,EMP_0408,2026-07-01,531000,5.9,91.0,Average
PERF_004896,EMP_0408,2026-08-01,497000,13.4,100.0,Excellent
PERF_004897,EMP_0409,2025-09-01,487000,14.7,97.0,Good
PERF_004898,EMP_0409,2025-10-01,269000,12.8,91.2,Excellent
PERF_004899,EMP_0409,2025-11-01,534000,8.0,95.5,Good
PERF_004900,EMP_0409,2025-12-01,414000,5.6,92.5,Good
PERF_004901,EMP_0409,2026-01-01,201000,2.8,95.9,Excellent
PERF_004902,EMP_0409,2026-02-01,447000,5.3,93.6,Good
PERF_004903,EMP_0409,2026-03-01,291000,15.0,92.0,Good
PERF_004904,EMP_0409,2026-04-01,470000,11.3,85.9,Good
PERF_004905,EMP_0409,2026-05-01,220000,3.5,94.0,Good
PERF_004906,EMP_0409,2026-06-01,226000,2.7,97.3,Average
PERF_004907,EMP_0409,2026-07-01,380000,8.7,98.2,Good
PERF_004908,EMP_0409,2026-08-01,360000,12.7,96.7,Good
PERF_004909,EMP_0410,2025-09-01,903000,11.7,97.8,Good
PERF_004910,EMP_0410,2025-10-01,1210000,7.8,91.3,Good
PERF_004911,EMP_0410,2025-11-01,1068000,11.9,96.4,Good
PERF_004912,EMP_0410,2025-12-01,753000,5.7,96.4,Average
PERF_004913,EMP_0410,2026-01-01,1320000,13.4,95.9,Good
PERF_004914,EMP_0410,2026-02-01,1141000,5.3,97.3,Good
PERF_004915,EMP_0410,2026-03-01,1298000,2.9,87.0,Good
PERF_004916,EMP_0410,2026-04-01,1421000,12.8,94.4,Needs Improvement
PERF_004917,EMP_0410,2026-05-01,1019000,6.7,96.5,Excellent
PERF_004918,EMP_0410,2026-06-01,1453000,8.7,92.5,Good
PERF_004919,EMP_0410,2026-07-01,1444000,8.0,91.4,Good
PERF_004920,EMP_0410,2026-08-01,1403000,12.4,90.4,Good
PERF_004921,EMP_0411,2025-09-01,296000,4.3,98.1,Average
PERF_004922,EMP_0411,2025-10-01,505000,8.1,87.0,Good
PERF_004923,EMP_0411,2025-11-01,221000,11.5,93.9,Average
PERF_004924,EMP_0411,2025-12-01,293000,6.5,96.0,Good
PERF_004925,EMP_0411,2026-01-01,347000,16.7,91.5,Good
PERF_004926,EMP_0411,2026-02-01,470000,17.1,97.4,Average
PERF_004927,EMP_0411,2026-03-01,329000,4.3,91.6,Good
PERF_004928,EMP_0411,2026-04-01,552000,17.2,96.5,Good
PERF_004929,EMP_0411,2026-05-01,244000,8.7,95.3,Good
PERF_004930,EMP_0411,2026-06-01,515000,16.3,93.7,Good
PERF_004931,EMP_0411,2026-07-01,586000,5.2,97.9,Excellent
PERF_004932,EMP_0411,2026-08-01,464000,11.6,94.3,Excellent
PERF_004933,EMP_0412,2025-09-01,1039000,11.4,97.8,Average
PERF_004934,EMP_0412,2025-10-01,1412000,16.6,87.3,Excellent
PERF_004935,EMP_0412,2025-11-01,1460000,13.0,90.8,Average
PERF_004936,EMP_0412,2025-12-01,504000,10.0,88.8,Excellent
PERF_004937,EMP_0412,2026-01-01,1071000,12.9,94.1,Good
PERF_004938,EMP_0412,2026-02-01,1062000,16.6,91.0,Good
PERF_004939,EMP_0412,2026-03-01,749000,7.2,96.9,Good
PERF_004940,EMP_0412,2026-04-01,938000,2.1,89.9,Excellent
PERF_004941,EMP_0412,2026-05-01,1077000,11.5,98.7,Good
PERF_004942,EMP_0412,2026-06-01,1051000,6.1,98.2,Average
PERF_004943,EMP_0412,2026-07-01,1012000,4.2,87.2,Excellent
PERF_004944,EMP_0412,2026-08-01,1227000,10.3,93.1,Good
PERF_004945,EMP_0413,2025-09-01,744000,11.0,92.2,Excellent
PERF_004946,EMP_0413,2025-10-01,1070000,6.3,94.5,Average
PERF_004947,EMP_0413,2025-11-01,1012000,8.1,96.0,Good
PERF_004948,EMP_0413,2025-12-01,1075000,15.2,93.6,Average
PERF_004949,EMP_0413,2026-01-01,859000,16.6,90.9,Average
PERF_004950,EMP_0413,2026-02-01,851000,8.0,91.3,Excellent
PERF_004951,EMP_0413,2026-03-01,1057000,8.4,90.8,Average
PERF_004952,EMP_0413,2026-04-01,922000,12.6,90.7,Needs Improvement
PERF_004953,EMP_0413,2026-05-01,867000,10.8,98.6,Average
PERF_004954,EMP_0413,2026-06-01,1376000,4.6,93.6,Good
PERF_004955,EMP_0413,2026-07-01,624000,3.9,80.9,Good
PERF_004956,EMP_0413,2026-08-01,758000,12.6,98.5,Good
PERF_004957,EMP_0414,2025-09-01,1451000,7.9,91.0,Good
PERF_004958,EMP_0414,2025-10-01,1039000,7.0,90.2,Good
PERF_004959,EMP_0414,2025-11-01,1080000,16.9,93.5,Excellent
PERF_004960,EMP_0414,2025-12-01,1423000,16.4,87.3,Excellent
PERF_004961,EMP_0414,2026-01-01,1165000,17.2,86.0,Good
PERF_004962,EMP_0414,2026-02-01,1211000,16.9,94.8,Good
PERF_004963,EMP_0414,2026-03-01,1392000,11.4,91.7,Excellent
PERF_004964,EMP_0414,2026-04-01,1491000,5.9,91.1,Excellent
PERF_004965,EMP_0414,2026-05-01,818000,17.0,88.4,Good
PERF_004966,EMP_0414,2026-06-01,1142000,6.3,92.8,Good
PERF_004967,EMP_0414,2026-07-01,972000,4.0,87.1,Good
PERF_004968,EMP_0414,2026-08-01,1119000,3.6,95.8,Good
PERF_004969,EMP_0415,2025-09-01,298000,14.3,92.4,Good
PERF_004970,EMP_0415,2025-10-01,521000,12.1,88.2,Average
PERF_004971,EMP_0415,2025-11-01,361000,5.2,96.7,Good
PERF_004972,EMP_0415,2025-12-01,483000,15.4,95.1,Good
PERF_004973,EMP_0415,2026-01-01,467000,5.1,92.2,Excellent
PERF_004974,EMP_0415,2026-02-01,541000,6.0,92.4,Excellent
PERF_004975,EMP_0415,2026-03-01,526000,3.1,92.2,Excellent
PERF_004976,EMP_0415,2026-04-01,239000,6.0,96.5,Good
PERF_004977,EMP_0415,2026-05-01,258000,8.5,92.6,Good
PERF_004978,EMP_0415,2026-06-01,331000,4.6,93.9,Excellent
PERF_004979,EMP_0415,2026-07-01,484000,13.0,97.9,Good
PERF_004980,EMP_0415,2026-08-01,569000,12.4,99.3,Good
PERF_004981,EMP_0416,2025-09-01,591000,11.1,91.0,Excellent
PERF_004982,EMP_0416,2025-10-01,344000,16.4,93.0,Good
PERF_004983,EMP_0416,2025-11-01,279000,3.5,94.7,Average
PERF_004984,EMP_0416,2025-12-01,570000,8.8,92.6,Good
PERF_004985,EMP_0416,2026-01-01,424000,10.1,82.7,Good
PERF_004986,EMP_0416,2026-02-01,351000,7.0,88.7,Average
PERF_004987,EMP_0416,2026-03-01,268000,7.4,90.0,Good
PERF_004988,EMP_0416,2026-04-01,457000,4.9,96.4,Excellent
PERF_004989,EMP_0416,2026-05-01,393000,6.8,97.8,Good
PERF_004990,EMP_0416,2026-06-01,511000,3.8,91.7,Good
PERF_004991,EMP_0416,2026-07-01,209000,15.9,94.4,Average
PERF_004992,EMP_0416,2026-08-01,208000,11.9,88.8,Good
PERF_004993,EMP_0417,2025-09-01,312000,8.1,94.6,Good
PERF_004994,EMP_0417,2025-10-01,501000,11.7,92.3,Good
PERF_004995,EMP_0417,2025-11-01,369000,4.9,92.8,Good
PERF_004996,EMP_0417,2025-12-01,584000,14.4,86.2,Good
PERF_004997,EMP_0417,2026-01-01,219000,13.2,99.7,Good
PERF_004998,EMP_0417,2026-02-01,348000,14.3,95.1,Good
PERF_004999,EMP_0417,2026-03-01,545000,2.0,97.9,Good
PERF_005000,EMP_0417,2026-04-01,295000,11.3,91.7,Good
PERF_005001,EMP_0417,2026-05-01,432000,4.8,96.6,Good
PERF_005002,EMP_0417,2026-06-01,515000,12.2,88.3,Average
PERF_005003,EMP_0417,2026-07-01,315000,6.0,88.2,Excellent
PERF_005004,EMP_0417,2026-08-01,265000,5.2,94.3,Good
PERF_005005,EMP_0418,2025-09-01,330000,17.2,96.6,Good
PERF_005006,EMP_0418,2025-10-01,378000,13.4,90.1,Good
PERF_005007,EMP_0418,2025-11-01,371000,15.9,96.8,Good
PERF_005008,EMP_0418,2025-12-01,303000,15.0,97.5,Good
PERF_005009,EMP_0418,2026-01-01,209000,2.0,100.0,Good
PERF_005010,EMP_0418,2026-02-01,349000,2.7,89.5,Good
PERF_005011,EMP_0418,2026-03-01,540000,6.9,97.0,Good
PERF_005012,EMP_0418,2026-04-01,517000,11.4,92.7,Good
PERF_005013,EMP_0418,2026-05-01,468000,3.4,90.4,Average
PERF_005014,EMP_0418,2026-06-01,595000,3.2,96.0,Good
PERF_005015,EMP_0418,2026-07-01,294000,11.7,94.1,Excellent
PERF_005016,EMP_0418,2026-08-01,285000,13.4,95.5,Excellent
PERF_005017,EMP_0419,2025-09-01,225000,9.8,86.0,Good
PERF_005018,EMP_0419,2025-10-01,346000,9.3,96.1,Average
PERF_005019,EMP_0419,2025-11-01,337000,14.2,98.7,Average
PERF_005020,EMP_0419,2025-12-01,445000,11.4,84.8,Good
PERF_005021,EMP_0419,2026-01-01,544000,3.6,98.5,Average
PERF_005022,EMP_0419,2026-02-01,582000,16.7,88.2,Good
PERF_005023,EMP_0419,2026-03-01,493000,12.5,93.7,Average
PERF_005024,EMP_0419,2026-04-01,281000,10.7,93.3,Needs Improvement
PERF_005025,EMP_0419,2026-05-01,326000,6.1,90.4,Good
PERF_005026,EMP_0419,2026-06-01,309000,7.4,91.8,Good
PERF_005027,EMP_0419,2026-07-01,389000,3.6,82.2,Good
PERF_005028,EMP_0419,2026-08-01,582000,11.9,95.8,Excellent
PERF_005029,EMP_0420,2025-09-01,295000,17.7,95.3,Good
PERF_005030,EMP_0420,2025-10-01,458000,5.5,99.5,Average
PERF_005031,EMP_0420,2025-11-01,325000,6.8,88.8,Good
PERF_005032,EMP_0420,2025-12-01,327000,4.4,94.3,Good
PERF_005033,EMP_0420,2026-01-01,254000,15.5,99.2,Good
PERF_005034,EMP_0420,2026-02-01,288000,11.9,91.6,Needs Improvement
PERF_005035,EMP_0420,2026-03-01,276000,16.8,92.0,Average
PERF_005036,EMP_0420,2026-04-01,542000,16.2,97.7,Good
PERF_005037,EMP_0420,2026-05-01,480000,16.5,91.2,Good
PERF_005038,EMP_0420,2026-06-01,223000,4.5,95.2,Good
PERF_005039,EMP_0420,2026-07-01,371000,14.1,85.8,Needs Improvement
PERF_005040,EMP_0420,2026-08-01,363000,5.3,93.1,Good
PERF_005041,EMP_0421,2025-09-01,594000,7.9,91.9,Good
PERF_005042,EMP_0421,2025-10-01,296000,10.4,93.5,Excellent
PERF_005043,EMP_0421,2025-11-01,393000,5.7,91.8,Needs Improvement
PERF_005044,EMP_0421,2025-12-01,292000,10.2,89.1,Average
PERF_005045,EMP_0421,2026-01-01,232000,12.6,89.9,Good
PERF_005046,EMP_0421,2026-02-01,255000,14.7,86.9,Good
PERF_005047,EMP_0421,2026-03-01,274000,13.6,96.9,Average
PERF_005048,EMP_0421,2026-04-01,580000,10.8,97.8,Average
PERF_005049,EMP_0421,2026-05-01,382000,5.6,91.2,Average
PERF_005050,EMP_0421,2026-06-01,275000,9.1,94.3,Average
PERF_005051,EMP_0421,2026-07-01,325000,8.3,86.1,Excellent
PERF_005052,EMP_0421,2026-08-01,234000,5.4,90.3,Average
PERF_005053,EMP_0422,2025-09-01,590000,6.4,93.0,Good
PERF_005054,EMP_0422,2025-10-01,222000,10.3,89.6,Good
PERF_005055,EMP_0422,2025-11-01,278000,5.2,93.2,Good
PERF_005056,EMP_0422,2025-12-01,287000,2.9,99.4,Good
PERF_005057,EMP_0422,2026-01-01,502000,10.8,96.9,Average
PERF_005058,EMP_0422,2026-02-01,483000,11.8,91.9,Excellent
PERF_005059,EMP_0422,2026-03-01,456000,6.7,92.3,Average
PERF_005060,EMP_0422,2026-04-01,323000,12.9,96.0,Excellent
PERF_005061,EMP_0422,2026-05-01,389000,15.4,93.7,Average
PERF_005062,EMP_0422,2026-06-01,506000,2.1,91.3,Good
PERF_005063,EMP_0422,2026-07-01,513000,2.3,84.8,Good
PERF_005064,EMP_0422,2026-08-01,346000,2.5,93.6,Good
PERF_005065,EMP_0423,2025-09-01,1145000,5.2,92.4,Good
PERF_005066,EMP_0423,2025-10-01,753000,10.3,93.6,Good
PERF_005067,EMP_0423,2025-11-01,1379000,17.8,98.4,Average
PERF_005068,EMP_0423,2025-12-01,1462000,10.1,97.3,Excellent
PERF_005069,EMP_0423,2026-01-01,568000,5.5,98.7,Excellent
PERF_005070,EMP_0423,2026-02-01,1111000,6.2,90.4,Good
PERF_005071,EMP_0423,2026-03-01,900000,12.4,93.1,Average
PERF_005072,EMP_0423,2026-04-01,532000,11.6,95.9,Excellent
PERF_005073,EMP_0423,2026-05-01,1420000,11.3,97.6,Excellent
PERF_005074,EMP_0423,2026-06-01,1239000,17.2,96.3,Good
PERF_005075,EMP_0423,2026-07-01,793000,17.3,92.9,Excellent
PERF_005076,EMP_0423,2026-08-01,869000,10.4,88.4,Excellent
PERF_005077,EMP_0424,2025-09-01,1304000,5.6,84.6,Good
PERF_005078,EMP_0424,2025-10-01,1248000,15.2,90.9,Good
PERF_005079,EMP_0424,2025-11-01,932000,6.8,90.2,Needs Improvement
PERF_005080,EMP_0424,2025-12-01,1267000,11.8,91.8,Average
PERF_005081,EMP_0424,2026-01-01,952000,7.7,87.1,Good
PERF_005082,EMP_0424,2026-02-01,698000,12.7,84.0,Excellent
PERF_005083,EMP_0424,2026-03-01,993000,10.3,95.8,Average
PERF_005084,EMP_0424,2026-04-01,780000,6.1,99.3,Good
PERF_005085,EMP_0424,2026-05-01,622000,12.1,98.6,Good
PERF_005086,EMP_0424,2026-06-01,639000,9.7,90.0,Good
PERF_005087,EMP_0424,2026-07-01,1410000,12.0,93.6,Excellent
PERF_005088,EMP_0424,2026-08-01,1058000,11.6,90.9,Good
PERF_005089,EMP_0425,2025-09-01,538000,7.6,90.3,Needs Improvement
PERF_005090,EMP_0425,2025-10-01,279000,11.9,94.3,Average
PERF_005091,EMP_0425,2025-11-01,385000,7.7,86.9,Average
PERF_005092,EMP_0425,2025-12-01,341000,3.9,87.3,Needs Improvement
PERF_005093,EMP_0425,2026-01-01,390000,16.6,97.9,Good
PERF_005094,EMP_0425,2026-02-01,227000,9.8,93.5,Excellent
PERF_005095,EMP_0425,2026-03-01,450000,5.3,87.7,Average
PERF_005096,EMP_0425,2026-04-01,354000,9.0,100.0,Average
PERF_005097,EMP_0425,2026-05-01,342000,4.1,88.9,Good
PERF_005098,EMP_0425,2026-06-01,392000,7.7,86.0,Needs Improvement
PERF_005099,EMP_0425,2026-07-01,308000,5.9,89.2,Good
PERF_005100,EMP_0425,2026-08-01,492000,14.4,86.9,Excellent
PERF_005101,EMP_0426,2025-09-01,1421000,14.5,94.3,Good
PERF_005102,EMP_0426,2025-10-01,741000,4.6,99.2,Average
PERF_005103,EMP_0426,2025-11-01,709000,4.6,93.1,Excellent
PERF_005104,EMP_0426,2025-12-01,1419000,2.1,88.8,Good
PERF_005105,EMP_0426,2026-01-01,1433000,4.2,98.7,Good
PERF_005106,EMP_0426,2026-02-01,1435000,9.6,94.0,Good
PERF_005107,EMP_0426,2026-03-01,691000,6.6,92.2,Average
PERF_005108,EMP_0426,2026-04-01,555000,15.6,88.1,Good
PERF_005109,EMP_0426,2026-05-01,815000,4.7,94.6,Excellent
PERF_005110,EMP_0426,2026-06-01,1129000,11.6,87.8,Good
PERF_005111,EMP_0426,2026-07-01,990000,5.0,95.3,Needs Improvement
PERF_005112,EMP_0426,2026-08-01,1333000,7.1,99.6,Excellent
PERF_005113,EMP_0427,2025-09-01,934000,13.6,93.5,Needs Improvement
PERF_005114,EMP_0427,2025-10-01,796000,8.7,85.6,Good
PERF_005115,EMP_0427,2025-11-01,1399000,4.7,87.8,Good
PERF_005116,EMP_0427,2025-12-01,739000,8.2,90.9,Needs Improvement
PERF_005117,EMP_0427,2026-01-01,902000,16.2,94.3,Excellent
PERF_005118,EMP_0427,2026-02-01,1056000,10.7,91.1,Good
PERF_005119,EMP_0427,2026-03-01,541000,13.0,88.1,Excellent
PERF_005120,EMP_0427,2026-04-01,583000,13.1,94.8,Good
PERF_005121,EMP_0427,2026-05-01,1493000,14.7,96.2,Good
PERF_005122,EMP_0427,2026-06-01,916000,8.4,96.4,Good
PERF_005123,EMP_0427,2026-07-01,1380000,17.6,96.3,Excellent
PERF_005124,EMP_0427,2026-08-01,1302000,2.8,94.2,Average
PERF_005125,EMP_0428,2025-09-01,552000,2.5,93.0,Good
PERF_005126,EMP_0428,2025-10-01,300000,14.4,94.4,Average
PERF_005127,EMP_0428,2025-11-01,386000,6.7,93.3,Good
PERF_005128,EMP_0428,2025-12-01,591000,8.5,89.5,Good
PERF_005129,EMP_0428,2026-01-01,426000,7.8,82.4,Good
PERF_005130,EMP_0428,2026-02-01,204000,13.3,87.4,Good
PERF_005131,EMP_0428,2026-03-01,217000,13.1,85.0,Good
PERF_005132,EMP_0428,2026-04-01,204000,3.2,96.0,Good
PERF_005133,EMP_0428,2026-05-01,566000,9.0,100.0,Good
PERF_005134,EMP_0428,2026-06-01,244000,9.4,96.4,Good
PERF_005135,EMP_0428,2026-07-01,522000,16.1,96.7,Good
PERF_005136,EMP_0428,2026-08-01,293000,11.8,93.2,Average
PERF_005137,EMP_0429,2025-09-01,972000,9.1,95.6,Excellent
PERF_005138,EMP_0429,2025-10-01,760000,12.0,100.0,Good
PERF_005139,EMP_0429,2025-11-01,1492000,9.5,94.4,Good
PERF_005140,EMP_0429,2025-12-01,1318000,15.9,97.0,Good
PERF_005141,EMP_0429,2026-01-01,629000,8.9,95.9,Good
PERF_005142,EMP_0429,2026-02-01,1244000,2.0,87.5,Good
PERF_005143,EMP_0429,2026-03-01,815000,2.9,87.3,Needs Improvement
PERF_005144,EMP_0429,2026-04-01,1309000,12.7,94.2,Excellent
PERF_005145,EMP_0429,2026-05-01,910000,5.1,92.7,Average
PERF_005146,EMP_0429,2026-06-01,932000,9.5,89.8,Good
PERF_005147,EMP_0429,2026-07-01,982000,11.3,87.6,Good
PERF_005148,EMP_0429,2026-08-01,1202000,8.6,91.4,Average
PERF_005149,EMP_0430,2025-09-01,1359000,7.5,90.3,Good
PERF_005150,EMP_0430,2025-10-01,554000,17.7,90.6,Average
PERF_005151,EMP_0430,2025-11-01,1222000,7.4,90.3,Excellent
PERF_005152,EMP_0430,2025-12-01,629000,9.0,95.1,Good
PERF_005153,EMP_0430,2026-01-01,1078000,8.3,90.9,Average
PERF_005154,EMP_0430,2026-02-01,585000,5.8,94.5,Average
PERF_005155,EMP_0430,2026-03-01,657000,4.6,92.0,Good
PERF_005156,EMP_0430,2026-04-01,745000,11.8,97.9,Average
PERF_005157,EMP_0430,2026-05-01,1368000,5.3,89.7,Excellent
PERF_005158,EMP_0430,2026-06-01,996000,11.1,94.1,Average
PERF_005159,EMP_0430,2026-07-01,1001000,15.4,92.8,Average
PERF_005160,EMP_0430,2026-08-01,1466000,11.7,99.7,Excellent
PERF_005161,EMP_0431,2025-09-01,719000,14.3,91.9,Good
PERF_005162,EMP_0431,2025-10-01,757000,17.2,89.9,Average
PERF_005163,EMP_0431,2025-11-01,790000,15.9,91.4,Average
PERF_005164,EMP_0431,2025-12-01,1094000,14.2,91.7,Good
PERF_005165,EMP_0431,2026-01-01,685000,5.9,86.6,Excellent
PERF_005166,EMP_0431,2026-02-01,648000,6.2,87.9,Good
PERF_005167,EMP_0431,2026-03-01,1211000,12.2,92.2,Excellent
PERF_005168,EMP_0431,2026-04-01,1232000,14.9,86.9,Good
PERF_005169,EMP_0431,2026-05-01,1031000,11.6,89.9,Good
PERF_005170,EMP_0431,2026-06-01,728000,8.6,95.5,Good
PERF_005171,EMP_0431,2026-07-01,536000,13.9,94.4,Needs Improvement
PERF_005172,EMP_0431,2026-08-01,552000,15.6,89.8,Excellent
PERF_005173,EMP_0432,2025-09-01,491000,9.2,94.2,Good
PERF_005174,EMP_0432,2025-10-01,206000,4.8,97.8,Good
PERF_005175,EMP_0432,2025-11-01,422000,11.7,94.3,Good
PERF_005176,EMP_0432,2025-12-01,331000,4.2,96.1,Good
PERF_005177,EMP_0432,2026-01-01,519000,4.9,97.1,Good
PERF_005178,EMP_0432,2026-02-01,340000,17.5,89.9,Good
PERF_005179,EMP_0432,2026-03-01,451000,15.1,87.7,Average
PERF_005180,EMP_0432,2026-04-01,254000,7.0,90.6,Good
PERF_005181,EMP_0432,2026-05-01,553000,6.6,86.3,Good
PERF_005182,EMP_0432,2026-06-01,318000,4.5,87.9,Good
PERF_005183,EMP_0432,2026-07-01,377000,6.4,95.1,Excellent
PERF_005184,EMP_0432,2026-08-01,331000,13.4,97.6,Good
PERF_005185,EMP_0433,2025-09-01,903000,7.5,90.8,Good
PERF_005186,EMP_0433,2025-10-01,1141000,16.5,88.8,Excellent
PERF_005187,EMP_0433,2025-11-01,1228000,16.3,90.2,Average
PERF_005188,EMP_0433,2025-12-01,1411000,8.3,87.7,Good
PERF_005189,EMP_0433,2026-01-01,521000,17.9,85.1,Good
PERF_005190,EMP_0433,2026-02-01,1174000,12.0,94.2,Excellent
PERF_005191,EMP_0433,2026-03-01,1236000,13.5,90.0,Good
PERF_005192,EMP_0433,2026-04-01,547000,12.7,97.3,Good
PERF_005193,EMP_0433,2026-05-01,567000,10.5,93.3,Good
PERF_005194,EMP_0433,2026-06-01,549000,10.3,93.0,Good
PERF_005195,EMP_0433,2026-07-01,1048000,10.7,89.1,Excellent
PERF_005196,EMP_0433,2026-08-01,916000,10.2,98.2,Average
PERF_005197,EMP_0434,2025-09-01,374000,15.4,94.3,Excellent
PERF_005198,EMP_0434,2025-10-01,498000,3.7,91.9,Average
PERF_005199,EMP_0434,2025-11-01,308000,17.8,93.7,Good
PERF_005200,EMP_0434,2025-12-01,230000,17.4,89.0,Average
PERF_005201,EMP_0434,2026-01-01,403000,7.3,95.0,Good
PERF_005202,EMP_0434,2026-02-01,263000,5.5,93.7,Good
PERF_005203,EMP_0434,2026-03-01,385000,15.7,93.3,Good
PERF_005204,EMP_0434,2026-04-01,447000,5.0,96.5,Average
PERF_005205,EMP_0434,2026-05-01,275000,5.6,90.6,Average
PERF_005206,EMP_0434,2026-06-01,531000,9.2,96.9,Excellent
PERF_005207,EMP_0434,2026-07-01,380000,16.2,91.4,Good
PERF_005208,EMP_0434,2026-08-01,278000,16.7,93.5,Average
PERF_005209,EMP_0435,2025-09-01,1074000,2.9,88.5,Good
PERF_005210,EMP_0435,2025-10-01,1223000,16.8,98.4,Good
PERF_005211,EMP_0435,2025-11-01,800000,4.8,94.8,Excellent
PERF_005212,EMP_0435,2025-12-01,905000,16.2,92.2,Good
PERF_005213,EMP_0435,2026-01-01,1262000,15.8,88.2,Needs Improvement
PERF_005214,EMP_0435,2026-02-01,834000,15.2,93.4,Excellent
PERF_005215,EMP_0435,2026-03-01,1297000,8.1,95.4,Average
PERF_005216,EMP_0435,2026-04-01,1204000,4.4,93.0,Good
PERF_005217,EMP_0435,2026-05-01,1333000,9.7,94.1,Average
PERF_005218,EMP_0435,2026-06-01,908000,5.3,89.2,Good
PERF_005219,EMP_0435,2026-07-01,1432000,5.3,96.8,Average
PERF_005220,EMP_0435,2026-08-01,1049000,13.4,87.8,Good
PERF_005221,EMP_0436,2025-09-01,444000,14.1,100.0,Good
PERF_005222,EMP_0436,2025-10-01,230000,17.8,100.0,Needs Improvement
PERF_005223,EMP_0436,2025-11-01,267000,6.2,92.5,Good
PERF_005224,EMP_0436,2025-12-01,467000,13.7,86.8,Good
PERF_005225,EMP_0436,2026-01-01,447000,8.7,95.7,Excellent
PERF_005226,EMP_0436,2026-02-01,388000,8.2,91.9,Excellent
PERF_005227,EMP_0436,2026-03-01,563000,4.5,93.7,Good
PERF_005228,EMP_0436,2026-04-01,577000,9.0,94.5,Average
PERF_005229,EMP_0436,2026-05-01,551000,11.1,98.9,Excellent
PERF_005230,EMP_0436,2026-06-01,593000,15.2,89.1,Good
PERF_005231,EMP_0436,2026-07-01,483000,2.4,95.6,Excellent
PERF_005232,EMP_0436,2026-08-01,493000,7.7,88.4,Good
PERF_005233,EMP_0437,2025-09-01,569000,13.3,95.8,Average
PERF_005234,EMP_0437,2025-10-01,232000,6.5,94.2,Good
PERF_005235,EMP_0437,2025-11-01,598000,15.1,99.1,Good
PERF_005236,EMP_0437,2025-12-01,482000,9.5,94.2,Needs Improvement
PERF_005237,EMP_0437,2026-01-01,470000,14.8,97.2,Average
PERF_005238,EMP_0437,2026-02-01,419000,15.5,94.0,Average
PERF_005239,EMP_0437,2026-03-01,397000,14.1,88.8,Good
PERF_005240,EMP_0437,2026-04-01,271000,14.0,95.4,Good
PERF_005241,EMP_0437,2026-05-01,317000,11.1,90.6,Good
PERF_005242,EMP_0437,2026-06-01,438000,13.1,92.4,Average
PERF_005243,EMP_0437,2026-07-01,379000,17.4,97.0,Good
PERF_005244,EMP_0437,2026-08-01,233000,13.7,90.1,Excellent
PERF_005245,EMP_0438,2025-09-01,504000,6.2,91.9,Needs Improvement
PERF_005246,EMP_0438,2025-10-01,284000,9.7,91.3,Average
PERF_005247,EMP_0438,2025-11-01,549000,3.4,93.5,Good
PERF_005248,EMP_0438,2025-12-01,428000,9.5,96.1,Needs Improvement
PERF_005249,EMP_0438,2026-01-01,575000,7.7,92.3,Good
PERF_005250,EMP_0438,2026-02-01,224000,5.1,89.1,Good
PERF_005251,EMP_0438,2026-03-01,584000,4.5,88.9,Excellent
PERF_005252,EMP_0438,2026-04-01,355000,15.8,85.9,Excellent
PERF_005253,EMP_0438,2026-05-01,383000,9.5,90.3,Average
PERF_005254,EMP_0438,2026-06-01,542000,4.1,94.1,Good
PERF_005255,EMP_0438,2026-07-01,408000,6.8,82.9,Excellent
PERF_005256,EMP_0438,2026-08-01,402000,3.2,88.3,Average
PERF_005257,EMP_0439,2025-09-01,412000,11.7,100.0,Good
PERF_005258,EMP_0439,2025-10-01,214000,10.3,93.1,Average
PERF_005259,EMP_0439,2025-11-01,497000,6.3,91.3,Good
PERF_005260,EMP_0439,2025-12-01,349000,14.1,93.0,Average
PERF_005261,EMP_0439,2026-01-01,324000,14.6,100.0,Good
PERF_005262,EMP_0439,2026-02-01,277000,2.6,93.9,Average
PERF_005263,EMP_0439,2026-03-01,363000,12.1,91.3,Excellent
PERF_005264,EMP_0439,2026-04-01,555000,10.0,92.4,Good
PERF_005265,EMP_0439,2026-05-01,568000,13.0,98.5,Excellent
PERF_005266,EMP_0439,2026-06-01,273000,6.5,92.0,Average
PERF_005267,EMP_0439,2026-07-01,281000,5.5,89.9,Good
PERF_005268,EMP_0439,2026-08-01,263000,10.7,87.7,Needs Improvement
PERF_005269,EMP_0440,2025-09-01,329000,5.9,87.0,Average
PERF_005270,EMP_0440,2025-10-01,480000,12.3,89.6,Good
PERF_005271,EMP_0440,2025-11-01,210000,9.9,91.2,Good
PERF_005272,EMP_0440,2025-12-01,238000,15.5,95.4,Good
PERF_005273,EMP_0440,2026-01-01,284000,9.1,94.0,Good
PERF_005274,EMP_0440,2026-02-01,414000,10.9,99.8,Good
PERF_005275,EMP_0440,2026-03-01,599000,15.2,94.1,Excellent
PERF_005276,EMP_0440,2026-04-01,600000,9.2,94.4,Average
PERF_005277,EMP_0440,2026-05-01,488000,6.4,98.7,Good
PERF_005278,EMP_0440,2026-06-01,594000,9.0,92.2,Needs Improvement
PERF_005279,EMP_0440,2026-07-01,558000,10.4,93.2,Average
PERF_005280,EMP_0440,2026-08-01,567000,6.1,94.3,Good
PERF_005281,EMP_0441,2025-09-01,506000,10.2,88.5,Excellent
PERF_005282,EMP_0441,2025-10-01,282000,12.1,90.4,Average
PERF_005283,EMP_0441,2025-11-01,563000,10.5,86.7,Good
PERF_005284,EMP_0441,2025-12-01,585000,4.9,97.1,Good
PERF_005285,EMP_0441,2026-01-01,572000,4.0,94.6,Good
PERF_005286,EMP_0441,2026-02-01,384000,11.5,95.1,Average
PERF_005287,EMP_0441,2026-03-01,401000,14.5,95.2,Average
PERF_005288,EMP_0441,2026-04-01,411000,5.1,91.3,Good
PERF_005289,EMP_0441,2026-05-01,589000,9.1,98.2,Average
PERF_005290,EMP_0441,2026-06-01,212000,3.1,92.1,Excellent
PERF_005291,EMP_0441,2026-07-01,328000,6.0,90.4,Average
PERF_005292,EMP_0441,2026-08-01,432000,5.7,95.4,Excellent
PERF_005293,EMP_0442,2025-09-01,942000,13.3,86.8,Good
PERF_005294,EMP_0442,2025-10-01,647000,3.8,85.6,Good
PERF_005295,EMP_0442,2025-11-01,1232000,3.9,91.7,Good
PERF_005296,EMP_0442,2025-12-01,530000,8.9,92.6,Needs Improvement
PERF_005297,EMP_0442,2026-01-01,709000,10.5,91.0,Excellent
PERF_005298,EMP_0442,2026-02-01,634000,11.7,89.8,Average
PERF_005299,EMP_0442,2026-03-01,1152000,8.4,92.5,Excellent
PERF_005300,EMP_0442,2026-04-01,520000,3.8,100.0,Good
PERF_005301,EMP_0442,2026-05-01,806000,12.8,97.2,Excellent
PERF_005302,EMP_0442,2026-06-01,767000,6.0,94.7,Good
PERF_005303,EMP_0442,2026-07-01,519000,15.4,95.3,Good
PERF_005304,EMP_0442,2026-08-01,1261000,5.7,86.4,Average
PERF_005305,EMP_0443,2025-09-01,209000,4.0,94.4,Good
PERF_005306,EMP_0443,2025-10-01,319000,16.8,88.9,Average
PERF_005307,EMP_0443,2025-11-01,432000,12.7,89.0,Good
PERF_005308,EMP_0443,2025-12-01,298000,12.2,97.7,Good
PERF_005309,EMP_0443,2026-01-01,452000,13.1,100.0,Excellent
PERF_005310,EMP_0443,2026-02-01,264000,2.5,93.8,Good
PERF_005311,EMP_0443,2026-03-01,272000,8.2,82.9,Average
PERF_005312,EMP_0443,2026-04-01,237000,14.9,91.5,Average
PERF_005313,EMP_0443,2026-05-01,596000,4.2,92.7,Excellent
PERF_005314,EMP_0443,2026-06-01,224000,10.5,92.8,Good
PERF_005315,EMP_0443,2026-07-01,369000,7.0,95.1,Average
PERF_005316,EMP_0443,2026-08-01,578000,8.9,88.5,Average
PERF_005317,EMP_0444,2025-09-01,1243000,6.6,95.3,Good
PERF_005318,EMP_0444,2025-10-01,638000,4.4,100.0,Excellent
PERF_005319,EMP_0444,2025-11-01,872000,7.8,91.1,Good
PERF_005320,EMP_0444,2025-12-01,837000,6.7,91.6,Good
PERF_005321,EMP_0444,2026-01-01,1175000,4.0,96.6,Average
PERF_005322,EMP_0444,2026-02-01,840000,6.5,94.9,Average
PERF_005323,EMP_0444,2026-03-01,879000,2.3,88.2,Excellent
PERF_005324,EMP_0444,2026-04-01,561000,17.6,92.2,Average
PERF_005325,EMP_0444,2026-05-01,872000,7.5,96.1,Good
PERF_005326,EMP_0444,2026-06-01,676000,14.0,94.1,Good
PERF_005327,EMP_0444,2026-07-01,968000,17.9,93.2,Good
PERF_005328,EMP_0444,2026-08-01,891000,11.2,86.0,Good
PERF_005329,EMP_0445,2025-09-01,566000,17.5,90.0,Good
PERF_005330,EMP_0445,2025-10-01,287000,12.4,94.2,Average
PERF_005331,EMP_0445,2025-11-01,563000,7.5,91.5,Average
PERF_005332,EMP_0445,2025-12-01,593000,2.6,94.8,Average
PERF_005333,EMP_0445,2026-01-01,337000,14.0,95.9,Average
PERF_005334,EMP_0445,2026-02-01,486000,10.8,94.6,Good
PERF_005335,EMP_0445,2026-03-01,413000,6.7,91.4,Excellent
PERF_005336,EMP_0445,2026-04-01,567000,4.6,91.5,Good
PERF_005337,EMP_0445,2026-05-01,255000,6.9,96.7,Good
PERF_005338,EMP_0445,2026-06-01,396000,11.5,99.4,Average
PERF_005339,EMP_0445,2026-07-01,420000,16.1,92.2,Average
PERF_005340,EMP_0445,2026-08-01,430000,13.2,89.8,Average
PERF_005341,EMP_0446,2025-09-01,686000,7.2,97.2,Good
PERF_005342,EMP_0446,2025-10-01,1065000,14.2,92.1,Good
PERF_005343,EMP_0446,2025-11-01,1290000,17.6,100.0,Good
PERF_005344,EMP_0446,2025-12-01,1326000,6.6,91.4,Excellent
PERF_005345,EMP_0446,2026-01-01,969000,5.5,92.9,Good
PERF_005346,EMP_0446,2026-02-01,1087000,15.2,98.1,Good
PERF_005347,EMP_0446,2026-03-01,1109000,16.8,93.4,Average
PERF_005348,EMP_0446,2026-04-01,1135000,17.2,92.2,Average
PERF_005349,EMP_0446,2026-05-01,1371000,5.4,92.8,Good
PERF_005350,EMP_0446,2026-06-01,959000,8.2,95.0,Excellent
PERF_005351,EMP_0446,2026-07-01,868000,2.0,91.1,Good
PERF_005352,EMP_0446,2026-08-01,1211000,12.9,97.9,Good
PERF_005353,EMP_0447,2025-09-01,463000,4.5,96.1,Good
PERF_005354,EMP_0447,2025-10-01,529000,3.5,91.5,Good
PERF_005355,EMP_0447,2025-11-01,403000,17.1,87.4,Good
PERF_005356,EMP_0447,2025-12-01,438000,13.0,88.2,Good
PERF_005357,EMP_0447,2026-01-01,596000,4.8,91.6,Average
PERF_005358,EMP_0447,2026-02-01,572000,3.5,94.1,Good
PERF_005359,EMP_0447,2026-03-01,500000,9.5,95.8,Good
PERF_005360,EMP_0447,2026-04-01,412000,14.2,91.0,Good
PERF_005361,EMP_0447,2026-05-01,460000,16.6,93.4,Good
PERF_005362,EMP_0447,2026-06-01,257000,15.9,100.0,Good
PERF_005363,EMP_0447,2026-07-01,496000,2.2,95.3,Good
PERF_005364,EMP_0447,2026-08-01,545000,14.9,91.1,Excellent
PERF_005365,EMP_0448,2025-09-01,394000,9.5,91.6,Good
PERF_005366,EMP_0448,2025-10-01,435000,10.9,94.0,Good
PERF_005367,EMP_0448,2025-11-01,343000,10.3,93.4,Good
PERF_005368,EMP_0448,2025-12-01,571000,2.9,93.3,Excellent
PERF_005369,EMP_0448,2026-01-01,512000,4.8,93.0,Average
PERF_005370,EMP_0448,2026-02-01,552000,5.0,89.9,Average
PERF_005371,EMP_0448,2026-03-01,310000,16.4,98.0,Good
PERF_005372,EMP_0448,2026-04-01,427000,16.0,89.9,Good
PERF_005373,EMP_0448,2026-05-01,597000,3.3,90.1,Average
PERF_005374,EMP_0448,2026-06-01,287000,7.4,92.6,Average
PERF_005375,EMP_0448,2026-07-01,558000,16.7,90.8,Excellent
PERF_005376,EMP_0448,2026-08-01,532000,4.4,89.0,Good
PERF_005377,EMP_0449,2025-09-01,598000,14.9,90.4,Good
PERF_005378,EMP_0449,2025-10-01,960000,15.6,91.1,Good
PERF_005379,EMP_0449,2025-11-01,1488000,8.1,92.0,Needs Improvement
PERF_005380,EMP_0449,2025-12-01,1161000,6.0,89.7,Excellent
PERF_005381,EMP_0449,2026-01-01,1078000,3.0,91.0,Good
PERF_005382,EMP_0449,2026-02-01,767000,4.6,86.5,Excellent
PERF_005383,EMP_0449,2026-03-01,755000,9.4,95.3,Average
PERF_005384,EMP_0449,2026-04-01,504000,2.9,91.2,Average
PERF_005385,EMP_0449,2026-05-01,949000,5.9,100.0,Good
PERF_005386,EMP_0449,2026-06-01,841000,3.6,91.6,Good
PERF_005387,EMP_0449,2026-07-01,1176000,5.9,93.4,Average
PERF_005388,EMP_0449,2026-08-01,1104000,11.1,88.7,Good
PERF_005389,EMP_0450,2025-09-01,1231000,7.9,97.9,Good
PERF_005390,EMP_0450,2025-10-01,1345000,14.0,86.7,Average
PERF_005391,EMP_0450,2025-11-01,1440000,13.2,86.5,Average
PERF_005392,EMP_0450,2025-12-01,1101000,12.2,98.3,Good
PERF_005393,EMP_0450,2026-01-01,640000,6.3,96.7,Average
PERF_005394,EMP_0450,2026-02-01,1071000,17.3,93.7,Good
PERF_005395,EMP_0450,2026-03-01,565000,11.3,89.9,Needs Improvement
PERF_005396,EMP_0450,2026-04-01,904000,10.3,96.0,Excellent
PERF_005397,EMP_0450,2026-05-01,634000,6.9,86.6,Average
PERF_005398,EMP_0450,2026-06-01,573000,16.1,93.8,Excellent
PERF_005399,EMP_0450,2026-07-01,660000,10.7,97.7,Good
PERF_005400,EMP_0450,2026-08-01,1314000,10.8,90.7,Good
PERF_005401,EMP_0451,2025-09-01,1005000,5.7,89.2,Excellent
PERF_005402,EMP_0451,2025-10-01,1162000,17.5,95.6,Average
PERF_005403,EMP_0451,2025-11-01,655000,13.1,93.0,Good
PERF_005404,EMP_0451,2025-12-01,1376000,17.4,98.3,Good
PERF_005405,EMP_0451,2026-01-01,1424000,6.0,92.6,Average
PERF_005406,EMP_0451,2026-02-01,1253000,7.3,94.8,Excellent
PERF_005407,EMP_0451,2026-03-01,681000,3.7,95.2,Average
PERF_005408,EMP_0451,2026-04-01,1437000,3.2,91.9,Good
PERF_005409,EMP_0451,2026-05-01,1226000,12.0,92.0,Good
PERF_005410,EMP_0451,2026-06-01,807000,15.3,91.4,Good
PERF_005411,EMP_0451,2026-07-01,1149000,14.0,92.7,Excellent
PERF_005412,EMP_0451,2026-08-01,920000,14.7,87.5,Good
PERF_005413,EMP_0452,2025-09-01,218000,14.1,88.8,Good
PERF_005414,EMP_0452,2025-10-01,295000,13.8,98.4,Good
PERF_005415,EMP_0452,2025-11-01,537000,17.3,99.7,Excellent
PERF_005416,EMP_0452,2025-12-01,403000,11.5,91.7,Excellent
PERF_005417,EMP_0452,2026-01-01,359000,14.2,100.0,Good
PERF_005418,EMP_0452,2026-02-01,518000,16.4,88.2,Good
PERF_005419,EMP_0452,2026-03-01,400000,12.8,100.0,Good
PERF_005420,EMP_0452,2026-04-01,389000,14.9,88.7,Excellent
PERF_005421,EMP_0452,2026-05-01,253000,15.2,93.9,Good
PERF_005422,EMP_0452,2026-06-01,468000,14.9,94.1,Good
PERF_005423,EMP_0452,2026-07-01,386000,15.7,98.5,Needs Improvement
PERF_005424,EMP_0452,2026-08-01,270000,7.3,93.2,Excellent
PERF_005425,EMP_0453,2025-09-01,315000,4.4,94.3,Good
PERF_005426,EMP_0453,2025-10-01,534000,17.6,93.7,Good
PERF_005427,EMP_0453,2025-11-01,517000,12.4,97.0,Good
PERF_005428,EMP_0453,2025-12-01,350000,15.6,91.5,Good
PERF_005429,EMP_0453,2026-01-01,344000,2.0,99.5,Good
PERF_005430,EMP_0453,2026-02-01,246000,13.7,93.1,Good
PERF_005431,EMP_0453,2026-03-01,432000,6.1,94.2,Good
PERF_005432,EMP_0453,2026-04-01,317000,2.9,97.6,Excellent
PERF_005433,EMP_0453,2026-05-01,282000,6.4,91.5,Average
PERF_005434,EMP_0453,2026-06-01,496000,10.7,95.8,Good
PERF_005435,EMP_0453,2026-07-01,406000,11.3,97.0,Average
PERF_005436,EMP_0453,2026-08-01,229000,16.0,91.1,Good
PERF_005437,EMP_0454,2025-09-01,348000,8.7,90.1,Good
PERF_005438,EMP_0454,2025-10-01,409000,14.0,100.0,Good
PERF_005439,EMP_0454,2025-11-01,392000,4.5,82.0,Average
PERF_005440,EMP_0454,2025-12-01,437000,17.7,98.5,Good
PERF_005441,EMP_0454,2026-01-01,492000,9.8,96.5,Good
PERF_005442,EMP_0454,2026-02-01,388000,10.8,100.0,Excellent
PERF_005443,EMP_0454,2026-03-01,383000,12.6,94.9,Average
PERF_005444,EMP_0454,2026-04-01,370000,7.5,93.9,Good
PERF_005445,EMP_0454,2026-05-01,239000,4.9,94.0,Good
PERF_005446,EMP_0454,2026-06-01,505000,10.5,90.9,Excellent
PERF_005447,EMP_0454,2026-07-01,462000,2.5,89.8,Average
PERF_005448,EMP_0454,2026-08-01,487000,6.1,93.4,Average
PERF_005449,EMP_0455,2025-09-01,358000,6.4,95.4,Average
PERF_005450,EMP_0455,2025-10-01,216000,3.0,93.5,Good
PERF_005451,EMP_0455,2025-11-01,238000,7.3,90.1,Average
PERF_005452,EMP_0455,2025-12-01,551000,17.6,85.7,Good
PERF_005453,EMP_0455,2026-01-01,296000,12.6,93.7,Good
PERF_005454,EMP_0455,2026-02-01,596000,7.9,92.7,Excellent
PERF_005455,EMP_0455,2026-03-01,359000,7.0,95.3,Average
PERF_005456,EMP_0455,2026-04-01,539000,11.7,91.6,Average
PERF_005457,EMP_0455,2026-05-01,218000,8.6,83.7,Excellent
PERF_005458,EMP_0455,2026-06-01,409000,3.4,97.0,Good
PERF_005459,EMP_0455,2026-07-01,461000,2.3,92.4,Good
PERF_005460,EMP_0455,2026-08-01,376000,4.6,89.9,Excellent
PERF_005461,EMP_0456,2025-09-01,232000,11.4,94.3,Good
PERF_005462,EMP_0456,2025-10-01,399000,7.1,93.5,Excellent
PERF_005463,EMP_0456,2025-11-01,437000,15.3,93.4,Excellent
PERF_005464,EMP_0456,2025-12-01,531000,3.8,91.9,Excellent
PERF_005465,EMP_0456,2026-01-01,590000,8.2,90.1,Average
PERF_005466,EMP_0456,2026-02-01,428000,6.0,100.0,Good
PERF_005467,EMP_0456,2026-03-01,435000,16.8,97.6,Good
PERF_005468,EMP_0456,2026-04-01,373000,14.0,93.8,Good
PERF_005469,EMP_0456,2026-05-01,359000,6.0,90.2,Excellent
PERF_005470,EMP_0456,2026-06-01,433000,10.3,92.5,Good
PERF_005471,EMP_0456,2026-07-01,203000,2.5,88.3,Excellent
PERF_005472,EMP_0456,2026-08-01,254000,3.5,90.3,Good
PERF_005473,EMP_0457,2025-09-01,1311000,8.0,90.2,Good
PERF_005474,EMP_0457,2025-10-01,1266000,10.7,96.0,Good
PERF_005475,EMP_0457,2025-11-01,610000,5.2,86.1,Excellent
PERF_005476,EMP_0457,2025-12-01,705000,13.3,90.2,Average
PERF_005477,EMP_0457,2026-01-01,572000,5.6,96.1,Good
PERF_005478,EMP_0457,2026-02-01,1308000,15.0,92.1,Needs Improvement
PERF_005479,EMP_0457,2026-03-01,1461000,15.0,96.4,Good
PERF_005480,EMP_0457,2026-04-01,1381000,12.8,92.8,Average
PERF_005481,EMP_0457,2026-05-01,1167000,11.8,95.0,Good
PERF_005482,EMP_0457,2026-06-01,1496000,7.4,85.7,Good
PERF_005483,EMP_0457,2026-07-01,616000,6.9,89.3,Average
PERF_005484,EMP_0457,2026-08-01,1447000,6.0,90.2,Average
PERF_005485,EMP_0458,2025-09-01,542000,9.1,100.0,Good
PERF_005486,EMP_0458,2025-10-01,220000,4.7,99.1,Excellent
PERF_005487,EMP_0458,2025-11-01,230000,11.9,94.3,Average
PERF_005488,EMP_0458,2025-12-01,534000,10.3,93.1,Good
PERF_005489,EMP_0458,2026-01-01,355000,2.8,95.2,Good
PERF_005490,EMP_0458,2026-02-01,513000,4.7,92.1,Good
PERF_005491,EMP_0458,2026-03-01,477000,5.7,91.6,Good
PERF_005492,EMP_0458,2026-04-01,489000,8.7,91.3,Excellent
PERF_005493,EMP_0458,2026-05-01,576000,12.4,100.0,Average
PERF_005494,EMP_0458,2026-06-01,205000,17.8,85.1,Good
PERF_005495,EMP_0458,2026-07-01,555000,10.0,96.6,Excellent
PERF_005496,EMP_0458,2026-08-01,530000,3.4,95.3,Good
PERF_005497,EMP_0459,2025-09-01,396000,7.9,95.2,Average
PERF_005498,EMP_0459,2025-10-01,402000,5.2,86.0,Average
PERF_005499,EMP_0459,2025-11-01,201000,14.2,94.0,Excellent
PERF_005500,EMP_0459,2025-12-01,586000,7.6,92.4,Average
PERF_005501,EMP_0459,2026-01-01,353000,12.6,96.4,Excellent
PERF_005502,EMP_0459,2026-02-01,504000,6.2,87.6,Average
PERF_005503,EMP_0459,2026-03-01,525000,15.9,90.7,Good
PERF_005504,EMP_0459,2026-04-01,307000,11.0,93.0,Good
PERF_005505,EMP_0459,2026-05-01,356000,14.1,100.0,Good
PERF_005506,EMP_0459,2026-06-01,407000,4.9,92.3,Needs Improvement
PERF_005507,EMP_0459,2026-07-01,316000,8.9,95.4,Average
PERF_005508,EMP_0459,2026-08-01,382000,5.9,93.0,Good
PERF_005509,EMP_0460,2025-09-01,1346000,15.1,100.0,Good
PERF_005510,EMP_0460,2025-10-01,1256000,17.9,90.2,Average
PERF_005511,EMP_0460,2025-11-01,752000,10.7,96.5,Average
PERF_005512,EMP_0460,2025-12-01,783000,15.0,89.7,Good
PERF_005513,EMP_0460,2026-01-01,913000,6.1,100.0,Excellent
PERF_005514,EMP_0460,2026-02-01,670000,12.1,95.0,Good
PERF_005515,EMP_0460,2026-03-01,634000,12.9,93.0,Average
PERF_005516,EMP_0460,2026-04-01,591000,8.1,90.0,Average
PERF_005517,EMP_0460,2026-05-01,1488000,8.1,89.4,Good
PERF_005518,EMP_0460,2026-06-01,927000,13.9,90.2,Good
PERF_005519,EMP_0460,2026-07-01,978000,8.1,90.7,Average
PERF_005520,EMP_0460,2026-08-01,1227000,14.1,90.0,Average
PERF_005521,EMP_0461,2025-09-01,418000,11.6,91.7,Average
PERF_005522,EMP_0461,2025-10-01,512000,8.3,90.0,Good
PERF_005523,EMP_0461,2025-11-01,570000,16.7,86.4,Good
PERF_005524,EMP_0461,2025-12-01,514000,6.6,100.0,Excellent
PERF_005525,EMP_0461,2026-01-01,204000,11.5,98.3,Average
PERF_005526,EMP_0461,2026-02-01,419000,6.8,92.6,Good
PERF_005527,EMP_0461,2026-03-01,399000,15.2,98.6,Excellent
PERF_005528,EMP_0461,2026-04-01,325000,16.5,95.6,Excellent
PERF_005529,EMP_0461,2026-05-01,594000,15.7,92.0,Average
PERF_005530,EMP_0461,2026-06-01,302000,3.5,98.6,Good
PERF_005531,EMP_0461,2026-07-01,330000,5.7,98.1,Average
PERF_005532,EMP_0461,2026-08-01,283000,5.9,100.0,Average
PERF_005533,EMP_0462,2025-09-01,483000,15.2,95.5,Good
PERF_005534,EMP_0462,2025-10-01,328000,5.0,94.9,Good
PERF_005535,EMP_0462,2025-11-01,519000,3.4,91.4,Average
PERF_005536,EMP_0462,2025-12-01,213000,3.7,91.9,Excellent
PERF_005537,EMP_0462,2026-01-01,596000,17.4,97.0,Good
PERF_005538,EMP_0462,2026-02-01,335000,12.6,91.6,Needs Improvement
PERF_005539,EMP_0462,2026-03-01,219000,12.1,84.8,Good
PERF_005540,EMP_0462,2026-04-01,549000,10.6,84.2,Average
PERF_005541,EMP_0462,2026-05-01,424000,7.3,95.4,Good
PERF_005542,EMP_0462,2026-06-01,296000,8.9,97.1,Good
PERF_005543,EMP_0462,2026-07-01,285000,13.6,89.7,Excellent
PERF_005544,EMP_0462,2026-08-01,265000,7.2,93.2,Excellent
PERF_005545,EMP_0463,2025-09-01,245000,6.6,94.1,Excellent
PERF_005546,EMP_0463,2025-10-01,521000,9.7,98.9,Average
PERF_005547,EMP_0463,2025-11-01,515000,10.0,94.6,Needs Improvement
PERF_005548,EMP_0463,2025-12-01,577000,13.3,96.4,Good
PERF_005549,EMP_0463,2026-01-01,296000,4.9,87.7,Excellent
PERF_005550,EMP_0463,2026-02-01,571000,4.1,93.9,Good
PERF_005551,EMP_0463,2026-03-01,532000,14.6,88.9,Good
PERF_005552,EMP_0463,2026-04-01,235000,2.4,93.3,Good
PERF_005553,EMP_0463,2026-05-01,406000,10.6,91.4,Good
PERF_005554,EMP_0463,2026-06-01,538000,16.2,98.5,Good
PERF_005555,EMP_0463,2026-07-01,380000,15.7,87.3,Average
PERF_005556,EMP_0463,2026-08-01,453000,4.2,92.0,Good
PERF_005557,EMP_0464,2025-09-01,711000,10.2,94.4,Excellent
PERF_005558,EMP_0464,2025-10-01,888000,9.4,98.1,Average
PERF_005559,EMP_0464,2025-11-01,1246000,5.3,97.3,Good
PERF_005560,EMP_0464,2025-12-01,1358000,17.0,88.0,Average
PERF_005561,EMP_0464,2026-01-01,542000,6.1,92.6,Needs Improvement
PERF_005562,EMP_0464,2026-02-01,1254000,4.9,100.0,Excellent
PERF_005563,EMP_0464,2026-03-01,947000,7.4,95.5,Good
PERF_005564,EMP_0464,2026-04-01,634000,12.7,97.8,Good
PERF_005565,EMP_0464,2026-05-01,1018000,9.4,89.3,Good
PERF_005566,EMP_0464,2026-06-01,606000,4.8,85.7,Excellent
PERF_005567,EMP_0464,2026-07-01,1342000,15.5,99.0,Good
PERF_005568,EMP_0464,2026-08-01,1263000,5.7,96.3,Good
PERF_005569,EMP_0465,2025-09-01,948000,7.6,87.4,Average
PERF_005570,EMP_0465,2025-10-01,1461000,5.8,98.2,Needs Improvement
PERF_005571,EMP_0465,2025-11-01,1033000,6.7,97.0,Excellent
PERF_005572,EMP_0465,2025-12-01,1215000,11.2,84.8,Average
PERF_005573,EMP_0465,2026-01-01,1493000,8.6,85.2,Average
PERF_005574,EMP_0465,2026-02-01,826000,7.8,88.8,Excellent
PERF_005575,EMP_0465,2026-03-01,1208000,6.8,98.5,Good
PERF_005576,EMP_0465,2026-04-01,1363000,2.3,89.6,Good
PERF_005577,EMP_0465,2026-05-01,887000,4.3,97.9,Good
PERF_005578,EMP_0465,2026-06-01,604000,13.9,86.9,Good
PERF_005579,EMP_0465,2026-07-01,577000,2.3,82.1,Good
PERF_005580,EMP_0465,2026-08-01,805000,5.5,92.9,Good
PERF_005581,EMP_0466,2025-09-01,764000,9.7,90.1,Good
PERF_005582,EMP_0466,2025-10-01,1177000,12.8,97.5,Good
PERF_005583,EMP_0466,2025-11-01,1041000,9.6,96.7,Average
PERF_005584,EMP_0466,2025-12-01,693000,3.0,88.4,Average
PERF_005585,EMP_0466,2026-01-01,1114000,12.0,86.8,Excellent
PERF_005586,EMP_0466,2026-02-01,1432000,12.0,98.5,Average
PERF_005587,EMP_0466,2026-03-01,1103000,17.4,94.0,Average
PERF_005588,EMP_0466,2026-04-01,1426000,12.4,92.6,Good
PERF_005589,EMP_0466,2026-05-01,918000,5.5,98.9,Good
PERF_005590,EMP_0466,2026-06-01,1106000,15.1,96.7,Average
PERF_005591,EMP_0466,2026-07-01,1220000,11.4,89.3,Needs Improvement
PERF_005592,EMP_0466,2026-08-01,955000,3.8,94.5,Average
PERF_005593,EMP_0467,2025-09-01,1326000,2.5,100.0,Good
PERF_005594,EMP_0467,2025-10-01,649000,4.6,92.9,Good
PERF_005595,EMP_0467,2025-11-01,1183000,17.6,87.8,Average
PERF_005596,EMP_0467,2025-12-01,1318000,9.8,100.0,Average
PERF_005597,EMP_0467,2026-01-01,1205000,16.0,88.3,Good
PERF_005598,EMP_0467,2026-02-01,790000,15.9,94.8,Good
PERF_005599,EMP_0467,2026-03-01,1125000,13.6,87.9,Excellent
PERF_005600,EMP_0467,2026-04-01,833000,5.3,93.7,Excellent
PERF_005601,EMP_0467,2026-05-01,894000,9.3,90.6,Excellent
PERF_005602,EMP_0467,2026-06-01,1083000,17.4,92.0,Good
PERF_005603,EMP_0467,2026-07-01,1241000,13.1,96.4,Good
PERF_005604,EMP_0467,2026-08-01,1174000,4.3,93.9,Good
PERF_005605,EMP_0468,2025-09-01,1012000,11.8,93.2,Average
PERF_005606,EMP_0468,2025-10-01,915000,7.6,94.4,Excellent
PERF_005607,EMP_0468,2025-11-01,1353000,11.9,94.9,Average
PERF_005608,EMP_0468,2025-12-01,1388000,13.1,89.1,Excellent
PERF_005609,EMP_0468,2026-01-01,546000,7.4,94.6,Average
PERF_005610,EMP_0468,2026-02-01,783000,9.6,94.6,Good
PERF_005611,EMP_0468,2026-03-01,1314000,4.8,89.6,Needs Improvement
PERF_005612,EMP_0468,2026-04-01,1407000,2.9,89.0,Excellent
PERF_005613,EMP_0468,2026-05-01,1335000,11.5,92.8,Good
PERF_005614,EMP_0468,2026-06-01,704000,14.8,91.6,Average
PERF_005615,EMP_0468,2026-07-01,985000,12.2,100.0,Needs Improvement
PERF_005616,EMP_0468,2026-08-01,1452000,2.4,95.0,Good
PERF_005617,EMP_0469,2025-09-01,1423000,7.1,97.3,Average
PERF_005618,EMP_0469,2025-10-01,751000,7.6,91.2,Good
PERF_005619,EMP_0469,2025-11-01,1323000,16.2,94.4,Good
PERF_005620,EMP_0469,2025-12-01,1145000,4.7,92.7,Good
PERF_005621,EMP_0469,2026-01-01,625000,15.3,87.3,Average
PERF_005622,EMP_0469,2026-02-01,889000,5.5,96.1,Excellent
PERF_005623,EMP_0469,2026-03-01,611000,7.0,93.7,Good
PERF_005624,EMP_0469,2026-04-01,1463000,7.6,95.1,Good
PERF_005625,EMP_0469,2026-05-01,1457000,3.8,94.6,Average
PERF_005626,EMP_0469,2026-06-01,1312000,16.8,92.4,Good
PERF_005627,EMP_0469,2026-07-01,1069000,2.6,94.1,Good
PERF_005628,EMP_0469,2026-08-01,573000,17.0,92.0,Excellent
PERF_005629,EMP_0470,2025-09-01,1123000,13.8,89.4,Good
PERF_005630,EMP_0470,2025-10-01,1002000,14.6,92.2,Good
PERF_005631,EMP_0470,2025-11-01,509000,8.7,97.8,Excellent
PERF_005632,EMP_0470,2025-12-01,1155000,4.5,99.0,Good
PERF_005633,EMP_0470,2026-01-01,778000,4.7,90.5,Excellent
PERF_005634,EMP_0470,2026-02-01,660000,14.8,93.5,Good
PERF_005635,EMP_0470,2026-03-01,689000,2.1,96.6,Good
PERF_005636,EMP_0470,2026-04-01,626000,9.1,94.8,Good
PERF_005637,EMP_0470,2026-05-01,1457000,8.3,98.6,Excellent
PERF_005638,EMP_0470,2026-06-01,975000,2.7,92.2,Good
PERF_005639,EMP_0470,2026-07-01,790000,16.9,95.0,Excellent
PERF_005640,EMP_0470,2026-08-01,671000,6.8,87.0,Excellent
PERF_005641,EMP_0471,2025-09-01,556000,15.2,95.4,Average
PERF_005642,EMP_0471,2025-10-01,586000,9.7,90.0,Excellent
PERF_005643,EMP_0471,2025-11-01,547000,13.1,91.4,Good
PERF_005644,EMP_0471,2025-12-01,283000,15.8,90.1,Good
PERF_005645,EMP_0471,2026-01-01,219000,6.7,93.6,Average
PERF_005646,EMP_0471,2026-02-01,449000,9.3,90.7,Good
PERF_005647,EMP_0471,2026-03-01,310000,15.8,87.3,Good
PERF_005648,EMP_0471,2026-04-01,242000,16.6,95.3,Good
PERF_005649,EMP_0471,2026-05-01,225000,14.3,100.0,Good
PERF_005650,EMP_0471,2026-06-01,396000,7.0,90.2,Excellent
PERF_005651,EMP_0471,2026-07-01,524000,4.6,94.1,Average
PERF_005652,EMP_0471,2026-08-01,524000,2.0,93.2,Good
PERF_005653,EMP_0472,2025-09-01,1161000,18.0,85.0,Excellent
PERF_005654,EMP_0472,2025-10-01,1076000,6.7,89.4,Good
PERF_005655,EMP_0472,2025-11-01,900000,14.4,89.4,Excellent
PERF_005656,EMP_0472,2025-12-01,940000,9.8,93.8,Good
PERF_005657,EMP_0472,2026-01-01,1283000,11.0,90.5,Needs Improvement
PERF_005658,EMP_0472,2026-02-01,885000,14.6,98.1,Average
PERF_005659,EMP_0472,2026-03-01,1010000,5.3,92.9,Good
PERF_005660,EMP_0472,2026-04-01,666000,5.2,99.9,Excellent
PERF_005661,EMP_0472,2026-05-01,1482000,11.0,93.1,Average
PERF_005662,EMP_0472,2026-06-01,634000,16.5,96.3,Good
PERF_005663,EMP_0472,2026-07-01,928000,8.5,96.6,Good
PERF_005664,EMP_0472,2026-08-01,507000,4.4,94.6,Excellent
PERF_005665,EMP_0473,2025-09-01,534000,3.6,97.3,Good
PERF_005666,EMP_0473,2025-10-01,340000,12.4,92.8,Good
PERF_005667,EMP_0473,2025-11-01,287000,14.9,87.9,Good
PERF_005668,EMP_0473,2025-12-01,418000,14.7,94.2,Good
PERF_005669,EMP_0473,2026-01-01,240000,4.1,89.0,Excellent
PERF_005670,EMP_0473,2026-02-01,383000,12.0,90.6,Average
PERF_005671,EMP_0473,2026-03-01,374000,11.7,88.5,Good
PERF_005672,EMP_0473,2026-04-01,227000,17.9,90.3,Good
PERF_005673,EMP_0473,2026-05-01,400000,7.6,91.7,Good
PERF_005674,EMP_0473,2026-06-01,320000,5.2,97.9,Good
PERF_005675,EMP_0473,2026-07-01,250000,2.3,93.9,Good
PERF_005676,EMP_0473,2026-08-01,468000,4.6,96.5,Needs Improvement
PERF_005677,EMP_0474,2025-09-01,844000,16.3,96.2,Good
PERF_005678,EMP_0474,2025-10-01,553000,3.5,91.1,Good
PERF_005679,EMP_0474,2025-11-01,1393000,10.9,91.8,Average
PERF_005680,EMP_0474,2025-12-01,1072000,14.3,96.1,Average
PERF_005681,EMP_0474,2026-01-01,523000,9.1,95.5,Average
PERF_005682,EMP_0474,2026-02-01,701000,4.5,95.6,Excellent
PERF_005683,EMP_0474,2026-03-01,1267000,16.5,95.1,Average
PERF_005684,EMP_0474,2026-04-01,1122000,11.3,96.6,Average
PERF_005685,EMP_0474,2026-05-01,925000,15.9,100.0,Good
PERF_005686,EMP_0474,2026-06-01,1234000,11.3,86.9,Excellent
PERF_005687,EMP_0474,2026-07-01,1470000,9.6,91.0,Good
PERF_005688,EMP_0474,2026-08-01,517000,11.5,91.9,Average
PERF_005689,EMP_0475,2025-09-01,576000,13.1,89.5,Average
PERF_005690,EMP_0475,2025-10-01,1084000,9.1,93.7,Good
PERF_005691,EMP_0475,2025-11-01,1096000,8.0,97.9,Average
PERF_005692,EMP_0475,2025-12-01,632000,16.0,89.9,Average
PERF_005693,EMP_0475,2026-01-01,1293000,6.9,94.1,Good
PERF_005694,EMP_0475,2026-02-01,1011000,7.1,93.1,Good
PERF_005695,EMP_0475,2026-03-01,1433000,3.4,94.1,Average
PERF_005696,EMP_0475,2026-04-01,1391000,12.6,89.8,Excellent
PERF_005697,EMP_0475,2026-05-01,926000,16.8,94.5,Good
PERF_005698,EMP_0475,2026-06-01,1486000,5.3,91.4,Good
PERF_005699,EMP_0475,2026-07-01,529000,17.7,96.1,Good
PERF_005700,EMP_0475,2026-08-01,1136000,5.4,94.6,Good
PERF_005701,EMP_0476,2025-09-01,597000,14.7,94.0,Good
PERF_005702,EMP_0476,2025-10-01,945000,3.4,94.5,Good
PERF_005703,EMP_0476,2025-11-01,796000,16.1,91.3,Average
PERF_005704,EMP_0476,2025-12-01,831000,8.1,92.9,Good
PERF_005705,EMP_0476,2026-01-01,1347000,3.9,99.3,Average
PERF_005706,EMP_0476,2026-02-01,898000,16.8,100.0,Good
PERF_005707,EMP_0476,2026-03-01,1307000,12.3,97.7,Excellent
PERF_005708,EMP_0476,2026-04-01,1166000,17.7,92.3,Good
PERF_005709,EMP_0476,2026-05-01,567000,8.1,98.6,Average
PERF_005710,EMP_0476,2026-06-01,1114000,10.6,95.7,Average
PERF_005711,EMP_0476,2026-07-01,955000,9.4,88.1,Good
PERF_005712,EMP_0476,2026-08-01,986000,2.5,95.1,Good
PERF_005713,EMP_0477,2025-09-01,451000,8.7,93.5,Needs Improvement
PERF_005714,EMP_0477,2025-10-01,573000,15.1,89.8,Good
PERF_005715,EMP_0477,2025-11-01,391000,9.3,97.8,Good
PERF_005716,EMP_0477,2025-12-01,331000,11.7,90.9,Good
PERF_005717,EMP_0477,2026-01-01,417000,3.8,91.7,Good
PERF_005718,EMP_0477,2026-02-01,592000,14.9,88.7,Good
PERF_005719,EMP_0477,2026-03-01,550000,14.4,90.3,Good
PERF_005720,EMP_0477,2026-04-01,510000,5.7,95.1,Good
PERF_005721,EMP_0477,2026-05-01,543000,2.6,87.9,Excellent
PERF_005722,EMP_0477,2026-06-01,381000,16.5,90.5,Average
PERF_005723,EMP_0477,2026-07-01,249000,2.9,90.0,Excellent
PERF_005724,EMP_0477,2026-08-01,254000,15.3,96.5,Good
PERF_005725,EMP_0478,2025-09-01,305000,9.0,86.2,Good
PERF_005726,EMP_0478,2025-10-01,240000,16.5,98.6,Average
PERF_005727,EMP_0478,2025-11-01,213000,6.6,89.5,Good
PERF_005728,EMP_0478,2025-12-01,474000,9.8,95.0,Excellent
PERF_005729,EMP_0478,2026-01-01,372000,16.3,92.6,Good
PERF_005730,EMP_0478,2026-02-01,225000,14.7,97.0,Average
PERF_005731,EMP_0478,2026-03-01,452000,10.4,90.9,Good
PERF_005732,EMP_0478,2026-04-01,335000,9.6,92.2,Good
PERF_005733,EMP_0478,2026-05-01,271000,12.8,93.0,Average
PERF_005734,EMP_0478,2026-06-01,387000,12.8,92.8,Excellent
PERF_005735,EMP_0478,2026-07-01,206000,5.2,88.0,Good
PERF_005736,EMP_0478,2026-08-01,389000,15.3,92.7,Average
PERF_005737,EMP_0479,2025-09-01,710000,2.2,95.6,Good
PERF_005738,EMP_0479,2025-10-01,1325000,17.1,97.8,Needs Improvement
PERF_005739,EMP_0479,2025-11-01,1320000,8.1,90.4,Good
PERF_005740,EMP_0479,2025-12-01,1207000,15.9,93.0,Average
PERF_005741,EMP_0479,2026-01-01,743000,17.4,94.7,Average
PERF_005742,EMP_0479,2026-02-01,1346000,6.3,87.8,Good
PERF_005743,EMP_0479,2026-03-01,1104000,2.4,92.2,Good
PERF_005744,EMP_0479,2026-04-01,1294000,14.1,96.3,Good
PERF_005745,EMP_0479,2026-05-01,600000,15.3,91.1,Good
PERF_005746,EMP_0479,2026-06-01,1150000,2.3,94.6,Excellent
PERF_005747,EMP_0479,2026-07-01,775000,5.8,79.2,Good
PERF_005748,EMP_0479,2026-08-01,758000,3.3,99.8,Good
PERF_005749,EMP_0480,2025-09-01,381000,7.2,100.0,Average
PERF_005750,EMP_0480,2025-10-01,372000,2.0,90.7,Good
PERF_005751,EMP_0480,2025-11-01,315000,2.2,97.3,Needs Improvement
PERF_005752,EMP_0480,2025-12-01,582000,3.7,96.3,Good
PERF_005753,EMP_0480,2026-01-01,504000,7.9,93.1,Average
PERF_005754,EMP_0480,2026-02-01,270000,4.5,94.8,Average
PERF_005755,EMP_0480,2026-03-01,574000,8.8,100.0,Average
PERF_005756,EMP_0480,2026-04-01,407000,6.2,97.4,Average
PERF_005757,EMP_0480,2026-05-01,226000,17.7,90.8,Average
PERF_005758,EMP_0480,2026-06-01,342000,12.3,92.0,Average
PERF_005759,EMP_0480,2026-07-01,364000,15.0,98.4,Good
PERF_005760,EMP_0480,2026-08-01,303000,3.6,91.2,Average
PERF_005761,EMP_0481,2025-09-01,547000,14.2,92.9,Good
PERF_005762,EMP_0481,2025-10-01,366000,7.2,90.7,Average
PERF_005763,EMP_0481,2025-11-01,262000,4.0,90.2,Good
PERF_005764,EMP_0481,2025-12-01,223000,14.0,82.3,Good
PERF_005765,EMP_0481,2026-01-01,313000,15.7,88.6,Needs Improvement
PERF_005766,EMP_0481,2026-02-01,400000,14.4,92.3,Good
PERF_005767,EMP_0481,2026-03-01,325000,16.3,88.6,Excellent
PERF_005768,EMP_0481,2026-04-01,479000,6.1,96.3,Good
PERF_005769,EMP_0481,2026-05-01,413000,9.1,89.4,Average
PERF_005770,EMP_0481,2026-06-01,512000,6.4,95.3,Good
PERF_005771,EMP_0481,2026-07-01,336000,6.0,96.1,Good
PERF_005772,EMP_0481,2026-08-01,309000,4.5,93.8,Average
PERF_005773,EMP_0482,2025-09-01,1148000,3.9,94.7,Average
PERF_005774,EMP_0482,2025-10-01,1101000,14.3,92.2,Excellent
PERF_005775,EMP_0482,2025-11-01,860000,15.4,90.8,Good
PERF_005776,EMP_0482,2025-12-01,886000,3.9,93.0,Average
PERF_005777,EMP_0482,2026-01-01,1112000,8.5,91.5,Average
PERF_005778,EMP_0482,2026-02-01,1040000,2.6,96.1,Good
PERF_005779,EMP_0482,2026-03-01,859000,6.1,99.5,Average
PERF_005780,EMP_0482,2026-04-01,1128000,10.9,93.5,Good
PERF_005781,EMP_0482,2026-05-01,1082000,17.8,93.0,Good
PERF_005782,EMP_0482,2026-06-01,668000,15.0,92.6,Average
PERF_005783,EMP_0482,2026-07-01,813000,7.6,96.7,Excellent
PERF_005784,EMP_0482,2026-08-01,872000,14.1,94.4,Excellent
PERF_005785,EMP_0483,2025-09-01,1442000,13.6,100.0,Good
PERF_005786,EMP_0483,2025-10-01,905000,7.5,96.8,Excellent
PERF_005787,EMP_0483,2025-11-01,759000,16.8,99.1,Good
PERF_005788,EMP_0483,2025-12-01,1261000,8.1,89.1,Good
PERF_005789,EMP_0483,2026-01-01,881000,6.5,91.0,Good
PERF_005790,EMP_0483,2026-02-01,777000,13.1,98.1,Good
PERF_005791,EMP_0483,2026-03-01,1028000,12.1,96.8,Good
PERF_005792,EMP_0483,2026-04-01,863000,5.5,88.4,Good
PERF_005793,EMP_0483,2026-05-01,986000,12.4,99.5,Average
PERF_005794,EMP_0483,2026-06-01,675000,5.6,91.2,Good
PERF_005795,EMP_0483,2026-07-01,845000,15.8,92.2,Good
PERF_005796,EMP_0483,2026-08-01,1087000,15.9,94.1,Excellent
PERF_005797,EMP_0484,2025-09-01,589000,5.0,94.8,Good
PERF_005798,EMP_0484,2025-10-01,441000,10.8,93.5,Average
PERF_005799,EMP_0484,2025-11-01,432000,6.6,96.3,Excellent
PERF_005800,EMP_0484,2025-12-01,221000,7.6,99.4,Good
PERF_005801,EMP_0484,2026-01-01,345000,2.5,93.6,Excellent
PERF_005802,EMP_0484,2026-02-01,534000,11.2,92.4,Good
PERF_005803,EMP_0484,2026-03-01,251000,4.7,88.0,Good
PERF_005804,EMP_0484,2026-04-01,409000,8.1,90.8,Excellent
PERF_005805,EMP_0484,2026-05-01,339000,15.0,94.1,Good
PERF_005806,EMP_0484,2026-06-01,479000,12.2,97.2,Good
PERF_005807,EMP_0484,2026-07-01,415000,9.0,89.2,Good
PERF_005808,EMP_0484,2026-08-01,578000,4.6,94.5,Excellent
PERF_005809,EMP_0485,2025-09-01,525000,15.9,97.4,Good
PERF_005810,EMP_0485,2025-10-01,1136000,7.3,97.2,Good
PERF_005811,EMP_0485,2025-11-01,1306000,5.0,93.4,Good
PERF_005812,EMP_0485,2025-12-01,771000,13.7,93.9,Average
PERF_005813,EMP_0485,2026-01-01,1366000,5.0,88.5,Excellent
PERF_005814,EMP_0485,2026-02-01,1277000,15.0,94.9,Average
PERF_005815,EMP_0485,2026-03-01,1236000,5.3,90.1,Average
PERF_005816,EMP_0485,2026-04-01,588000,4.3,97.7,Good
PERF_005817,EMP_0485,2026-05-01,1057000,16.5,84.7,Needs Improvement
PERF_005818,EMP_0485,2026-06-01,1463000,4.7,92.5,Good
PERF_005819,EMP_0485,2026-07-01,1273000,17.4,97.9,Average
PERF_005820,EMP_0485,2026-08-01,1329000,4.2,92.7,Good
PERF_005821,EMP_0486,2025-09-01,1499000,14.4,91.2,Good
PERF_005822,EMP_0486,2025-10-01,1353000,17.0,90.4,Excellent
PERF_005823,EMP_0486,2025-11-01,1131000,12.9,98.1,Excellent
PERF_005824,EMP_0486,2025-12-01,1073000,16.6,93.9,Average
PERF_005825,EMP_0486,2026-01-01,888000,14.8,89.3,Average
PERF_005826,EMP_0486,2026-02-01,1050000,10.2,93.0,Good
PERF_005827,EMP_0486,2026-03-01,1193000,16.0,92.6,Good
PERF_005828,EMP_0486,2026-04-01,1128000,16.4,91.4,Average
PERF_005829,EMP_0486,2026-05-01,915000,14.4,94.7,Good
PERF_005830,EMP_0486,2026-06-01,1162000,6.7,92.3,Excellent
PERF_005831,EMP_0486,2026-07-01,606000,3.2,96.1,Good
PERF_005832,EMP_0486,2026-08-01,575000,16.8,92.5,Good
PERF_005833,EMP_0487,2025-09-01,491000,10.5,96.5,Good
PERF_005834,EMP_0487,2025-10-01,219000,4.9,90.5,Average
PERF_005835,EMP_0487,2025-11-01,315000,3.9,89.9,Average
PERF_005836,EMP_0487,2025-12-01,303000,9.0,95.0,Excellent
PERF_005837,EMP_0487,2026-01-01,356000,8.9,90.6,Good
PERF_005838,EMP_0487,2026-02-01,391000,17.1,88.7,Good
PERF_005839,EMP_0487,2026-03-01,315000,11.9,91.0,Good
PERF_005840,EMP_0487,2026-04-01,432000,11.2,88.4,Needs Improvement
PERF_005841,EMP_0487,2026-05-01,243000,8.2,86.6,Average
PERF_005842,EMP_0487,2026-06-01,540000,15.6,91.3,Good
PERF_005843,EMP_0487,2026-07-01,233000,13.8,99.5,Good
PERF_005844,EMP_0487,2026-08-01,263000,14.4,95.9,Excellent
PERF_005845,EMP_0488,2025-09-01,221000,9.5,93.9,Excellent
PERF_005846,EMP_0488,2025-10-01,209000,12.8,91.2,Good
PERF_005847,EMP_0488,2025-11-01,559000,4.9,93.6,Average
PERF_005848,EMP_0488,2025-12-01,279000,14.2,88.8,Excellent
PERF_005849,EMP_0488,2026-01-01,402000,13.6,100.0,Average
PERF_005850,EMP_0488,2026-02-01,312000,2.1,100.0,Good
PERF_005851,EMP_0488,2026-03-01,398000,15.1,93.0,Good
PERF_005852,EMP_0488,2026-04-01,505000,10.9,92.3,Excellent
PERF_005853,EMP_0488,2026-05-01,488000,12.9,88.8,Good
PERF_005854,EMP_0488,2026-06-01,254000,17.9,94.0,Good
PERF_005855,EMP_0488,2026-07-01,271000,6.6,95.4,Average
PERF_005856,EMP_0488,2026-08-01,214000,3.4,96.5,Excellent
PERF_005857,EMP_0489,2025-09-01,423000,14.2,96.4,Needs Improvement
PERF_005858,EMP_0489,2025-10-01,513000,14.4,90.2,Average
PERF_005859,EMP_0489,2025-11-01,571000,15.8,91.6,Excellent
PERF_005860,EMP_0489,2025-12-01,539000,5.4,90.1,Good
PERF_005861,EMP_0489,2026-01-01,262000,3.8,90.1,Good
PERF_005862,EMP_0489,2026-02-01,352000,9.4,90.2,Good
PERF_005863,EMP_0489,2026-03-01,237000,17.3,95.4,Good
PERF_005864,EMP_0489,2026-04-01,462000,16.6,95.4,Average
PERF_005865,EMP_0489,2026-05-01,442000,17.0,93.4,Average
PERF_005866,EMP_0489,2026-06-01,289000,5.7,94.0,Good
PERF_005867,EMP_0489,2026-07-01,382000,14.4,90.3,Good
PERF_005868,EMP_0489,2026-08-01,549000,8.9,92.9,Good
PERF_005869,EMP_0490,2025-09-01,877000,14.6,95.0,Good
PERF_005870,EMP_0490,2025-10-01,812000,5.1,90.9,Good
PERF_005871,EMP_0490,2025-11-01,1355000,11.3,95.2,Good
PERF_005872,EMP_0490,2025-12-01,1412000,4.6,100.0,Average
PERF_005873,EMP_0490,2026-01-01,884000,13.9,91.3,Good
PERF_005874,EMP_0490,2026-02-01,1224000,9.3,87.5,Average
PERF_005875,EMP_0490,2026-03-01,1284000,3.8,95.3,Good
PERF_005876,EMP_0490,2026-04-01,691000,12.9,98.9,Needs Improvement
PERF_005877,EMP_0490,2026-05-01,1034000,5.2,100.0,Average
PERF_005878,EMP_0490,2026-06-01,1361000,6.9,97.8,Average
PERF_005879,EMP_0490,2026-07-01,957000,8.0,93.1,Good
PERF_005880,EMP_0490,2026-08-01,890000,3.5,88.6,Good
PERF_005881,EMP_0491,2025-09-01,1065000,8.6,92.0,Excellent
PERF_005882,EMP_0491,2025-10-01,1019000,8.5,95.0,Good
PERF_005883,EMP_0491,2025-11-01,1317000,3.7,95.0,Average
PERF_005884,EMP_0491,2025-12-01,1310000,8.8,92.0,Needs Improvement
PERF_005885,EMP_0491,2026-01-01,558000,6.2,89.6,Average
PERF_005886,EMP_0491,2026-02-01,602000,14.3,89.6,Excellent
PERF_005887,EMP_0491,2026-03-01,732000,15.6,94.9,Good
PERF_005888,EMP_0491,2026-04-01,1192000,15.5,95.1,Good
PERF_005889,EMP_0491,2026-05-01,793000,16.2,93.6,Good
PERF_005890,EMP_0491,2026-06-01,1360000,3.5,96.4,Good
PERF_005891,EMP_0491,2026-07-01,1014000,13.5,98.1,Good
PERF_005892,EMP_0491,2026-08-01,1459000,13.6,93.2,Average
PERF_005893,EMP_0492,2025-09-01,493000,8.0,96.5,Needs Improvement
PERF_005894,EMP_0492,2025-10-01,511000,12.4,95.2,Good
PERF_005895,EMP_0492,2025-11-01,482000,5.1,86.6,Good
PERF_005896,EMP_0492,2025-12-01,279000,3.5,93.0,Good
PERF_005897,EMP_0492,2026-01-01,215000,17.0,93.8,Good
PERF_005898,EMP_0492,2026-02-01,420000,8.9,88.9,Good
PERF_005899,EMP_0492,2026-03-01,330000,10.3,93.0,Needs Improvement
PERF_005900,EMP_0492,2026-04-01,473000,14.6,88.7,Average
PERF_005901,EMP_0492,2026-05-01,371000,14.8,96.9,Good
PERF_005902,EMP_0492,2026-06-01,245000,14.8,86.2,Excellent
PERF_005903,EMP_0492,2026-07-01,350000,15.4,99.0,Average
PERF_005904,EMP_0492,2026-08-01,298000,17.9,91.1,Good
PERF_005905,EMP_0493,2025-09-01,226000,15.7,97.4,Good
PERF_005906,EMP_0493,2025-10-01,342000,14.0,95.5,Average
PERF_005907,EMP_0493,2025-11-01,573000,18.0,92.7,Good
PERF_005908,EMP_0493,2025-12-01,468000,15.5,97.8,Needs Improvement
PERF_005909,EMP_0493,2026-01-01,595000,12.2,89.4,Excellent
PERF_005910,EMP_0493,2026-02-01,407000,14.8,87.5,Excellent
PERF_005911,EMP_0493,2026-03-01,309000,13.2,97.0,Good
PERF_005912,EMP_0493,2026-04-01,548000,9.6,94.4,Excellent
PERF_005913,EMP_0493,2026-05-01,514000,3.0,95.9,Excellent
PERF_005914,EMP_0493,2026-06-01,206000,15.4,93.3,Average
PERF_005915,EMP_0493,2026-07-01,281000,10.8,99.9,Average
PERF_005916,EMP_0493,2026-08-01,408000,6.3,88.3,Average
PERF_005917,EMP_0494,2025-09-01,812000,14.9,99.4,Good
PERF_005918,EMP_0494,2025-10-01,1404000,2.7,95.1,Average
PERF_005919,EMP_0494,2025-11-01,651000,8.3,84.7,Good
PERF_005920,EMP_0494,2025-12-01,1117000,6.8,92.9,Good
PERF_005921,EMP_0494,2026-01-01,1471000,2.2,98.4,Good
PERF_005922,EMP_0494,2026-02-01,1188000,3.9,97.8,Needs Improvement
PERF_005923,EMP_0494,2026-03-01,1299000,13.1,88.7,Needs Improvement
PERF_005924,EMP_0494,2026-04-01,1268000,5.4,91.0,Good
PERF_005925,EMP_0494,2026-05-01,568000,4.4,98.6,Good
PERF_005926,EMP_0494,2026-06-01,989000,3.9,98.3,Good
PERF_005927,EMP_0494,2026-07-01,851000,3.4,88.9,Average
PERF_005928,EMP_0494,2026-08-01,1449000,3.1,87.5,Good
PERF_005929,EMP_0495,2025-09-01,327000,15.9,91.3,Good
PERF_005930,EMP_0495,2025-10-01,465000,12.4,85.7,Good
PERF_005931,EMP_0495,2025-11-01,528000,17.4,91.3,Good
PERF_005932,EMP_0495,2025-12-01,555000,3.9,89.1,Good
PERF_005933,EMP_0495,2026-01-01,250000,7.7,98.1,Excellent
PERF_005934,EMP_0495,2026-02-01,293000,6.0,92.1,Excellent
PERF_005935,EMP_0495,2026-03-01,214000,15.6,86.6,Good
PERF_005936,EMP_0495,2026-04-01,419000,3.2,96.4,Good
PERF_005937,EMP_0495,2026-05-01,523000,16.5,87.6,Needs Improvement
PERF_005938,EMP_0495,2026-06-01,474000,4.4,97.9,Good
PERF_005939,EMP_0495,2026-07-01,405000,11.4,91.5,Average
PERF_005940,EMP_0495,2026-08-01,475000,16.0,91.2,Average
PERF_005941,EMP_0496,2025-09-01,432000,14.1,91.2,Good
PERF_005942,EMP_0496,2025-10-01,573000,2.8,97.6,Average
PERF_005943,EMP_0496,2025-11-01,484000,3.2,94.1,Excellent
PERF_005944,EMP_0496,2025-12-01,362000,9.2,93.3,Excellent
PERF_005945,EMP_0496,2026-01-01,456000,13.6,97.8,Good
PERF_005946,EMP_0496,2026-02-01,338000,13.7,97.8,Good
PERF_005947,EMP_0496,2026-03-01,470000,14.7,90.2,Excellent
PERF_005948,EMP_0496,2026-04-01,363000,11.1,99.4,Good
PERF_005949,EMP_0496,2026-05-01,475000,2.7,87.8,Good
PERF_005950,EMP_0496,2026-06-01,297000,15.8,88.6,Excellent
PERF_005951,EMP_0496,2026-07-01,267000,8.5,94.0,Good
PERF_005952,EMP_0496,2026-08-01,479000,11.7,88.3,Average
PERF_005953,EMP_0497,2025-09-01,614000,11.4,94.8,Needs Improvement
PERF_005954,EMP_0497,2025-10-01,762000,9.1,95.4,Good
PERF_005955,EMP_0497,2025-11-01,853000,4.9,89.7,Good
PERF_005956,EMP_0497,2025-12-01,1136000,17.2,91.0,Average
PERF_005957,EMP_0497,2026-01-01,1232000,5.7,94.6,Average
PERF_005958,EMP_0497,2026-02-01,977000,8.8,89.5,Excellent
PERF_005959,EMP_0497,2026-03-01,535000,5.6,88.5,Good
PERF_005960,EMP_0497,2026-04-01,1090000,5.2,91.8,Excellent
PERF_005961,EMP_0497,2026-05-01,614000,16.7,91.2,Excellent
PERF_005962,EMP_0497,2026-06-01,1262000,9.4,95.6,Good
PERF_005963,EMP_0497,2026-07-01,1132000,6.4,93.5,Excellent
PERF_005964,EMP_0497,2026-08-01,1486000,11.6,95.5,Good
PERF_005965,EMP_0498,2025-09-01,292000,3.5,88.9,Average
PERF_005966,EMP_0498,2025-10-01,315000,3.7,90.6,Excellent
PERF_005967,EMP_0498,2025-11-01,235000,15.2,89.7,Excellent
PERF_005968,EMP_0498,2025-12-01,318000,12.6,88.1,Average
PERF_005969,EMP_0498,2026-01-01,255000,17.3,94.9,Needs Improvement
PERF_005970,EMP_0498,2026-02-01,363000,2.9,99.6,Good
PERF_005971,EMP_0498,2026-03-01,454000,8.3,90.6,Needs Improvement
PERF_005972,EMP_0498,2026-04-01,356000,12.7,94.7,Excellent
PERF_005973,EMP_0498,2026-05-01,228000,16.2,94.3,Average
PERF_005974,EMP_0498,2026-06-01,385000,11.4,89.1,Average
PERF_005975,EMP_0498,2026-07-01,224000,15.2,95.8,Average
PERF_005976,EMP_0498,2026-08-01,438000,14.5,88.5,Average
PERF_005977,EMP_0499,2025-09-01,206000,5.7,89.6,Average
PERF_005978,EMP_0499,2025-10-01,347000,2.7,92.1,Average
PERF_005979,EMP_0499,2025-11-01,370000,9.9,88.6,Average
PERF_005980,EMP_0499,2025-12-01,410000,12.3,98.0,Good
PERF_005981,EMP_0499,2026-01-01,374000,14.5,88.2,Excellent
PERF_005982,EMP_0499,2026-02-01,559000,6.6,95.3,Good
PERF_005983,EMP_0499,2026-03-01,467000,16.7,97.7,Good
PERF_005984,EMP_0499,2026-04-01,402000,6.9,86.6,Good
PERF_005985,EMP_0499,2026-05-01,254000,13.9,95.5,Good
PERF_005986,EMP_0499,2026-06-01,593000,14.6,96.7,Excellent
PERF_005987,EMP_0499,2026-07-01,584000,5.9,88.7,Average
PERF_005988,EMP_0499,2026-08-01,479000,8.8,98.8,Excellent
PERF_005989,EMP_0500,2025-09-01,1449000,15.6,91.4,Good
PERF_005990,EMP_0500,2025-10-01,726000,17.9,92.2,Average
PERF_005991,EMP_0500,2025-11-01,995000,4.3,91.8,Good
PERF_005992,EMP_0500,2025-12-01,1031000,9.8,91.5,Average
PERF_005993,EMP_0500,2026-01-01,881000,2.3,96.1,Needs Improvement
PERF_005994,EMP_0500,2026-02-01,652000,6.0,88.2,Excellent
PERF_005995,EMP_0500,2026-03-01,728000,7.7,88.0,Excellent
PERF_005996,EMP_0500,2026-04-01,967000,9.1,93.9,Good
PERF_005997,EMP_0500,2026-05-01,1206000,9.1,94.4,Average
PERF_005998,EMP_0500,2026-06-01,825000,3.8,88.8,Good
PERF_005999,EMP_0500,2026-07-01,1364000,7.3,90.9,Excellent
PERF_006000,EMP_0500,2026-08-01,1300000,7.2,91.9,Good
